window,start,end,n_days,yrs,cagr_pct,vol_pct,sharpe,sharpe_ar,sortino,max_dd_pct,calmar,n_trades,rt_per_year,hit_rate_pct,avg_hold_days,cost_pct_pv_yr,portfolio,variant
BEAR_2018,2018-01-15,2019-12-31,696,1.96,-4.58,16.69,-0.27,-0.12,-0.32,-28.96,-0.16,954,242.6,39.4,35.0,3.67,l6,production
COVID,2020-01-01,2020-12-31,252,1.0,98.28,31.06,3.16,2.37,3.52,-37.08,2.65,383,191.1,50.3,44.8,2.24,l6,production
POST2021,2021-01-01,2026-08-21,1398,5.63,43.1,25.83,1.67,1.54,2.0,-29.89,1.44,2112,187.4,49.6,47.6,2.77,l6,production
EVAL,2015-07-01,2026-08-21,3479,11.13,41.34,22.58,1.83,1.35,1.96,-37.08,1.11,4681,208.4,47.1,41.6,3.06,l6,production
BEAR_2018,2018-01-15,2019-12-31,696,1.96,-16.09,12.91,-1.25,-0.9,-1.09,-34.74,-0.46,853,217.6,34.3,24.6,3.45,l6,ma_N100_exposure_00
COVID,2020-01-01,2020-12-31,252,1.0,67.19,18.91,3.55,2.82,3.72,-11.02,6.1,308,154.1,55.2,36.3,2.21,l6,ma_N100_exposure_00
POST2021,2021-01-01,2026-08-21,1398,5.63,35.34,20.65,1.71,1.59,1.7,-18.88,1.87,1934,171.6,49.3,36.3,2.65,l6,ma_N100_exposure_00
EVAL,2015-07-01,2026-08-21,3479,11.13,30.36,17.38,1.75,1.32,1.55,-34.74,0.87,4133,184.3,46.4,31.7,2.85,l6,ma_N100_exposure_00
BEAR_2018,2018-01-15,2019-12-31,696,1.96,-17.74,11.75,-1.51,-1.12,-1.4,-35.22,-0.5,1188,178.8,21.1,37.4,2.92,l6,ma_N100_exposure_25
COVID,2020-01-01,2020-12-31,252,1.0,54.47,18.94,2.88,2.4,3.39,-11.62,4.69,325,150.1,40.0,44.9,2.23,l6,ma_N100_exposure_25
POST2021,2021-01-01,2026-08-21,1398,5.63,36.66,19.73,1.86,1.71,2.04,-17.38,2.11,2172,147.7,37.3,50.8,2.3,l6,ma_N100_exposure_25
EVAL,2015-07-01,2026-08-21,3479,11.13,30.19,16.48,1.83,1.38,1.84,-35.22,0.86,4899,162.0,35.7,43.9,2.53,l6,ma_N100_exposure_25
BEAR_2018,2018-01-15,2019-12-31,696,1.96,-15.68,12.49,-1.26,-0.91,-1.21,-34.36,-0.46,1211,178.8,21.4,37.4,2.91,l6,ma_N100_exposure_50
COVID,2020-01-01,2020-12-31,252,1.0,64.18,20.28,3.16,2.56,3.79,-16.53,3.88,324,150.1,42.0,44.9,2.13,l6,ma_N100_exposure_50
POST2021,2021-01-01,2026-08-21,1398,5.63,38.09,20.53,1.86,1.7,2.09,-18.01,2.11,2187,147.7,38.2,50.8,2.29,l6,ma_N100_exposure_50
EVAL,2015-07-01,2026-08-21,3479,11.13,32.37,17.28,1.87,1.4,1.92,-34.36,0.94,4931,162.0,36.4,43.9,2.52,l6,ma_N100_exposure_50
BEAR_2018,2018-01-15,2019-12-31,696,1.96,-13.09,13.47,-0.97,-0.67,-0.98,-33.21,-0.39,1184,178.8,21.7,37.4,2.88,l6,ma_N100_exposure_75
COVID,2020-01-01,2020-12-31,252,1.0,75.31,22.46,3.35,2.62,3.97,-22.22,3.39,326,150.1,43.3,44.9,1.96,l6,ma_N100_exposure_75
POST2021,2021-01-01,2026-08-21,1398,5.63,39.25,21.5,1.83,1.67,2.11,-19.37,2.03,2184,147.7,40.4,50.8,2.28,l6,ma_N100_exposure_75
EVAL,2015-07-01,2026-08-21,3479,11.13,34.5,18.34,1.88,1.4,1.96,-33.21,1.04,4888,162.0,37.7,43.9,2.49,l6,ma_N100_exposure_75
BEAR_2018,2018-01-15,2019-12-31,696,1.96,-10.15,14.6,-0.69,-0.45,-0.73,-31.34,-0.32,702,178.8,37.1,37.4,2.76,l6,ma_N100_entry_gate
COVID,2020-01-01,2020-12-31,252,1.0,88.37,25.51,3.46,2.62,4.05,-27.7,3.19,301,150.1,48.0,44.9,1.78,l6,ma_N100_entry_gate
POST2021,2021-01-01,2026-08-21,1398,5.63,38.74,22.49,1.72,1.59,2.04,-26.13,1.48,1726,147.7,49.9,50.8,2.2,l6,ma_N100_entry_gate
EVAL,2015-07-01,2026-08-21,3479,11.13,36.0,19.54,1.84,1.37,1.95,-33.75,1.07,3701,162.0,47.2,43.9,2.41,l6,ma_N100_entry_gate
BEAR_2018,2018-01-15,2019-12-31,696,1.96,-11.58,12.67,-0.91,-0.63,-0.96,-29.86,-0.39,2838,242.6,21.5,35.0,3.2,l6,ma_N100_scaled_50
COVID,2020-01-01,2020-12-31,252,1.0,48.27,21.46,2.25,1.95,2.57,-22.6,2.14,835,191.1,38.2,44.8,2.48,l6,ma_N100_scaled_50
POST2021,2021-01-01,2026-08-21,1398,5.63,39.16,20.98,1.87,1.71,2.16,-22.31,1.76,5250,187.4,35.5,47.6,2.52,l6,ma_N100_scaled_50
EVAL,2015-07-01,2026-08-21,3479,11.13,32.63,17.73,1.84,1.37,1.95,-30.71,1.06,11492,208.4,34.1,41.6,2.78,l6,ma_N100_scaled_50
BEAR_2018,2018-01-15,2019-12-31,696,1.96,-9.18,11.16,-0.82,-0.56,-0.63,-29.53,-0.31,779,198.2,38.1,22.5,3.18,l6,roc31_N500_exposure_00
COVID,2020-01-01,2020-12-31,252,1.0,72.11,18.78,3.84,3.0,4.16,-12.89,5.6,386,193.1,51.8,34.1,2.94,l6,roc31_N500_exposure_00
POST2021,2021-01-01,2026-08-21,1398,5.63,25.51,20.16,1.27,1.25,1.18,-25.19,1.01,2060,182.8,47.2,30.5,2.88,l6,roc31_N500_exposure_00
EVAL,2015-07-01,2026-08-21,3479,11.13,29.12,17.01,1.71,1.3,1.47,-29.53,0.99,4408,196.7,46.8,28.8,3.1,l6,roc31_N500_exposure_00
BEAR_2018,2018-01-15,2019-12-31,696,1.96,-5.7,9.82,-0.58,-0.38,-0.55,-25.12,-0.23,1010,173.2,21.8,38.0,2.79,l6,roc31_N500_exposure_25
COVID,2020-01-01,2020-12-31,252,1.0,46.97,17.4,2.7,2.31,3.17,-11.7,4.02,432,160.1,35.6,45.9,2.62,l6,roc31_N500_exposure_25
POST2021,2021-01-01,2026-08-21,1398,5.63,26.2,18.33,1.43,1.38,1.53,-21.68,1.21,2558,146.6,28.9,51.5,2.37,l6,roc31_N500_exposure_25
EVAL,2015-07-01,2026-08-21,3479,11.13,27.75,15.77,1.76,1.33,1.74,-25.12,1.1,5390,165.2,31.4,44.4,2.66,l6,roc31_N500_exposure_25
BEAR_2018,2018-01-15,2019-12-31,696,1.96,-6.65,11.23,-0.59,-0.38,-0.58,-25.75,-0.26,1032,173.2,22.1,38.0,2.8,l6,roc31_N500_exposure_50
COVID,2020-01-01,2020-12-31,252,1.0,63.14,19.26,3.28,2.65,3.95,-14.56,4.34,440,160.1,36.2,45.9,2.53,l6,roc31_N500_exposure_50
POST2021,2021-01-01,2026-08-21,1398,5.63,30.49,19.79,1.54,1.47,1.7,-22.65,1.35,2578,146.6,30.3,51.5,2.36,l6,roc31_N500_exposure_50
EVAL,2015-07-01,2026-08-21,3479,11.13,31.38,16.96,1.85,1.38,1.88,-25.75,1.22,5432,165.2,32.1,44.4,2.64,l6,roc31_N500_exposure_50
BEAR_2018,2018-01-15,2019-12-31,696,1.96,-7.08,12.75,-0.56,-0.34,-0.57,-26.56,-0.27,1024,173.2,22.7,38.0,2.77,l6,roc31_N500_exposure_75
COVID,2020-01-01,2020-12-31,252,1.0,78.91,21.84,3.61,2.78,4.33,-21.18,3.73,433,160.1,40.6,45.9,2.31,l6,roc31_N500_exposure_75
POST2021,2021-01-01,2026-08-21,1398,5.63,34.43,21.48,1.6,1.51,1.83,-25.51,1.35,2581,146.6,33.5,51.5,2.32,l6,roc31_N500_exposure_75
EVAL,2015-07-01,2026-08-21,3479,11.13,34.69,18.43,1.88,1.4,1.96,-26.56,1.31,5398,165.2,34.5,44.4,2.59,l6,roc31_N500_exposure_75
BEAR_2018,2018-01-15,2019-12-31,696,1.96,-7.11,14.25,-0.5,-0.3,-0.52,-27.17,-0.26,683,173.2,37.8,38.0,2.67,l6,roc31_N500_entry_gate
COVID,2020-01-01,2020-12-31,252,1.0,99.09,25.69,3.86,2.82,4.5,-27.66,3.58,322,160.1,48.8,45.9,1.93,l6,roc31_N500_entry_gate
POST2021,2021-01-01,2026-08-21,1398,5.63,36.41,23.14,1.57,1.48,1.85,-28.13,1.29,1679,146.6,47.8,51.5,2.18,l6,roc31_N500_entry_gate
EVAL,2015-07-01,2026-08-21,3479,11.13,37.13,20.09,1.85,1.37,1.95,-30.47,1.22,3750,165.2,46.2,44.4,2.46,l6,roc31_N500_entry_gate
BEAR_2018,2018-01-15,2019-12-31,696,1.96,-7.84,11.22,-0.7,-0.46,-0.74,-26.7,-0.29,2571,242.6,24.2,35.0,3.13,l6,roc31_N500_scaled_50
COVID,2020-01-01,2020-12-31,252,1.0,51.89,20.52,2.53,2.15,2.9,-20.7,2.51,803,191.1,35.1,44.8,2.67,l6,roc31_N500_scaled_50
POST2021,2021-01-01,2026-08-21,1398,5.63,33.39,19.69,1.7,1.59,1.94,-20.71,1.61,6283,187.4,30.1,47.6,2.52,l6,roc31_N500_scaled_50
EVAL,2015-07-01,2026-08-21,3479,11.13,31.25,17.06,1.83,1.37,1.92,-26.7,1.17,12122,208.4,31.6,41.6,2.83,l6,roc31_N500_scaled_50
BEAR_2018,2018-01-15,2019-12-31,696,1.96,-3.23,13.03,-0.25,-0.11,-0.29,-24.35,-0.13,348,88.4,38.2,97.3,1.31,om25,production
COVID,2020-01-01,2020-12-31,252,1.0,39.26,27.26,1.44,1.36,1.49,-34.78,1.13,141,70.0,45.7,126.8,1.02,om25,production
POST2021,2021-01-01,2026-08-21,1398,5.63,43.16,21.77,1.98,1.79,2.41,-25.32,1.7,867,76.5,49.4,119.3,1.05,om25,production
EVAL,2015-07-01,2026-08-21,3473,11.11,29.61,18.45,1.6,1.23,1.7,-34.78,0.85,1792,78.5,45.8,111.7,1.13,om25,production
BEAR_2018,2018-01-15,2019-12-31,696,1.96,-13.97,9.77,-1.43,-1.04,-1.22,-30.83,-0.45,508,129.8,29.9,42.7,2.02,om25,ma_N100_exposure_00
COVID,2020-01-01,2020-12-31,252,1.0,48.31,16.17,2.99,2.53,2.99,-9.85,4.91,100,50.0,56.0,81.0,0.74,om25,ma_N100_exposure_00
POST2021,2021-01-01,2026-08-21,1398,5.63,34.36,18.45,1.86,1.72,1.82,-19.0,1.81,930,82.5,53.5,76.6,1.25,om25,ma_N100_exposure_00
EVAL,2015-07-01,2026-08-21,3473,11.11,23.58,14.62,1.61,1.24,1.4,-30.89,0.76,1894,83.8,47.2,67.6,1.29,om25,ma_N100_exposure_00
BEAR_2018,2018-01-15,2019-12-31,696,1.96,-10.82,7.61,-1.42,-1.03,-1.25,-24.37,-0.44,761,71.0,6.5,102.8,1.15,om25,ma_N100_exposure_25
COVID,2020-01-01,2020-12-31,252,1.0,38.12,15.76,2.42,2.14,2.78,-11.11,3.43,133,48.0,14.6,118.8,0.64,om25,ma_N100_exposure_25
POST2021,2021-01-01,2026-08-21,1398,5.63,31.08,16.87,1.84,1.72,2.05,-12.71,2.44,1189,58.2,22.3,130.3,0.9,om25,ma_N100_exposure_25
EVAL,2015-07-01,2026-08-21,3473,11.11,21.69,13.48,1.61,1.24,1.6,-24.37,0.89,2582,60.0,21.9,117.7,0.94,om25,ma_N100_exposure_25
BEAR_2018,2018-01-15,2019-12-31,696,1.96,-10.16,8.85,-1.15,-0.82,-1.1,-25.54,-0.4,794,71.0,8.6,102.8,1.15,om25,ma_N100_exposure_50
COVID,2020-01-01,2020-12-31,252,1.0,31.79,16.81,1.89,1.73,2.16,-16.05,1.98,125,48.0,14.6,118.8,0.67,om25,ma_N100_exposure_50
POST2021,2021-01-01,2026-08-21,1398,5.63,33.89,17.99,1.88,1.74,2.13,-13.72,2.47,1193,58.2,26.5,130.3,0.89,om25,ma_N100_exposure_50
EVAL,2015-07-01,2026-08-21,3473,11.11,22.63,14.38,1.57,1.22,1.59,-26.31,0.86,2592,60.0,24.6,117.7,0.94,om25,ma_N100_exposure_50
BEAR_2018,2018-01-15,2019-12-31,696,1.96,-9.45,10.32,-0.92,-0.63,-0.94,-26.98,-0.35,756,71.0,11.5,102.8,1.13,om25,ma_N100_exposure_75
COVID,2020-01-01,2020-12-31,252,1.0,25.12,18.32,1.37,1.32,1.51,-21.21,1.18,137,48.0,18.8,118.8,0.69,om25,ma_N100_exposure_75
POST2021,2021-01-01,2026-08-21,1398,5.63,35.86,19.15,1.87,1.72,2.15,-15.99,2.24,1178,58.2,33.8,130.3,0.87,om25,ma_N100_exposure_75
EVAL,2015-07-01,2026-08-21,3473,11.11,23.14,15.43,1.5,1.17,1.54,-29.01,0.8,2545,60.0,30.1,117.7,0.92,om25,ma_N100_exposure_75
BEAR_2018,2018-01-15,2019-12-31,696,1.96,-8.64,11.58,-0.75,-0.5,-0.81,-28.12,-0.31,285,71.0,30.9,102.8,1.06,om25,ma_N100_entry_gate
COVID,2020-01-01,2020-12-31,252,1.0,17.9,19.95,0.9,0.93,0.93,-26.35,0.68,96,48.0,39.6,118.8,0.7,om25,ma_N100_entry_gate
POST2021,2021-01-01,2026-08-21,1398,5.63,36.87,20.06,1.84,1.69,2.13,-19.13,1.93,709,58.2,50.0,130.3,0.81,om25,ma_N100_entry_gate
EVAL,2015-07-01,2026-08-21,3473,11.11,23.07,16.34,1.41,1.11,1.45,-32.01,0.72,1435,60.0,45.0,117.7,0.87,om25,ma_N100_entry_gate
BEAR_2018,2018-01-15,2019-12-31,696,1.96,-6.29,8.91,-0.71,-0.47,-0.73,-21.74,-0.29,1252,88.4,15.0,97.3,1.11,om25,ma_N100_scaled_50
COVID,2020-01-01,2020-12-31,252,1.0,36.84,18.39,2.0,1.8,2.3,-20.15,1.83,409,70.0,25.7,126.8,0.77,om25,ma_N100_scaled_50
POST2021,2021-01-01,2026-08-21,1398,5.63,36.27,17.85,2.03,1.85,2.37,-17.22,2.11,2462,76.5,29.9,119.3,0.95,om25,ma_N100_scaled_50
EVAL,2015-07-01,2026-08-21,3473,11.11,24.89,14.25,1.75,1.33,1.85,-25.12,0.99,5037,78.5,27.8,111.7,0.97,om25,ma_N100_scaled_50
BEAR_2018,2018-01-15,2019-12-31,696,1.96,-5.96,8.47,-0.7,-0.47,-0.55,-22.48,-0.27,483,123.1,33.6,31.5,1.91,om25,roc31_N500_exposure_00
COVID,2020-01-01,2020-12-31,252,1.0,50.75,16.61,3.06,2.56,3.25,-9.38,5.41,206,103.1,51.5,63.6,1.59,om25,roc31_N500_exposure_00
POST2021,2021-01-01,2026-08-21,1398,5.63,28.0,17.34,1.62,1.54,1.51,-19.99,1.4,1156,102.6,55.7,53.5,1.59,om25,roc31_N500_exposure_00
EVAL,2015-07-01,2026-08-21,3473,11.11,24.22,13.99,1.73,1.32,1.47,-22.69,1.07,2322,103.1,51.0,53.2,1.6,om25,roc31_N500_exposure_00
BEAR_2018,2018-01-15,2019-12-31,696,1.96,-0.71,6.62,-0.11,-0.04,-0.1,-14.17,-0.05,619,75.6,11.5,99.1,1.14,om25,roc31_N500_exposure_25
COVID,2020-01-01,2020-12-31,252,1.0,32.43,14.41,2.25,2.03,2.6,-10.39,3.12,252,58.0,15.5,125.2,0.97,om25,roc31_N500_exposure_25
POST2021,2021-01-01,2026-08-21,1398,5.63,24.5,13.38,1.83,1.73,2.07,-10.03,2.44,1565,61.4,12.1,127.3,0.99,om25,roc31_N500_exposure_25
EVAL,2015-07-01,2026-08-21,3473,11.11,21.12,11.55,1.83,1.4,1.84,-14.17,1.49,3147,65.7,18.1,115.1,1.06,om25,roc31_N500_exposure_25
BEAR_2018,2018-01-15,2019-12-31,696,1.96,-2.51,8.11,-0.31,-0.18,-0.32,-17.9,-0.14,648,75.6,11.5,99.1,1.16,om25,roc31_N500_exposure_50
COVID,2020-01-01,2020-12-31,252,1.0,32.18,16.11,2.0,1.82,2.28,-16.24,1.98,258,58.0,17.2,125.2,0.94,om25,roc31_N500_exposure_50
POST2021,2021-01-01,2026-08-21,1398,5.63,31.95,16.01,2.0,1.84,2.29,-12.8,2.49,1586,61.4,15.0,127.3,0.98,om25,roc31_N500_exposure_50
EVAL,2015-07-01,2026-08-21,3473,11.11,24.34,13.28,1.83,1.39,1.89,-17.97,1.35,3190,65.7,19.6,115.1,1.06,om25,roc31_N500_exposure_50
BEAR_2018,2018-01-15,2019-12-31,696,1.96,-4.3,9.86,-0.44,-0.27,-0.47,-21.46,-0.2,642,75.6,15.5,99.1,1.17,om25,roc31_N500_exposure_75
COVID,2020-01-01,2020-12-31,252,1.0,31.21,18.42,1.69,1.57,1.87,-21.94,1.42,244,58.0,20.7,125.2,0.89,om25,roc31_N500_exposure_75
POST2021,2021-01-01,2026-08-21,1398,5.63,38.32,18.65,2.05,1.86,2.39,-16.22,2.36,1593,61.4,25.4,127.3,0.96,om25,roc31_N500_exposure_75
EVAL,2015-07-01,2026-08-21,3473,11.11,26.97,15.2,1.77,1.34,1.85,-21.94,1.23,3166,65.7,26.8,115.1,1.03,om25,roc31_N500_exposure_75
BEAR_2018,2018-01-15,2019-12-31,696,1.96,-5.94,11.47,-0.52,-0.32,-0.56,-24.17,-0.25,325,75.6,32.4,99.1,1.12,om25,roc31_N500_entry_gate
COVID,2020-01-01,2020-12-31,252,1.0,27.82,21.02,1.32,1.28,1.39,-27.6,1.01,116,58.0,46.6,125.2,0.84,om25,roc31_N500_entry_gate
POST2021,2021-01-01,2026-08-21,1398,5.63,40.7,20.2,2.02,1.82,2.35,-19.65,2.07,762,61.4,52.9,127.3,0.86,om25,roc31_N500_entry_gate
EVAL,2015-07-01,2026-08-21,3473,11.11,27.31,16.63,1.64,1.26,1.71,-29.22,0.93,1599,65.6,47.3,115.2,0.95,om25,roc31_N500_entry_gate
BEAR_2018,2018-01-15,2019-12-31,696,1.96,-1.04,7.86,-0.13,-0.05,-0.15,-16.19,-0.06,1201,88.4,13.9,97.3,1.03,om25,roc31_N500_scaled_50
COVID,2020-01-01,2020-12-31,252,1.0,28.62,17.09,1.67,1.56,1.88,-18.85,1.52,425,70.0,18.6,126.8,0.88,om25,roc31_N500_scaled_50
POST2021,2021-01-01,2026-08-21,1398,5.63,28.06,14.91,1.88,1.76,2.25,-14.17,1.98,3087,76.5,19.7,119.3,0.93,om25,roc31_N500_scaled_50
EVAL,2015-07-01,2026-08-21,3473,11.11,21.83,12.81,1.7,1.31,1.8,-18.85,1.16,5669,78.5,21.6,111.7,0.99,om25,roc31_N500_scaled_50
