label,universe,cadence,regime,bull_uc,bull_cr,bear_uc,bear_cr,passes,IS_cagr,IS_sharpe,IS_dd,OOS_A_cagr,OOS_A_sharpe,OOS_A_dd,OOS_B_cagr,OOS_B_sharpe,OOS_B_dd,OOS_C_cagr,OOS_C_sharpe,OOS_C_dd,OOS_full_cagr,OOS_full_sharpe,OOS_full_dd
NSE_500__monthly__NONE__base50_50,NSE_500,monthly,,0.5,0.5,0.5,0.5,False,23.67,1.14,-31.51,36.36,1.46,-35.89,63.9,1.9,-40.86,47.48,1.62,-33.58,48.78,1.67,-50.71
NSE_500__biweekly__NONE__base50_50,NSE_500,biweekly,,0.5,0.5,0.5,0.5,False,25.93,1.23,-30.09,38.0,1.58,-32.64,62.17,1.85,-42.51,48.07,1.67,-33.16,49.05,1.71,-48.6
Nifty_250__monthly__NONE__base50_50,Nifty_250,monthly,,0.5,0.5,0.5,0.5,True,27.21,1.41,-27.66,25.64,1.39,-22.45,59.22,1.93,-41.38,44.87,1.6,-29.4,42.53,1.65,-41.38
Nifty_250__biweekly__NONE__base50_50,Nifty_250,biweekly,,0.5,0.5,0.5,0.5,True,27.09,1.4,-28.22,23.2,1.3,-23.51,54.43,1.8,-40.77,51.06,1.78,-30.81,42.42,1.65,-40.77
NSE_500__monthly__NIFTY_50__bull0.7_0.3__bear0.3_0.7,NSE_500,monthly,NIFTY_50,0.7,0.3,0.3,0.7,False,24.57,1.16,-29.28,31.89,1.35,-37.35,60.2,1.85,-39.75,43.93,1.53,-34.39,44.88,1.59,-52.37
NSE_500__monthly__NIFTY_50__bull0.7_0.3__bear0.0_1.0,NSE_500,monthly,NIFTY_50,0.7,0.3,0.0,1.0,False,23.39,1.17,-27.73,36.03,1.48,-33.9,47.85,1.64,-39.16,40.51,1.54,-24.06,41.3,1.56,-50.3
NSE_500__monthly__NIFTY_50__bull0.6_0.4__bear0.4_0.6,NSE_500,monthly,NIFTY_50,0.6,0.4,0.4,0.6,False,27.33,1.26,-28.11,31.1,1.34,-37.89,58.72,1.84,-40.58,44.86,1.57,-32.16,44.43,1.59,-53.46
NSE_500__monthly__NIFTY_50__bull0.8_0.2__bear0.2_0.8,NSE_500,monthly,NIFTY_50,0.8,0.2,0.2,0.8,False,24.0,1.12,-28.96,33.19,1.39,-33.18,51.68,1.65,-38.73,40.44,1.43,-37.03,41.57,1.49,-50.92
NSE_500__monthly__NIFTY_50__bull0.5_0.5__bear0.0_1.0,NSE_500,monthly,NIFTY_50,0.5,0.5,0.0,1.0,True,24.76,1.34,-25.24,36.51,1.57,-27.86,56.33,1.84,-38.24,36.0,1.46,-27.33,42.41,1.62,-43.43
NSE_500__monthly__NIFTY_50__bull0.5_0.5__bear0.3_0.7,NSE_500,monthly,NIFTY_50,0.5,0.5,0.3,0.7,False,25.21,1.26,-28.95,38.08,1.57,-32.84,62.16,1.92,-38.96,40.27,1.44,-31.27,46.2,1.64,-48.32
NSE_500__monthly__NIFTY_100__bull0.7_0.3__bear0.3_0.7,NSE_500,monthly,NIFTY_100,0.7,0.3,0.3,0.7,False,25.27,1.17,-28.11,31.87,1.37,-38.76,59.34,1.83,-39.65,45.18,1.55,-34.59,45.09,1.6,-53.71
NSE_500__monthly__NIFTY_100__bull0.7_0.3__bear0.0_1.0,NSE_500,monthly,NIFTY_100,0.7,0.3,0.0,1.0,False,22.61,1.12,-27.73,35.21,1.47,-36.06,48.12,1.63,-39.15,42.53,1.6,-23.76,41.84,1.57,-51.76
NSE_500__monthly__NIFTY_100__bull0.6_0.4__bear0.4_0.6,NSE_500,monthly,NIFTY_100,0.6,0.4,0.4,0.6,False,24.48,1.16,-28.83,31.77,1.38,-38.34,57.61,1.8,-40.62,42.04,1.5,-32.04,43.35,1.57,-53.56
NSE_500__monthly__NIFTY_100__bull0.8_0.2__bear0.2_0.8,NSE_500,monthly,NIFTY_100,0.8,0.2,0.2,0.8,False,23.49,1.09,-30.56,28.96,1.25,-39.43,51.52,1.64,-38.73,36.77,1.33,-35.9,38.73,1.41,-55.33
NSE_500__monthly__NIFTY_100__bull0.5_0.5__bear0.0_1.0,NSE_500,monthly,NIFTY_100,0.5,0.5,0.0,1.0,False,25.0,1.33,-26.6,33.8,1.49,-31.23,55.88,1.81,-37.94,35.99,1.43,-26.0,41.38,1.58,-46.45
NSE_500__monthly__NIFTY_100__bull0.5_0.5__bear0.3_0.7,NSE_500,monthly,NIFTY_100,0.5,0.5,0.3,0.7,False,24.86,1.24,-30.25,37.29,1.56,-33.94,63.56,1.94,-38.75,41.42,1.47,-29.89,46.8,1.65,-49.05
NSE_500__monthly__NIFTY_200__bull0.7_0.3__bear0.3_0.7,NSE_500,monthly,NIFTY_200,0.7,0.3,0.3,0.7,False,21.68,1.02,-36.02,31.15,1.34,-40.54,57.82,1.79,-39.75,41.29,1.47,-32.55,42.94,1.54,-54.77
NSE_500__monthly__NIFTY_200__bull0.7_0.3__bear0.0_1.0,NSE_500,monthly,NIFTY_200,0.7,0.3,0.0,1.0,False,21.81,1.04,-36.02,35.44,1.52,-34.42,49.88,1.66,-39.16,42.59,1.6,-23.79,42.53,1.59,-50.62
NSE_500__monthly__NIFTY_200__bull0.6_0.4__bear0.4_0.6,NSE_500,monthly,NIFTY_200,0.6,0.4,0.4,0.6,False,22.6,1.08,-30.36,33.99,1.44,-36.55,57.43,1.8,-40.62,42.18,1.5,-31.98,44.12,1.58,-52.17
NSE_500__monthly__NIFTY_200__bull0.8_0.2__bear0.2_0.8,NSE_500,monthly,NIFTY_200,0.8,0.2,0.2,0.8,False,17.71,0.85,-39.22,30.7,1.32,-38.27,49.2,1.58,-38.73,40.32,1.42,-37.08,39.93,1.45,-54.42
NSE_500__monthly__NIFTY_200__bull0.5_0.5__bear0.0_1.0,NSE_500,monthly,NIFTY_200,0.5,0.5,0.0,1.0,False,23.81,1.22,-29.49,34.69,1.57,-29.96,55.76,1.8,-39.36,35.74,1.42,-25.95,41.51,1.59,-45.45
NSE_500__monthly__NIFTY_200__bull0.5_0.5__bear0.3_0.7,NSE_500,monthly,NIFTY_200,0.5,0.5,0.3,0.7,False,24.26,1.21,-29.59,38.17,1.61,-32.63,63.66,1.94,-38.98,41.95,1.49,-29.96,47.34,1.67,-48.28
NSE_500__biweekly__NIFTY_50__bull0.7_0.3__bear0.3_0.7,NSE_500,biweekly,NIFTY_50,0.7,0.3,0.3,0.7,False,25.89,1.17,-29.53,33.21,1.4,-37.09,65.65,1.94,-39.44,43.98,1.52,-35.61,46.98,1.63,-51.69
NSE_500__biweekly__NIFTY_50__bull0.7_0.3__bear0.0_1.0,NSE_500,biweekly,NIFTY_50,0.7,0.3,0.0,1.0,False,24.81,1.18,-29.68,35.89,1.55,-35.19,67.19,2.05,-41.2,40.97,1.55,-30.7,47.24,1.73,-51.76
NSE_500__biweekly__NIFTY_50__bull0.6_0.4__bear0.4_0.6,NSE_500,biweekly,NIFTY_50,0.6,0.4,0.4,0.6,False,25.45,1.18,-31.5,36.14,1.52,-31.87,63.93,1.96,-40.35,49.19,1.66,-32.87,49.41,1.72,-47.55
NSE_500__biweekly__NIFTY_50__bull0.8_0.2__bear0.2_0.8,NSE_500,biweekly,NIFTY_50,0.8,0.2,0.2,0.8,False,22.3,1.02,-35.03,27.53,1.22,-38.41,55.39,1.75,-41.85,38.98,1.38,-36.73,40.17,1.46,-54.83
NSE_500__biweekly__NIFTY_50__bull0.5_0.5__bear0.0_1.0,NSE_500,biweekly,NIFTY_50,0.5,0.5,0.0,1.0,False,28.13,1.41,-25.7,32.24,1.46,-35.2,66.1,2.05,-38.7,39.85,1.55,-26.04,45.23,1.7,-51.35
NSE_500__biweekly__NIFTY_50__bull0.5_0.5__bear0.3_0.7,NSE_500,biweekly,NIFTY_50,0.5,0.5,0.3,0.7,False,27.33,1.31,-30.03,36.36,1.59,-31.38,66.06,1.95,-39.12,44.2,1.56,-31.2,48.26,1.7,-46.96
NSE_500__biweekly__NIFTY_100__bull0.7_0.3__bear0.3_0.7,NSE_500,biweekly,NIFTY_100,0.7,0.3,0.3,0.7,False,25.66,1.17,-28.52,31.81,1.36,-39.84,63.65,1.91,-39.69,43.99,1.51,-34.77,45.92,1.61,-53.7
NSE_500__biweekly__NIFTY_100__bull0.7_0.3__bear0.0_1.0,NSE_500,biweekly,NIFTY_100,0.7,0.3,0.0,1.0,False,25.16,1.2,-29.97,32.98,1.46,-38.64,69.29,2.08,-40.78,41.85,1.57,-30.36,47.14,1.72,-53.88
NSE_500__biweekly__NIFTY_100__bull0.6_0.4__bear0.4_0.6,NSE_500,biweekly,NIFTY_100,0.6,0.4,0.4,0.6,False,25.38,1.19,-31.85,34.96,1.5,-31.49,65.29,1.98,-40.44,50.69,1.7,-32.5,49.92,1.74,-47.09
NSE_500__biweekly__NIFTY_100__bull0.8_0.2__bear0.2_0.8,NSE_500,biweekly,NIFTY_100,0.8,0.2,0.2,0.8,False,21.42,1.0,-34.75,25.26,1.13,-41.69,55.95,1.75,-41.67,38.02,1.36,-36.52,39.19,1.43,-56.97
NSE_500__biweekly__NIFTY_100__bull0.5_0.5__bear0.0_1.0,NSE_500,biweekly,NIFTY_100,0.5,0.5,0.0,1.0,False,28.12,1.41,-26.61,30.92,1.41,-37.07,65.9,2.04,-38.56,42.94,1.64,-25.83,45.87,1.71,-52.68
NSE_500__biweekly__NIFTY_100__bull0.5_0.5__bear0.3_0.7,NSE_500,biweekly,NIFTY_100,0.5,0.5,0.3,0.7,False,26.69,1.3,-31.04,36.51,1.61,-31.45,63.79,1.96,-37.55,43.55,1.53,-31.85,47.37,1.7,-46.64
NSE_500__biweekly__NIFTY_200__bull0.7_0.3__bear0.3_0.7,NSE_500,biweekly,NIFTY_200,0.7,0.3,0.3,0.7,False,23.87,1.09,-33.06,33.6,1.42,-36.93,66.56,1.98,-40.4,44.75,1.54,-35.04,47.65,1.66,-52.43
NSE_500__biweekly__NIFTY_200__bull0.7_0.3__bear0.0_1.0,NSE_500,biweekly,NIFTY_200,0.7,0.3,0.0,1.0,False,22.04,1.05,-33.06,32.72,1.46,-36.97,67.72,2.05,-41.35,41.8,1.57,-30.36,46.59,1.71,-54.48
NSE_500__biweekly__NIFTY_200__bull0.6_0.4__bear0.4_0.6,NSE_500,biweekly,NIFTY_200,0.6,0.4,0.4,0.6,False,25.07,1.16,-31.09,34.87,1.48,-33.54,66.9,1.99,-40.33,50.33,1.7,-32.61,50.25,1.74,-48.5
NSE_500__biweekly__NIFTY_200__bull0.8_0.2__bear0.2_0.8,NSE_500,biweekly,NIFTY_200,0.8,0.2,0.2,0.8,False,17.6,0.83,-36.75,27.82,1.23,-38.32,61.55,1.87,-40.64,38.12,1.36,-36.53,41.7,1.5,-53.44
NSE_500__biweekly__NIFTY_200__bull0.5_0.5__bear0.0_1.0,NSE_500,biweekly,NIFTY_200,0.5,0.5,0.0,1.0,False,26.42,1.31,-26.55,32.23,1.48,-34.5,63.91,2.01,-39.78,42.32,1.62,-25.83,45.54,1.72,-52.03
NSE_500__biweekly__NIFTY_200__bull0.5_0.5__bear0.3_0.7,NSE_500,biweekly,NIFTY_200,0.5,0.5,0.3,0.7,False,26.21,1.27,-30.99,35.53,1.57,-33.41,62.97,1.91,-38.26,43.74,1.54,-31.64,46.86,1.67,-47.08
Nifty_250__monthly__NIFTY_50__bull0.7_0.3__bear0.3_0.7,Nifty_250,monthly,NIFTY_50,0.7,0.3,0.3,0.7,True,23.36,1.21,-29.36,25.72,1.32,-23.96,60.83,1.83,-43.12,37.09,1.36,-31.15,40.24,1.5,-43.12
Nifty_250__monthly__NIFTY_50__bull0.7_0.3__bear0.0_1.0,Nifty_250,monthly,NIFTY_50,0.7,0.3,0.0,1.0,True,20.56,1.17,-28.57,23.83,1.29,-24.08,57.79,1.83,-39.86,38.38,1.45,-31.0,39.19,1.53,-39.86
Nifty_250__monthly__NIFTY_50__bull0.6_0.4__bear0.4_0.6,Nifty_250,monthly,NIFTY_50,0.6,0.4,0.4,0.6,True,26.51,1.34,-28.79,25.48,1.35,-24.97,53.63,1.69,-42.9,41.32,1.48,-29.11,39.6,1.5,-42.9
Nifty_250__monthly__NIFTY_50__bull0.8_0.2__bear0.2_0.8,Nifty_250,monthly,NIFTY_50,0.8,0.2,0.2,0.8,True,21.4,1.13,-29.95,21.39,1.13,-28.39,53.23,1.72,-40.88,42.08,1.53,-30.4,38.25,1.48,-42.51
Nifty_250__monthly__NIFTY_50__bull0.5_0.5__bear0.0_1.0,Nifty_250,monthly,NIFTY_50,0.5,0.5,0.0,1.0,True,26.29,1.51,-26.72,22.14,1.32,-20.93,54.42,1.89,-39.17,48.53,1.9,-25.13,41.18,1.73,-39.17
Nifty_250__monthly__NIFTY_50__bull0.5_0.5__bear0.3_0.7,Nifty_250,monthly,NIFTY_50,0.5,0.5,0.3,0.7,True,29.04,1.52,-27.35,21.87,1.27,-24.52,55.37,1.84,-38.44,46.15,1.68,-29.04,40.48,1.62,-39.48
Nifty_250__monthly__NIFTY_100__bull0.7_0.3__bear0.3_0.7,Nifty_250,monthly,NIFTY_100,0.7,0.3,0.3,0.7,False,22.29,1.17,-29.36,24.06,1.27,-26.31,50.59,1.62,-44.25,36.2,1.32,-30.77,36.44,1.4,-45.37
Nifty_250__monthly__NIFTY_100__bull0.7_0.3__bear0.0_1.0,Nifty_250,monthly,NIFTY_100,0.7,0.3,0.0,1.0,True,22.18,1.23,-28.57,23.12,1.28,-23.2,55.94,1.77,-39.81,34.55,1.35,-28.89,37.03,1.47,-39.81
Nifty_250__monthly__NIFTY_100__bull0.6_0.4__bear0.4_0.6,Nifty_250,monthly,NIFTY_100,0.6,0.4,0.4,0.6,True,24.78,1.27,-28.79,23.34,1.26,-24.99,54.47,1.7,-42.23,41.41,1.49,-29.17,39.12,1.49,-42.23
Nifty_250__monthly__NIFTY_100__bull0.8_0.2__bear0.2_0.8,Nifty_250,monthly,NIFTY_100,0.8,0.2,0.2,0.8,True,21.96,1.15,-29.95,19.71,1.09,-27.79,50.94,1.66,-40.89,41.64,1.52,-31.61,36.8,1.44,-43.34
Nifty_250__monthly__NIFTY_100__bull0.5_0.5__bear0.0_1.0,Nifty_250,monthly,NIFTY_100,0.5,0.5,0.0,1.0,True,27.36,1.54,-26.72,21.95,1.33,-19.77,47.75,1.67,-39.32,45.54,1.78,-25.05,38.08,1.6,-39.32
Nifty_250__monthly__NIFTY_100__bull0.5_0.5__bear0.3_0.7,Nifty_250,monthly,NIFTY_100,0.5,0.5,0.3,0.7,True,28.87,1.52,-27.35,22.35,1.3,-24.22,56.45,1.87,-38.38,47.0,1.74,-26.39,41.27,1.66,-39.26
Nifty_250__monthly__NIFTY_200__bull0.7_0.3__bear0.3_0.7,Nifty_250,monthly,NIFTY_200,0.7,0.3,0.3,0.7,True,21.7,1.12,-32.55,25.45,1.37,-24.53,61.92,1.86,-42.41,37.16,1.35,-31.34,40.46,1.52,-42.41
Nifty_250__monthly__NIFTY_200__bull0.7_0.3__bear0.0_1.0,Nifty_250,monthly,NIFTY_200,0.7,0.3,0.0,1.0,True,21.76,1.16,-32.55,21.75,1.25,-21.27,57.22,1.79,-39.8,35.09,1.37,-28.53,37.09,1.48,-39.8
Nifty_250__monthly__NIFTY_200__bull0.6_0.4__bear0.4_0.6,Nifty_250,monthly,NIFTY_200,0.6,0.4,0.4,0.6,True,25.14,1.27,-28.81,23.73,1.29,-24.59,54.46,1.7,-42.71,43.8,1.52,-29.34,40.09,1.51,-42.71
Nifty_250__monthly__NIFTY_200__bull0.8_0.2__bear0.2_0.8,Nifty_250,monthly,NIFTY_200,0.8,0.2,0.2,0.8,True,21.16,1.07,-36.23,22.71,1.25,-23.93,50.32,1.63,-40.9,41.2,1.51,-30.14,37.56,1.47,-40.97
Nifty_250__monthly__NIFTY_200__bull0.5_0.5__bear0.0_1.0,Nifty_250,monthly,NIFTY_200,0.5,0.5,0.0,1.0,True,26.42,1.46,-27.66,24.3,1.49,-18.84,46.0,1.62,-38.9,45.52,1.77,-25.06,38.41,1.62,-38.9
Nifty_250__monthly__NIFTY_200__bull0.5_0.5__bear0.3_0.7,Nifty_250,monthly,NIFTY_200,0.5,0.5,0.3,0.7,True,28.14,1.48,-27.66,26.43,1.51,-19.03,55.27,1.84,-39.21,47.02,1.73,-26.69,42.42,1.69,-39.21
Nifty_250__biweekly__NIFTY_50__bull0.7_0.3__bear0.3_0.7,Nifty_250,biweekly,NIFTY_50,0.7,0.3,0.3,0.7,True,25.38,1.28,-28.82,21.35,1.19,-26.94,62.9,1.9,-41.75,40.05,1.47,-31.79,40.31,1.54,-42.69
Nifty_250__biweekly__NIFTY_50__bull0.7_0.3__bear0.0_1.0,Nifty_250,biweekly,NIFTY_50,0.7,0.3,0.0,1.0,True,22.51,1.21,-28.95,25.18,1.41,-23.82,62.54,1.96,-39.81,43.01,1.6,-32.12,42.66,1.66,-39.81
Nifty_250__biweekly__NIFTY_50__bull0.6_0.4__bear0.4_0.6,Nifty_250,biweekly,NIFTY_50,0.6,0.4,0.4,0.6,True,24.1,1.27,-28.76,21.2,1.21,-25.02,64.89,1.99,-41.19,41.76,1.51,-33.87,41.35,1.59,-41.19
Nifty_250__biweekly__NIFTY_50__bull0.8_0.2__bear0.2_0.8,Nifty_250,biweekly,NIFTY_50,0.8,0.2,0.2,0.8,True,20.38,1.07,-29.38,21.79,1.21,-27.48,48.53,1.59,-41.85,43.35,1.56,-33.27,37.61,1.47,-44.91
Nifty_250__biweekly__NIFTY_50__bull0.5_0.5__bear0.0_1.0,Nifty_250,biweekly,NIFTY_50,0.5,0.5,0.0,1.0,True,27.27,1.51,-25.96,27.02,1.59,-23.2,63.66,2.08,-36.59,43.52,1.73,-28.08,43.91,1.8,-36.59
Nifty_250__biweekly__NIFTY_50__bull0.5_0.5__bear0.3_0.7,Nifty_250,biweekly,NIFTY_50,0.5,0.5,0.3,0.7,True,28.68,1.52,-27.21,23.99,1.36,-23.37,56.77,1.85,-39.68,47.16,1.75,-28.46,42.08,1.67,-39.68
Nifty_250__biweekly__NIFTY_100__bull0.7_0.3__bear0.3_0.7,Nifty_250,biweekly,NIFTY_100,0.7,0.3,0.3,0.7,True,25.12,1.27,-28.82,20.05,1.13,-26.19,61.76,1.86,-42.17,40.02,1.45,-30.65,39.5,1.51,-43.17
Nifty_250__biweekly__NIFTY_100__bull0.7_0.3__bear0.0_1.0,Nifty_250,biweekly,NIFTY_100,0.7,0.3,0.0,1.0,True,22.25,1.2,-26.9,23.81,1.34,-23.8,61.68,1.94,-39.76,42.04,1.56,-33.17,41.57,1.62,-39.76
Nifty_250__biweekly__NIFTY_100__bull0.6_0.4__bear0.4_0.6,Nifty_250,biweekly,NIFTY_100,0.6,0.4,0.4,0.6,True,22.81,1.22,-28.77,22.43,1.25,-23.66,62.85,1.97,-41.07,43.69,1.53,-31.5,41.94,1.6,-41.07
Nifty_250__biweekly__NIFTY_100__bull0.8_0.2__bear0.2_0.8,Nifty_250,biweekly,NIFTY_100,0.8,0.2,0.2,0.8,False,19.28,1.02,-29.41,20.62,1.15,-27.55,55.0,1.74,-41.8,42.74,1.52,-37.05,38.76,1.49,-46.06
Nifty_250__biweekly__NIFTY_100__bull0.5_0.5__bear0.0_1.0,Nifty_250,biweekly,NIFTY_100,0.5,0.5,0.0,1.0,True,27.95,1.53,-25.96,26.51,1.57,-23.04,64.91,2.1,-36.57,45.5,1.8,-26.84,44.78,1.83,-36.57
Nifty_250__biweekly__NIFTY_100__bull0.5_0.5__bear0.3_0.7,Nifty_250,biweekly,NIFTY_100,0.5,0.5,0.3,0.7,True,28.41,1.51,-27.21,24.07,1.37,-23.71,56.19,1.84,-39.69,46.8,1.74,-27.84,41.82,1.66,-39.69
Nifty_250__biweekly__NIFTY_200__bull0.7_0.3__bear0.3_0.7,Nifty_250,biweekly,NIFTY_200,0.7,0.3,0.3,0.7,True,22.01,1.12,-34.33,20.35,1.16,-26.11,63.29,1.92,-41.96,43.54,1.55,-30.47,41.28,1.57,-42.73
Nifty_250__biweekly__NIFTY_200__bull0.7_0.3__bear0.0_1.0,Nifty_250,biweekly,NIFTY_200,0.7,0.3,0.0,1.0,True,21.64,1.14,-34.33,25.5,1.45,-23.67,59.43,1.87,-39.72,40.74,1.52,-33.81,41.09,1.61,-39.72
Nifty_250__biweekly__NIFTY_200__bull0.6_0.4__bear0.4_0.6,Nifty_250,biweekly,NIFTY_200,0.6,0.4,0.4,0.6,True,23.79,1.23,-29.21,17.74,1.04,-26.37,61.83,1.94,-40.54,40.36,1.47,-31.66,38.74,1.52,-42.66
Nifty_250__biweekly__NIFTY_200__bull0.8_0.2__bear0.2_0.8,Nifty_250,biweekly,NIFTY_200,0.8,0.2,0.2,0.8,False,19.04,0.99,-33.72,20.78,1.17,-27.12,47.86,1.59,-40.83,35.49,1.31,-38.49,34.3,1.36,-43.65
Nifty_250__biweekly__NIFTY_200__bull0.5_0.5__bear0.0_1.0,Nifty_250,biweekly,NIFTY_200,0.5,0.5,0.0,1.0,True,28.03,1.5,-28.22,28.77,1.73,-21.47,60.01,2.0,-35.85,46.78,1.84,-26.78,44.66,1.84,-35.85
Nifty_250__biweekly__NIFTY_200__bull0.5_0.5__bear0.3_0.7,Nifty_250,biweekly,NIFTY_200,0.5,0.5,0.3,0.7,True,28.8,1.51,-28.22,24.05,1.39,-21.88,49.36,1.68,-39.84,50.53,1.83,-28.51,41.09,1.64,-39.84
