symbol,pnl_pct,reason,entry_date,exit_date,hold_days
TATAELXSI,-0.23054840219459538,atr_stop,2016-01-04,2016-01-18,14
INDUSTOWER,-0.15122261687351612,rank,2016-01-04,2016-02-01,28
KPRMILL,-0.24311750667491794,atr_stop,2016-01-04,2016-02-15,42
GODFRYPHLP,-0.27868156348150785,atr_stop,2016-01-04,2016-02-15,42
MARUTI,-0.20749574564302042,atr_stop,2016-01-04,2016-02-15,42
TATAELXSI,0.08993175098836614,atr_stop,2016-01-18,2016-02-15,28
BAJAJHLDNG,-0.17067800501616182,rank,2016-01-04,2016-02-15,42
SCHAEFFLER,-0.08362341666051998,rank,2016-01-04,2016-02-15,42
KEI,-0.21515985809921234,atr_stop,2016-01-04,2016-02-22,49
APLAPOLLO,-0.24090529474349254,atr_stop,2016-01-04,2016-02-29,56
COFORGE,-0.2746864274892554,atr_stop,2016-01-04,2016-02-29,56
LUPIN,-0.16283249981401182,atr_stop,2016-01-04,2016-03-28,84
DIVISLAB,-0.11969147249182144,rank,2016-01-04,2016-04-11,98
SJVN,-0.09520097122731197,rank,2016-01-04,2016-04-11,98
SUPREMEIND,0.13707012205098001,rank,2016-01-04,2016-04-11,98
AJANTPHARM,0.11790591968883435,rank,2016-01-04,2016-04-25,112
GODREJCP,0.019511900172315633,rank,2016-01-04,2016-04-25,112
TORNTPHARM,-0.01110948220853436,rank,2016-01-04,2016-04-25,112
GODFRYPHLP,-0.10817297783468338,atr_stop,2016-02-15,2016-05-02,77
MARICO,0.0957087431873469,rank,2016-01-04,2016-05-09,126
TORNTPOWER,-0.11911761799638931,atr_stop,2016-02-15,2016-05-23,98
ABBOTINDIA,-0.09960021496341187,rank,2016-02-01,2016-05-23,112
BRITANNIA,-0.07293793944124405,rank,2016-01-04,2016-06-06,154
BAJAJFINSV,-0.05495612548487916,rank,2016-01-04,2016-06-06,154
TATAELXSI,-0.13075931608792002,atr_stop,2016-02-15,2016-07-18,154
MPHASIS,0.0779934315084232,rank,2016-01-04,2016-07-18,196
CHOLAFIN,0.4933039188879569,rank,2016-01-04,2016-07-18,196
SRF,0.039713929360220224,rank,2016-04-11,2016-07-18,98
TVSMOTOR,-0.06319364341156508,rank,2016-04-25,2016-07-18,84
COFORGE,-0.10468772744221833,atr_stop,2016-03-28,2016-08-01,126
ASHOKLEY,-0.1358745922788569,rank,2016-04-11,2016-08-01,112
KEI,0.26567593105106324,rank,2016-02-29,2016-08-16,169
TATAELXSI,-0.0007390375797418081,rank,2016-07-18,2016-08-16,29
3MINDIA,0.17356397872674934,rank,2016-01-04,2016-08-29,238
APARINDS,0.2248130058594635,rank,2016-02-15,2016-08-29,196
GODREJPROP,0.11516430740052463,rank,2016-05-23,2016-08-29,98
ADANIENSOL,0.07445986474446409,rank,2016-07-18,2016-08-29,42
DLF,-0.04977772994451157,rank,2016-08-01,2016-09-26,56
KPRMILL,0.6574570886462021,rank,2016-02-15,2016-10-10,238
SHRIRAMFIN,0.07807080873713557,rank,2016-05-23,2016-10-10,140
TRENT,0.20463364588661226,rank,2016-05-09,2016-10-24,168
BAJFINANCE,0.36435728254771127,atr_stop,2016-01-04,2016-11-15,316
HAVELLS,-0.15805180632734672,atr_stop,2016-08-16,2016-11-15,91
MOTILALOFS,-0.025531027497244008,atr_stop,2016-08-29,2016-11-15,78
DEEPAKNTR,-0.17504508217674486,atr_stop,2016-09-26,2016-11-15,50
UNOMINDA,0.48723565285856174,atr_stop,2016-01-04,2016-11-21,322
ESCORTS,0.7427108789580747,atr_stop,2016-04-25,2016-11-21,210
GODFRYPHLP,0.1250532245218987,atr_stop,2016-05-09,2016-11-21,196
MUTHOOTFIN,-0.16442903295859346,atr_stop,2016-08-01,2016-11-21,112
CGPOWER,-0.005843902800777845,rank,2016-06-06,2016-11-21,168
NATIONALUM,0.06482268457193818,rank,2016-08-29,2016-11-21,84
TVSMOTOR,-0.09813047934441921,rank,2016-10-10,2016-11-21,42
YESBANK,-0.007352667415920222,atr_stop,2016-07-18,2016-12-05,140
INDIANB,-0.089280277420267,atr_stop,2016-08-29,2016-12-26,119
BAJAJFINSV,-0.19949758542821094,atr_stop,2016-10-24,2016-12-26,63
APLAPOLLO,0.5959621700176869,rank,2016-02-29,2017-01-02,308
BERGEPAINT,-0.04244076838365085,rank,2016-12-05,2017-01-02,28
PETRONET,0.5514335237799577,rank,2016-02-15,2017-01-30,350
SYNGENE,0.35215309185859867,rank,2016-07-18,2017-01-30,196
CHOLAFIN,0.03920604992988519,rank,2016-11-21,2017-02-13,84
AIAENG,0.11727526732228077,rank,2016-11-21,2017-02-13,84
SUPREMEIND,0.23126978812840582,rank,2016-11-21,2017-02-13,84
POWERGRID,0.06598043985334145,rank,2016-11-21,2017-02-13,84
ALKEM,0.1323604350262937,rank,2016-11-21,2017-02-13,84
TRENT,0.3704712854505181,rank,2016-11-21,2017-02-13,84
PGHH,-0.008108465112094176,rank,2017-01-02,2017-02-13,42
JSWSTEEL,0.4003096375831252,rank,2016-04-11,2017-03-14,337
BPCL,-0.00976553098439048,rank,2017-01-02,2017-03-14,71
TATASTEEL,0.3111084732345293,rank,2016-08-16,2017-04-10,237
HINDZINC,0.29264721826374607,atr_stop,2016-07-18,2017-05-08,294
ADANIENSOL,0.07094780538590606,atr_stop,2017-02-13,2017-05-08,84
NATIONALUM,-0.014185083422032507,rank,2017-02-13,2017-05-08,84
BIOCON,0.3742403753825434,rank,2016-06-06,2017-05-22,350
YESBANK,0.020360728312810883,rank,2017-01-30,2017-05-22,112
TATACOMM,-0.1010508688323839,rank,2017-02-13,2017-05-22,98
FACT,0.33056069193162707,atr_stop,2017-02-13,2017-05-29,105
INDIANB,0.03617147866354831,atr_stop,2017-01-30,2017-06-27,148
RECLTD,-0.06945509112182058,atr_stop,2017-04-10,2017-06-27,78
JKCEMENT,-0.14894666925752975,rank,2017-05-22,2017-07-03,42
HINDPETRO,0.9902927163051463,rank,2016-04-25,2017-07-31,462
IOC,0.12379629054974917,rank,2017-01-02,2017-07-31,210
FACT,-0.20508417902119713,atr_stop,2017-06-05,2017-08-07,63
ESCORTS,1.0699642017805249,atr_stop,2016-11-21,2017-08-14,266
MUTHOOTFIN,0.5132750505728221,rank,2016-11-21,2017-08-14,266
CANBK,-0.09998743962144097,rank,2017-05-22,2017-08-14,84
ADANIENT,-0.2045183215066072,atr_stop,2017-07-31,2017-08-21,21
RECLTD,-0.05159870692541846,rank,2017-07-03,2017-08-28,56
ADANIPORTS,0.050428193510450026,rank,2017-07-03,2017-08-28,56
INDIANB,-0.020383294619098713,rank,2017-07-03,2017-09-11,70
TATAINVEST,-0.030091078347506794,rank,2017-07-31,2017-09-25,56
BEL,-0.03746535118383365,rank,2017-08-28,2017-10-09,42
FEDERALBNK,-0.016537719619361235,rank,2017-05-08,2017-11-06,182
HINDPETRO,-0.05870489941461754,rank,2017-08-28,2017-11-06,70
HINDALCO,0.6486236836068022,rank,2016-08-29,2017-11-20,448
VEDL,0.5547699901998655,rank,2016-10-10,2017-11-20,406
ADANIENSOL,1.4146752933760962,atr_stop,2017-05-08,2017-12-04,210
NATIONALUM,-0.02320113150539127,rank,2017-09-11,2017-12-04,84
BANKINDIA,-0.15276653181319377,rank,2017-11-06,2018-01-01,56
MOTILALOFS,0.9387414479525502,atr_stop,2017-02-13,2018-02-05,357
FACT,0.4386810793996423,atr_stop,2017-08-14,2018-02-12,182
IGL,1.893318803074303,rank,2016-02-29,2018-02-12,714
BAJAJFINSV,0.7609448807384636,rank,2017-01-02,2018-02-12,406
APLAPOLLO,0.3216588827705491,atr_stop,2017-08-14,2018-02-26,196
BAJFINANCE,0.9292416478804524,rank,2016-11-21,2018-02-26,462
JSL,1.0188044204929882,rank,2017-02-13,2018-02-26,378
COROMANDEL,0.5536066115473202,rank,2017-02-13,2018-02-26,378
JINDALSTEL,1.1023373813121418,rank,2017-03-14,2018-02-26,349
KEI,0.7454676391258213,rank,2017-05-08,2018-02-26,294
TATASTEEL,0.06663217259369203,rank,2017-08-28,2018-02-26,182
ADANIENT,0.578428672767991,rank,2017-09-11,2018-02-26,168
TATACONSUM,0.0183543137233535,rank,2017-11-20,2018-02-26,98
MOTILALOFS,0.009696991663020738,rank,2018-02-12,2018-02-26,14
ADANIENSOL,0.034896156361478914,atr_stop,2017-12-04,2018-03-12,98
ESCORTS,0.4053768865144447,rank,2017-08-14,2018-03-12,210
PHOENIXLTD,0.19030127433467148,rank,2018-02-26,2018-03-12,14
UNOMINDA,2.628804986832403,atr_stop,2016-11-21,2018-03-19,483
TVSMOTOR,0.11202853957078207,atr_stop,2017-08-14,2018-03-26,224
PRESTIGE,-0.032933474315367195,rank,2017-12-04,2018-04-09,126
VOLTAS,0.06301216662153064,rank,2018-02-12,2018-04-09,56
WIPRO,-0.03045917535167786,rank,2018-02-26,2018-04-09,42
TCS,0.042125776761384515,rank,2018-03-26,2018-04-09,14
ABBOTINDIA,0.057553456185296614,rank,2018-02-26,2018-04-23,56
HINDUNILVR,0.09971038654940045,rank,2018-02-26,2018-04-23,56
PGHH,0.040399164958344835,rank,2018-02-26,2018-04-23,56
HDFCBANK,0.01852099959071052,rank,2018-02-26,2018-04-23,56
HCLTECH,0.12973775289885525,rank,2018-02-26,2018-04-23,56
RELIANCE,-0.007318228053971754,rank,2018-02-26,2018-04-23,56
BLUESTARCO,0.0034002078745760667,rank,2018-03-12,2018-04-23,42
VBL,0.014106241298914801,rank,2018-03-12,2018-04-23,42
LTTS,-0.003988031920191704,rank,2018-04-09,2018-04-23,14
ADANIENSOL,-0.26044730737898425,atr_stop,2018-04-23,2018-05-21,28
PHOENIXLTD,0.16227633973500688,rank,2018-03-26,2018-05-21,56
LTIM,0.1476637119414428,rank,2018-02-26,2018-06-04,98
TECHM,0.1341211411131451,rank,2018-04-09,2018-06-04,56
APLAPOLLO,-0.16612630299754894,rank,2018-04-23,2018-06-18,56
BALKRISIND,1.1724616477317213,atr_stop,2016-11-21,2018-07-02,588
ASHOKLEY,-0.19311930813491884,atr_stop,2018-04-23,2018-07-02,70
GODREJPROP,0.14863704134554556,atr_stop,2017-09-25,2018-07-16,294
DEEPAKNTR,0.7792146370383786,atr_stop,2017-03-14,2018-07-23,496
JINDALSTEL,-0.23909968025434114,atr_stop,2018-05-21,2018-07-23,63
TATACONSUM,-0.17026031143318787,atr_stop,2018-04-23,2018-08-06,105
M&MFIN,0.022278202192452357,rank,2018-06-04,2018-08-13,70
LTIM,0.08144179124380524,rank,2018-08-13,2018-08-27,14
ESCORTS,-0.1882790229144704,atr_stop,2018-04-23,2018-09-10,140
ADANIENT,-0.27004489981768875,atr_stop,2018-08-27,2018-09-10,14
SHRIRAMFIN,-0.14961301741880728,rank,2018-07-30,2018-09-10,42
KEI,-0.21577062132048141,atr_stop,2018-04-23,2018-09-24,154
BAJFINANCE,0.023271312543514444,atr_stop,2018-06-18,2018-09-24,98
BALKRISIND,-0.12570819747820172,atr_stop,2018-08-13,2018-09-24,42
JUBLFOOD,0.40750905332599485,atr_stop,2017-11-20,2018-10-01,315
COFORGE,0.25206924511541073,atr_stop,2018-04-09,2018-10-01,175
TATAELXSI,-0.0500705905262645,atr_stop,2018-06-04,2018-10-01,119
ENDURANCE,0.07873231157160032,atr_stop,2017-10-09,2018-10-08,364
TITAN,0.043504950227007066,atr_stop,2017-11-06,2018-10-08,336
ASTRAL,-0.019939589809587988,atr_stop,2018-01-01,2018-10-08,280
DMART,0.10461933725987538,atr_stop,2018-02-12,2018-10-08,238
BRITANNIA,0.12069181046917388,atr_stop,2018-03-12,2018-10-08,210
UNOMINDA,-0.17307410405177992,atr_stop,2018-04-09,2018-10-08,182
UBL,-0.008413084496056933,atr_stop,2018-07-02,2018-10-08,98
ADANIENSOL,-0.2503283455546398,atr_stop,2018-09-10,2018-10-08,28
JINDALSTEL,-0.22334889791281354,atr_stop,2018-09-10,2018-10-08,28
SAIL,-0.20567968952897042,rank,2018-07-02,2018-10-08,98
BALKRISIND,-0.08629945078786516,rank,2018-09-24,2018-10-08,14
TATAELXSI,-0.06579534993939085,rank,2018-10-08,2018-10-22,14
3MINDIA,-0.04882821822072547,atr_stop,2018-02-26,2018-10-29,245
JSWSTEEL,0.119241997320636,rank,2018-05-21,2018-11-05,168
RELIANCE,-0.11823951412551881,rank,2018-09-24,2018-11-05,42
PAGEIND,0.07777240640614425,atr_stop,2018-04-23,2018-11-19,210
DEEPAKNTR,0.07268491737152338,rank,2018-07-30,2018-12-03,126
SYNGENE,-0.04688061383769415,rank,2018-10-08,2018-12-03,56
AIAENG,-0.012174587385551439,rank,2018-10-08,2018-12-17,70
PGHH,0.032791645554577586,rank,2018-11-19,2018-12-17,28
HONAUT,0.23836210478943687,rank,2018-02-12,2019-01-01,323
BIOCON,-0.01261449316806973,rank,2018-04-23,2019-01-01,253
PHOENIXLTD,0.07323610854995088,rank,2018-10-08,2019-01-01,85
3MINDIA,0.02743259183872171,rank,2018-11-05,2019-01-14,70
LINDEINDIA,-0.06268395691572637,atr_stop,2019-01-01,2019-01-21,20
HCLTECH,-0.0907051911252379,rank,2018-10-08,2019-01-28,112
WIPRO,0.11656549696557694,rank,2018-10-08,2019-01-28,112
HDFCBANK,-0.015293611317373168,rank,2018-12-17,2019-01-28,42
PGHH,-0.006621195781473355,rank,2019-01-14,2019-01-28,14
GODREJCP,-0.018324107335346174,rank,2018-10-08,2019-02-11,126
COLPAL,-0.01888479223692574,rank,2018-12-17,2019-02-11,56
LTTS,-0.09376744383380675,rank,2018-09-24,2019-02-25,154
SRF,0.004736244066955164,rank,2019-02-11,2019-02-25,14
LTIM,-0.032050508777447306,rank,2018-11-05,2019-03-11,126
DMART,0.003871685484513554,rank,2019-02-11,2019-03-11,28
WIPRO,-0.09928472211800288,rank,2019-02-25,2019-03-11,14
TECHM,0.13274697398522295,rank,2018-11-05,2019-03-25,140
MPHASIS,-0.057406651560284794,rank,2019-02-25,2019-03-25,28
HINDUNILVR,0.07000711058884512,rank,2018-10-08,2019-04-08,182
DABUR,-0.03285931979065626,rank,2018-10-08,2019-04-08,182
INFY,0.11400942407422598,rank,2018-10-22,2019-04-08,168
BRITANNIA,-0.048936557396182856,rank,2018-12-03,2019-04-08,126
JUBLFOOD,0.1463434715162244,rank,2018-10-08,2019-04-22,196
NESTLEIND,0.1063854795210093,rank,2018-10-08,2019-05-06,210
GODREJPROP,-0.15400363208866852,rank,2019-04-08,2019-05-06,28
ADANIPOWER,-0.21608198117909327,atr_stop,2019-03-11,2019-05-13,63
AUROPHARMA,-0.12907537737744856,rank,2019-03-25,2019-05-20,56
TORNTPHARM,-0.041240653381316106,atr_stop,2018-10-08,2019-05-27,231
GODFRYPHLP,-0.18026583094094029,atr_stop,2019-04-08,2019-06-03,56
ABBOTINDIA,0.026616378932827756,rank,2018-12-03,2019-06-03,182
UBL,-0.0567736574477663,rank,2019-01-28,2019-06-03,126
VBL,0.1801277015252578,rank,2018-10-08,2019-06-17,252
COFORGE,0.18726540733421637,rank,2018-10-08,2019-07-01,266
RELIANCE,-0.02279237676954249,rank,2019-01-28,2019-07-29,182
BAJAJFINSV,0.16140781727683873,rank,2019-01-28,2019-07-29,182
SBIN,0.1109099033514056,rank,2019-05-06,2019-07-29,84
LINDEINDIA,-0.08259811696789232,rank,2019-05-20,2019-07-29,70
ADANIENT,-0.17273655688941314,rank,2019-06-03,2019-07-29,56
PFC,-0.13050724408429593,atr_stop,2019-04-08,2019-08-05,119
UPL,-0.2263670738964243,atr_stop,2019-06-03,2019-08-13,71
ASTRAL,0.06980206531648281,rank,2019-01-01,2019-08-13,224
HAVELLS,-0.07141681181441184,rank,2019-01-28,2019-08-13,197
AXISBANK,-0.10980539515539633,rank,2019-03-11,2019-08-13,155
ADANIGREEN,0.06651685187976475,rank,2019-06-03,2019-08-13,71
BAJFINANCE,0.30500945584785955,rank,2019-01-28,2019-08-26,210
ICICIBANK,0.04325111834209383,rank,2019-04-08,2019-08-26,140
RECLTD,-0.1586729705037444,atr_stop,2019-06-17,2019-09-23,98
TIINDIA,0.013939130304475356,rank,2019-01-01,2019-09-23,265
ADANIENSOL,0.06902061234196921,rank,2019-05-06,2019-09-23,140
WIPRO,-0.07900763821900281,rank,2019-07-29,2019-09-23,56
TCS,-0.08019638831509768,rank,2019-08-13,2019-09-23,41
HCLTECH,-0.03609808627464772,rank,2019-08-13,2019-09-23,41
DRREDDY,0.0850154576744695,rank,2019-08-26,2019-09-23,28
DIVISLAB,0.37524211055316026,rank,2018-04-23,2019-10-07,532
IPCALAB,0.17897705293839827,rank,2018-07-16,2019-10-07,448
INFY,0.0006534763979197944,rank,2019-07-29,2019-10-07,70
VBL,-0.05638549889839717,rank,2019-07-29,2019-10-07,70
INDHOTEL,-0.026109170352702993,rank,2019-09-23,2019-10-07,14
HINDUNILVR,-0.04308102260281366,rank,2019-09-23,2019-10-07,14
PHOENIXLTD,-0.03458611045138804,rank,2019-09-23,2019-10-07,14
HONAUT,-0.01802161770028199,rank,2019-09-23,2019-10-07,14
APOLLOHOSP,0.12818408859279828,rank,2019-08-13,2019-10-22,70
INDIGO,-0.1395334561351521,atr_stop,2019-06-03,2019-10-27,146
UPL,0.0768475329324978,rank,2019-08-26,2019-11-04,70
TITAN,0.05960931778781031,rank,2019-07-29,2019-11-18,112
ASTRAL,-0.1146788712489224,rank,2019-09-23,2019-11-18,56
NESTLEIND,0.0486155776378463,rank,2019-09-23,2019-12-02,70
INDIGO,0.006974015912111664,rank,2019-11-04,2019-12-02,28
KEI,-0.16905427030468445,atr_stop,2019-10-07,2019-12-16,70
ADANIPOWER,0.34578077536092167,rank,2019-05-20,2019-12-16,210
MUTHOOTFIN,0.2936596500421733,rank,2019-03-11,2020-01-27,322
GODREJPROP,-0.029370535122659747,rank,2019-07-01,2020-01-27,210
SBILIFE,0.21053447123057212,rank,2019-08-13,2020-02-10,181
GODFRYPHLP,-0.019136884748971572,rank,2019-12-02,2020-02-10,70
SIEMENS,-0.07324503279326722,rank,2019-10-07,2020-02-24,140
ATGL,-0.06422672756904213,atr_stop,2019-10-07,2020-03-02,147
BPCL,-0.1485733632323959,atr_stop,2019-10-07,2020-03-02,147
ADANIGREEN,0.6092081140493253,atr_stop,2019-10-22,2020-03-02,132
ADANIENSOL,-0.08234437953970675,atr_stop,2019-11-04,2020-03-02,119
PRESTIGE,-0.039256996151916135,atr_stop,2019-12-02,2020-03-02,91
NAM-INDIA,0.13786285978108648,atr_stop,2019-10-07,2020-03-09,154
BAJFINANCE,0.04086087172157815,rank,2019-10-07,2020-03-09,154
BAJAJFINSV,-0.08004901274318521,rank,2019-11-18,2020-03-09,112
ADANIENT,-0.19082978781987192,rank,2020-02-24,2020-03-09,14
NAUKRI,0.34829067672817726,atr_stop,2018-09-10,2020-03-16,553
ICICIGI,0.03364792575334241,atr_stop,2019-04-22,2020-03-16,329
TRENT,0.2882671705329378,atr_stop,2019-08-13,2020-03-16,216
HDFCAMC,-0.11488614487347804,atr_stop,2019-09-23,2020-03-16,175
HDFCLIFE,-0.1446074006335869,atr_stop,2019-10-07,2020-03-16,161
BERGEPAINT,0.02389278039151077,atr_stop,2019-10-07,2020-03-16,161
APLAPOLLO,-0.29909282016238314,atr_stop,2020-02-10,2020-03-16,35
SRF,0.1390430313330704,atr_stop,2019-03-25,2020-03-23,364
PIIND,-0.024578161124228726,atr_stop,2019-07-29,2020-03-23,238
JKCEMENT,-0.09863016384677692,atr_stop,2019-08-13,2020-03-23,223
DIXON,-0.014898765807470515,atr_stop,2019-11-18,2020-03-23,126
GUJGASLTD,-0.16141573132711728,atr_stop,2019-12-16,2020-03-23,98
DEEPAKNTR,-0.17963728738803064,atr_stop,2020-01-27,2020-03-23,56
TATACONSUM,-0.3896664882731242,atr_stop,2020-01-27,2020-03-23,56
AUBANK,-0.4818470385635386,atr_stop,2020-02-10,2020-03-23,42
VBL,-0.281497032197095,atr_stop,2020-03-09,2020-03-23,14
PHOENIXLTD,-0.26597958831010327,atr_stop,2020-03-09,2020-03-23,14
COFORGE,-0.4405184504663321,atr_stop,2020-03-09,2020-03-23,14
TCS,-0.17589237785398548,rank,2020-03-09,2020-03-23,14
PIDILITIND,-0.23161668912115219,atr_stop,2020-03-09,2020-03-30,21
VBL,0.1602641512181473,rank,2020-03-23,2020-04-20,28
NAM-INDIA,-0.023231273544667586,atr_stop,2020-03-23,2020-04-27,35
POLYCAB,0.04331699531263822,rank,2020-03-23,2020-05-04,42
HINDUNILVR,0.04011579049680125,atr_stop,2020-03-23,2020-05-26,64
VBL,-0.024144921644960737,rank,2020-05-04,2020-06-01,28
ALKEM,0.12147650643047303,rank,2020-03-23,2020-06-29,98
ASIANPAINT,0.08526393448106528,rank,2020-03-23,2020-06-29,98
LUPIN,0.07314094104931601,rank,2020-06-01,2020-06-29,28
HDFCAMC,0.15078042598226649,rank,2020-03-23,2020-07-13,112
DRREDDY,0.3946471766559936,rank,2020-03-23,2020-07-13,112
ADANIGREEN,1.5540677584747007,atr_stop,2020-03-09,2020-07-20,133
DMART,0.08545424604065222,atr_stop,2020-03-23,2020-07-20,119
TORNTPHARM,0.02046649922411925,rank,2020-04-07,2020-07-27,111
IGL,-0.12569591975625516,rank,2020-04-20,2020-07-27,98
NESTLEIND,0.274165877687079,rank,2020-03-23,2020-08-10,140
DIVISLAB,0.7018430071748103,rank,2020-03-23,2020-08-10,140
AJANTPHARM,0.1456746172637442,rank,2020-03-09,2020-08-24,168
BERGEPAINT,0.36486203957349406,rank,2020-03-23,2020-08-24,154
BHARTIARTL,0.24701002390153337,rank,2020-03-23,2020-08-24,154
COROMANDEL,0.2224038399635222,rank,2020-03-09,2020-09-07,182
GUJGASLTD,0.4044035106448365,rank,2020-03-23,2020-09-07,168
ABBOTINDIA,0.23339577757447394,rank,2019-12-16,2020-09-21,280
MUTHOOTFIN,0.0010282118239617333,atr_stop,2020-06-29,2020-09-28,91
JINDALSTEL,-0.2040188789547216,atr_stop,2020-08-24,2020-09-28,35
IDBI,-0.19970295177327924,atr_stop,2020-08-24,2020-09-28,35
IDEA,0.01459131598299268,atr_stop,2020-08-10,2020-10-05,56
COFORGE,0.08145750465870649,atr_stop,2020-08-10,2020-11-02,84
RELIANCE,-0.07501833173399819,rank,2020-07-27,2020-11-14,110
BIOCON,-0.046852584564106126,rank,2020-10-05,2020-12-01,57
IPCALAB,0.5436336890457152,rank,2020-03-09,2020-12-14,280
PIIND,1.085554805756387,rank,2020-03-23,2020-12-28,280
TRENT,0.6093405605849913,rank,2020-03-23,2021-01-11,294
MFSL,0.288549120561989,rank,2020-07-13,2021-01-11,182
ADANIGREEN,1.7715151475315007,atr_stop,2020-07-27,2021-01-18,175
CGPOWER,0.5951003974956073,atr_stop,2020-09-07,2021-01-25,140
SAIL,-0.22752711809790782,atr_stop,2021-01-11,2021-01-25,14
SRF,0.9242971158603488,rank,2020-03-23,2021-01-25,308
IRB,-0.08102576572742837,rank,2020-07-27,2021-01-25,182
NAUKRI,0.6554469567494461,atr_stop,2020-06-01,2021-02-01,245
COFORGE,-0.04777174405554441,rank,2020-12-28,2021-02-08,42
JSL,0.19258079673127426,atr_stop,2020-11-02,2021-02-15,105
IDEA,0.1842799414794387,atr_stop,2020-10-05,2021-02-22,140
TATACONSUM,0.8210935344208303,rank,2020-05-04,2021-02-22,294
BALKRISIND,0.24432423293103245,rank,2020-06-29,2021-02-22,238
GLENMARK,-0.022935126152420326,rank,2020-11-14,2021-02-22,100
PATANJALI,0.060646652172186455,rank,2020-12-14,2021-02-22,70
ESCORTS,0.3010522021080706,rank,2020-06-29,2021-03-08,252
AUROPHARMA,0.05617436135708043,rank,2020-07-13,2021-03-08,238
HAVELLS,-0.0028374766586554134,rank,2021-01-25,2021-03-08,42
MAHABANK,-0.14234031936127745,atr_stop,2021-02-22,2021-03-22,28
ASHOKLEY,-0.051226840995637346,rank,2021-01-25,2021-03-22,56
BEL,-0.08741793393542518,rank,2021-02-08,2021-03-22,42
IDEA,-0.15209764168563,atr_stop,2021-02-22,2021-03-30,36
NAUKRI,-0.12908078104747434,atr_stop,2021-02-08,2021-04-05,56
TATACOMM,0.24909636115460398,rank,2020-08-24,2021-04-05,224
IOB,-0.013217941927239907,rank,2021-02-22,2021-04-05,42
MFSL,0.024830310989931492,rank,2021-02-22,2021-04-05,42
LTIM,-0.03565002264298156,rank,2021-01-11,2021-04-19,98
ADANIGREEN,-0.018544941836382223,atr_stop,2021-01-25,2021-05-03,98
JINDALSTEL,0.9465720467950847,atr_stop,2020-10-05,2021-06-21,259
ATGL,2.4847240973953313,atr_stop,2020-12-01,2021-06-21,202
ADANIENSOL,0.6226744465803804,atr_stop,2021-02-22,2021-06-21,119
ADANIPOWER,0.20521112833465804,atr_stop,2021-03-22,2021-06-21,91
ADANIGREEN,0.04294372441549288,atr_stop,2021-05-03,2021-06-21,49
ATGL,-0.22462478026380073,atr_stop,2021-06-28,2021-07-19,21
TIINDIA,0.047176261964077426,rank,2021-02-22,2021-07-26,154
ADANIENSOL,-0.21631781289678387,atr_stop,2021-06-28,2021-08-02,35
ADANIPOWER,-0.20417785119416343,atr_stop,2021-06-28,2021-08-09,42
TMPV,-0.023936379210083847,atr_stop,2021-01-25,2021-08-23,210
VEDL,0.23331334900907885,atr_stop,2021-03-08,2021-08-23,168
MOTHERSON,-0.03277952407724005,atr_stop,2021-03-22,2021-08-23,154
SAIL,0.24158317622689962,atr_stop,2021-04-05,2021-09-20,168
ADANIGREEN,0.21158242988278264,rank,2021-08-23,2021-09-20,28
ADANIENSOL,0.6108777272770411,atr_stop,2021-08-09,2021-09-27,49
TATAELXSI,3.4158481990548486,rank,2020-10-05,2021-10-04,364
JSWSTEEL,0.37556809346000186,rank,2021-04-05,2021-10-18,196
DALBHARAT,0.19662721939319572,atr_stop,2021-03-22,2021-10-25,217
IRCTC,0.14801138653703627,atr_stop,2021-09-20,2021-10-25,35
DEEPAKNTR,5.919772622056269,atr_stop,2020-03-23,2021-11-01,588
FACT,1.447640479768681,atr_stop,2020-07-27,2021-11-01,462
HINDALCO,0.35300207017062957,rank,2021-04-05,2021-11-01,210
TATASTEEL,0.3468406168761353,atr_stop,2021-04-19,2021-11-22,217
JSWENERGY,0.8722584007768559,atr_stop,2021-06-28,2021-11-22,147
BAJAJFINSV,-0.008447599642572023,rank,2021-11-01,2021-12-13,42
ADANIPOWER,-0.17997079971730978,atr_stop,2021-10-18,2021-12-27,70
TATAPOWER,0.9720832307986766,rank,2021-03-08,2021-12-27,294
JSL,0.19617224880382778,rank,2021-07-26,2021-12-27,154
ASTRAL,0.04021335131831849,rank,2021-08-23,2021-12-27,126
SAIL,-0.08345923586432924,rank,2021-10-04,2021-12-27,84
DEEPAKNTR,0.014597804621079069,rank,2021-11-01,2021-12-27,56
VEDL,0.12720095193089165,rank,2021-11-01,2021-12-27,56
MAXHEALTH,0.20912166772206664,rank,2021-08-23,2022-01-10,140
APOLLOHOSP,0.040680196155277404,rank,2021-12-27,2022-01-10,14
AJANTPHARM,0.06566070981403183,rank,2021-12-27,2022-01-10,14
LTIM,0.003242885543402574,rank,2021-12-27,2022-01-10,14
SCHAEFFLER,0.09146656105950779,rank,2021-12-27,2022-01-10,14
ABB,0.015475897366209912,rank,2021-12-27,2022-01-10,14
DIXON,6.411793016440651,rank,2020-03-23,2022-01-24,672
APLAPOLLO,2.089797071443483,atr_stop,2020-09-21,2022-01-31,497
LTTS,0.007808693555952262,atr_stop,2021-10-04,2022-01-31,119
FACT,0.13093008045415,rank,2021-11-01,2022-02-07,98
TATAPOWER,0.09279040537456185,rank,2022-01-10,2022-02-07,28
DEEPAKNTR,-0.08212633298186889,rank,2022-01-10,2022-02-07,28
TMPV,-0.0012686793450231715,rank,2022-01-10,2022-02-07,28
JSL,0.11324414880380473,rank,2022-01-10,2022-02-07,28
NATIONALUM,0.06386536593761072,rank,2022-01-10,2022-02-07,28
ADANIPOWER,0.04793356195202292,rank,2022-01-24,2022-02-07,14
KPITTECH,2.1030811254631363,atr_stop,2021-04-05,2022-02-14,315
PERSISTENT,0.4289642803977689,atr_stop,2021-06-28,2022-02-21,238
UNOMINDA,-0.2134286833096447,atr_stop,2021-12-27,2022-02-21,56
FLUOROCHEM,0.4363524662389522,atr_stop,2021-08-09,2022-02-28,203
ADANIENT,4.483128054593187,rank,2020-09-07,2022-03-07,546
AJANTPHARM,-0.20282534710379208,rank,2022-02-07,2022-03-07,28
PGHH,-0.03971752507323978,rank,2022-02-07,2022-03-07,28
IRCTC,-0.09801006066374207,rank,2021-11-01,2022-03-21,140
VEDL,0.16792554331270004,rank,2022-01-10,2022-03-21,70
TIINDIA,-0.14289869029132907,rank,2022-02-07,2022-03-21,42
TATAELXSI,0.3193742907562651,rank,2022-02-21,2022-04-04,42
FORTIS,0.09757952746544563,rank,2022-03-07,2022-04-04,28
MAXHEALTH,0.04952753615823524,rank,2022-02-07,2022-04-18,70
SCHAEFFLER,0.1340037835172594,rank,2022-02-07,2022-04-18,70
APOLLOHOSP,0.009123070802413258,rank,2022-02-07,2022-04-18,70
360ONE,0.048138409177723274,rank,2022-02-07,2022-04-18,70
THERMAX,0.09952491800299179,rank,2022-02-07,2022-04-18,70
OIL,0.03704811959052212,rank,2022-02-21,2022-04-18,56
LTIM,-0.03352027047273609,rank,2022-03-07,2022-04-18,42
CIPLA,-0.036999852402222255,rank,2022-03-21,2022-04-18,28
ABB,0.04035038288442139,rank,2022-03-21,2022-04-18,28
POWERINDIA,-0.011368487275992267,atr_stop,2022-01-24,2022-05-09,105
CGPOWER,3.206120630710897,atr_stop,2021-01-25,2022-05-16,476
LINDEINDIA,0.7645394287081702,atr_stop,2021-03-08,2022-05-16,434
KPRMILL,1.657343803968942,atr_stop,2021-04-05,2022-05-16,406
ADANIENSOL,0.37056076013110695,atr_stop,2021-10-04,2022-05-16,224
JSWENERGY,-0.13313875210697823,atr_stop,2021-11-29,2022-05-16,168
BSE,0.40476285735877915,atr_stop,2021-11-29,2022-05-16,168
ADANIGREEN,0.13174965611905765,atr_stop,2022-02-07,2022-05-16,98
KPITTECH,-0.0706709362171315,atr_stop,2022-02-21,2022-05-16,84
FLUOROCHEM,-0.011528838610724734,atr_stop,2022-03-07,2022-05-16,70
PERSISTENT,-0.11041947759140236,atr_stop,2022-03-07,2022-05-16,70
BDL,0.15775780692005026,atr_stop,2022-03-21,2022-05-16,56
IRB,-0.22503477892699442,atr_stop,2022-04-04,2022-05-16,42
SUZLON,-0.19424953773434706,atr_stop,2022-04-18,2022-05-16,28
JSL,-0.28622754491017965,atr_stop,2022-04-18,2022-05-16,28
LODHA,-0.19749517476174716,atr_stop,2022-04-18,2022-05-16,28
ADANIGREEN,-0.1983157485328716,atr_stop,2022-05-16,2022-06-06,21
JSWENERGY,-0.06101827964624129,atr_stop,2022-05-16,2022-06-13,28
IRCTC,-0.24494461814886692,atr_stop,2022-04-18,2022-06-20,63
ADANIPOWER,0.1354503382615304,atr_stop,2022-04-18,2022-06-20,63
BSE,-0.20149153170452339,atr_stop,2022-05-16,2022-06-20,35
TATAPOWER,-0.2008905589414075,atr_stop,2022-04-18,2022-06-27,70
KPRMILL,-0.07879300643068876,atr_stop,2022-05-16,2022-06-27,42
CRISIL,-0.029811196418551345,rank,2022-04-04,2022-06-27,84
OIL,-0.0744800408472811,atr_stop,2022-05-16,2022-07-04,49
SRF,-0.1621401522404995,rank,2022-04-18,2022-07-11,84
MAXHEALTH,0.03347750928520976,rank,2022-05-16,2022-08-08,84
POWERGRID,-0.053197889213263405,rank,2022-05-16,2022-08-08,84
ESCORTS,0.06860354569821947,rank,2022-06-27,2022-08-08,42
SCHAEFFLER,0.4778217699209746,rank,2022-05-16,2022-08-22,98
ABB,0.25810415213106275,rank,2022-05-16,2022-08-22,98
LINDEINDIA,0.11799501505544874,rank,2022-05-16,2022-09-05,112
POWERINDIA,0.134238449788052,rank,2022-05-16,2022-09-19,126
KPRMILL,0.1023776898827804,rank,2022-06-27,2022-09-19,84
IDEA,0.022345552796845247,rank,2022-08-22,2022-10-03,42
ADANIENSOL,0.4900208535272761,atr_stop,2022-06-27,2022-10-10,105
TATAELXSI,-0.024823899739553013,atr_stop,2022-05-16,2022-10-17,154
ADANIPOWER,0.19504061518612548,atr_stop,2022-07-11,2022-10-17,98
TATAPOWER,-0.016681303191520946,rank,2022-08-08,2022-10-31,84
SOLARINDS,0.25050330224804807,rank,2022-04-18,2022-11-28,224
BSE,-0.12745936698032512,rank,2022-08-08,2022-11-28,112
FLUOROCHEM,0.1639101378359611,atr_stop,2022-06-13,2022-12-12,182
ADANIENSOL,-0.12765948526955784,atr_stop,2022-10-17,2022-12-12,56
KEI,0.435801357379191,rank,2021-12-13,2022-12-12,364
TATAINVEST,-0.2243773322919379,atr_stop,2022-09-19,2022-12-19,91
ADANIGREEN,-0.034322736130066867,atr_stop,2022-06-27,2022-12-26,182
MAZDOCK,0.6918140015602494,atr_stop,2022-09-19,2022-12-26,98
ADANIPOWER,-0.21219108930642383,atr_stop,2022-10-17,2022-12-26,70
UNIONBANK,-0.05216068711297395,atr_stop,2022-11-28,2022-12-26,28
BANKINDIA,-0.14813777662347527,atr_stop,2022-12-12,2022-12-26,14
SUZLON,-0.03640993874320342,atr_stop,2022-12-12,2022-12-26,14
CGPOWER,0.6744388518082511,rank,2022-05-16,2023-01-09,238
KPITTECH,0.42417681180896616,rank,2022-05-16,2023-01-09,238
SUZLON,0.09041176905448367,rank,2022-12-26,2023-01-09,14
ATGL,1.7286735979881258,atr_stop,2021-07-26,2023-01-30,553
ADANIENT,0.038870877811531646,atr_stop,2022-08-08,2023-01-30,175
FACT,0.13077689466252918,atr_stop,2022-12-26,2023-01-30,35
BANKINDIA,-0.047986540167205494,atr_stop,2022-12-26,2023-01-30,35
ADANIPOWER,-0.3061088124180823,atr_stop,2022-12-26,2023-02-06,42
AWL,-0.35008721095815054,atr_stop,2023-01-09,2023-02-06,28
BEL,0.18419524301027335,rank,2022-06-27,2023-02-06,224
CANBK,0.22024668148435111,rank,2022-09-05,2023-02-06,154
MAHABANK,-0.0754317661420224,rank,2023-01-09,2023-02-06,28
UCOBANK,-0.13603754833429382,atr_stop,2022-12-26,2023-02-20,56
BANKBARODA,0.4170099405517207,rank,2022-08-22,2023-02-20,182
RVNL,-0.20342506374042846,atr_stop,2022-11-28,2023-02-27,91
UNIONBANK,-0.11553461504187423,atr_stop,2022-12-26,2023-02-27,63
MAZDOCK,-0.1707436653636859,atr_stop,2022-12-26,2023-03-27,91
LINDEINDIA,0.07166524905110805,rank,2023-02-20,2023-04-03,42
KALYANKJIL,-0.098159256268473,atr_stop,2022-12-12,2023-04-10,119
BDL,0.46929893566044667,rank,2022-05-16,2023-05-02,351
GODFRYPHLP,-0.16327864877620035,rank,2023-01-09,2023-05-02,113
NHPC,0.07798974000996184,rank,2023-02-06,2023-05-02,85
INDHOTEL,0.42837656509512057,rank,2022-04-18,2023-05-15,392
SOLARINDS,-0.0440303086761511,rank,2023-02-06,2023-05-15,98
SCHAEFFLER,0.0727737964690669,rank,2023-02-06,2023-05-15,98
ITC,0.10337581838095478,rank,2023-02-06,2023-05-15,98
BLUESTARCO,0.032605292174360034,rank,2023-02-06,2023-05-15,98
AIAENG,-0.02518576980949294,rank,2023-02-06,2023-05-15,98
ABBOTINDIA,0.019848572311450097,rank,2023-02-06,2023-05-15,98
BRITANNIA,0.07201879398392008,rank,2023-04-03,2023-05-15,42
MAXHEALTH,0.17010331810942714,rank,2023-04-03,2023-05-15,42
ZYDUSLIFE,-0.0036861487746914223,rank,2023-05-02,2023-05-15,13
NMDC,0.05387940551931103,atr_stop,2022-10-31,2023-05-22,203
GVT&D,-0.14291182982237882,atr_stop,2023-05-15,2023-06-05,21
TIINDIA,0.557250398861032,rank,2022-07-11,2023-07-10,364
TVSMOTOR,0.22809770780004768,rank,2022-10-17,2023-07-10,266
ABB,0.24940033033198739,rank,2023-05-02,2023-07-24,83
CGPOWER,0.32078514509754363,rank,2023-02-06,2023-08-07,182
CUMMINSIND,0.08880096184082076,rank,2023-02-20,2023-08-07,168
BANKBARODA,0.049032287272615216,rank,2023-05-15,2023-08-07,84
APOLLOTYRE,0.057580721011419644,rank,2023-05-15,2023-09-04,112
ETERNAL,-0.008958237760906429,rank,2023-08-07,2023-09-04,28
HAL,1.1689597138755334,rank,2022-06-13,2023-09-18,462
IDFCFIRSTB,0.25520190122354935,rank,2023-06-12,2023-10-16,126
INDIANB,1.1375382744971696,rank,2022-10-03,2023-10-30,392
MAHABANK,0.36706179477779166,rank,2023-05-15,2023-10-30,168
COCHINSHIP,0.797044976454427,rank,2023-05-15,2023-10-30,168
BANKINDIA,0.2347869601233692,rank,2023-05-15,2023-10-30,168
GVT&D,0.7091681565102192,rank,2023-07-10,2023-10-30,112
SJVN,0.06371777046599925,rank,2023-09-04,2023-10-30,56
UCOBANK,0.4485287520657091,atr_stop,2023-02-20,2023-11-12,265
NMDC,0.6875011116478504,rank,2023-05-29,2023-11-12,167
BLUESTARCO,0.10144985851746502,rank,2023-10-30,2023-11-12,13
CRISIL,0.05512572959808093,rank,2023-10-30,2023-11-12,13
AIAENG,0.01629474372032247,rank,2023-10-30,2023-11-12,13
MAXHEALTH,0.04391409858510342,rank,2023-10-30,2023-11-12,13
UNIONBANK,0.5456037447928108,rank,2023-05-15,2023-11-28,197
SUPREMEIND,-0.056290091066212966,rank,2023-10-30,2023-11-28,29
VBL,1.9557771985760048,rank,2022-05-16,2023-12-11,574
IOB,-0.003153785236950757,rank,2023-09-18,2023-12-26,99
UCOBANK,0.04818667692919165,rank,2023-11-12,2023-12-26,44
POLICYBZR,0.07431483152431784,rank,2023-11-12,2024-01-08,57
POLYCAB,-0.21394950086241693,atr_stop,2023-11-28,2024-01-15,48
NIACL,0.11036731354378282,rank,2023-11-28,2024-01-20,53
RVNL,3.0013006074427935,atr_stop,2023-03-06,2024-02-19,350
SJVN,0.3838747491074741,atr_stop,2023-12-11,2024-02-19,70
KEI,0.9037565548304576,rank,2023-03-06,2024-02-19,350
KPITTECH,0.7756080100704352,rank,2023-05-02,2024-02-19,293
MEDANTA,0.8854280475468503,rank,2023-10-30,2024-02-19,112
NLCINDIA,-0.05462135566859494,atr_stop,2023-12-26,2024-03-02,67
GLENMARK,0.13858376065242317,rank,2023-08-07,2024-03-02,208
FACT,1.093441447190091,atr_stop,2023-05-15,2024-03-18,308
SUZLON,1.1738700816189396,atr_stop,2023-07-10,2024-03-18,252
IRFC,1.836035816936811,atr_stop,2023-08-07,2024-03-18,224
PRESTIGE,0.16083223348840558,atr_stop,2023-11-12,2024-03-18,127
LODHA,-0.09002118042152318,rank,2024-03-02,2024-03-18,16
MAZDOCK,1.6579680666855152,atr_stop,2023-04-17,2024-03-26,344
ADANIGREEN,-0.04522424393713853,rank,2024-03-02,2024-04-01,30
AUROPHARMA,0.05530309004038769,rank,2023-11-28,2024-04-15,139
RVNL,-0.026902391646124624,rank,2024-02-19,2024-05-13,84
BSE,0.6912509071049133,atr_stop,2023-10-16,2024-06-24,252
MOTILALOFS,0.23182891481112367,atr_stop,2024-02-19,2024-07-08,140
ADANIPOWER,0.2175210981545681,atr_stop,2024-02-19,2024-07-22,154
JSL,1.4947852246142794,rank,2023-05-15,2024-08-05,448
POWERINDIA,-0.19155273632993397,atr_stop,2024-07-08,2024-08-12,35
COCHINSHIP,1.488497416863782,atr_stop,2024-01-20,2024-08-19,212
MAZDOCK,1.240154169468187,atr_stop,2024-04-01,2024-08-26,147
APARINDS,8.19092790269319,rank,2022-06-27,2024-09-02,798
SJVN,0.10742818034117785,rank,2024-02-19,2024-09-02,196
HUDCO,0.5107571288454986,atr_stop,2024-01-20,2024-09-09,233
IRFC,0.2312159922024939,atr_stop,2024-03-18,2024-09-09,175
BHEL,0.021902741532152215,atr_stop,2024-04-15,2024-09-09,147
OIL,0.46708189352520213,atr_stop,2024-05-13,2024-09-16,126
HAL,0.4616664672325814,atr_stop,2024-01-08,2024-09-23,259
COCHINSHIP,-0.21012044390171447,atr_stop,2024-08-19,2024-09-30,42
PFC,1.5998645688868849,rank,2023-07-24,2024-09-30,434
RECLTD,1.3017345590509124,rank,2023-09-04,2024-09-30,392
RVNL,-0.2388766475961276,atr_stop,2024-07-22,2024-10-07,77
JSWINFRA,-0.07815079407401815,rank,2024-09-30,2024-10-14,14
SUZLON,0.7988697928817692,atr_stop,2024-03-18,2024-10-28,224
GODFRYPHLP,-0.0448112967119898,atr_stop,2024-09-02,2024-10-28,56
INDUSTOWER,-0.23592146251430213,atr_stop,2024-09-02,2024-10-28,56
OIL,-0.1967330961436019,atr_stop,2024-09-16,2024-10-28,42
HUDCO,-0.20599053465396255,atr_stop,2024-09-16,2024-10-28,42
COCHINSHIP,-0.20992704584824862,atr_stop,2024-09-30,2024-10-28,28
HINDPETRO,-0.10450648876087909,rank,2024-09-02,2024-10-28,56
IRFC,-0.1601782996798926,rank,2024-09-16,2024-10-28,42
VEDL,-0.10340221127674964,rank,2024-09-30,2024-10-28,28
BPCL,-0.1610114029147912,rank,2024-09-30,2024-10-28,28
RVNL,-0.1057960163470909,rank,2024-10-14,2024-10-28,14
BDL,-0.14147513681088175,rank,2024-10-14,2024-10-28,14
PRESTIGE,0.590893109076255,atr_stop,2024-03-18,2024-11-04,231
TRENT,1.140449865946504,atr_stop,2023-12-26,2024-11-11,321
SOLARINDS,0.157934966851903,rank,2024-03-18,2024-11-11,238
TORNTPOWER,0.10660339829462773,atr_stop,2024-04-01,2024-11-18,231
POWERINDIA,-0.05455598693727726,atr_stop,2024-08-19,2024-11-18,91
BAJAJ-AUTO,-0.1321841751178422,rank,2024-10-28,2024-12-23,56
KALYANKJIL,4.445773958522218,atr_stop,2023-05-15,2025-01-13,609
OFSS,0.30140057722393054,atr_stop,2024-02-19,2025-01-20,336
MOTILALOFS,0.3005918030830206,atr_stop,2024-08-05,2025-01-20,168
POLICYBZR,0.04795936169220294,atr_stop,2024-10-28,2025-01-20,84
CGPOWER,-0.0862171987134972,rank,2024-10-28,2025-01-20,84
VOLTAS,-0.1077571539871055,rank,2024-10-28,2025-01-20,84
APOLLOHOSP,-0.05915055052111817,rank,2024-11-11,2025-01-20,70
CIPLA,-0.08469010302561975,rank,2024-11-11,2025-01-20,70
ETERNAL,0.6976910226658066,atr_stop,2023-11-12,2025-01-27,442
TRENT,-0.14882818192515912,atr_stop,2024-11-11,2025-01-27,77
CRISIL,-0.04138602031869243,atr_stop,2024-11-25,2025-01-27,63
DIXON,1.0978079293842202,atr_stop,2024-03-18,2025-02-01,320
360ONE,-0.07538133277675685,atr_stop,2024-11-25,2025-02-01,68
TATAINVEST,-0.13668714258489467,rank,2024-09-16,2025-02-01,138
OFSS,-0.11351306739216616,rank,2025-01-20,2025-02-01,12
GVT&D,3.338972757982164,atr_stop,2023-11-12,2025-02-10,456
KPRMILL,-0.24643683558331186,atr_stop,2024-12-23,2025-02-17,56
SUNPHARMA,-0.09108098472276294,rank,2024-10-28,2025-02-17,112
ICICIGI,-0.0952062228326922,rank,2024-10-28,2025-02-17,112
MAXHEALTH,0.046264358733580035,rank,2024-10-28,2025-02-17,112
LUPIN,-0.09223655301636025,rank,2024-10-28,2025-02-17,112
EICHERMOT,-0.11104575390364269,rank,2025-02-01,2025-02-17,16
BSE,0.7740314791172933,atr_stop,2024-06-24,2025-03-03,252
LLOYDSME,-0.2933216399567733,atr_stop,2025-01-20,2025-03-03,42
GODFRYPHLP,-0.19872132053531721,atr_stop,2025-02-17,2025-03-03,14
TORNTPHARM,-0.13516499275566896,rank,2024-10-28,2025-03-03,126
CRISIL,-0.18805237771975714,rank,2025-02-01,2025-03-03,30
UNITDSPR,-0.11221035442376859,rank,2025-02-01,2025-03-03,30
POLICYBZR,-0.18625363937791062,atr_stop,2025-01-20,2025-03-10,49
ETERNAL,-0.11693371778143791,rank,2025-02-01,2025-04-01,59
BLUESTARCO,-0.08504961691798252,atr_stop,2025-02-17,2025-04-28,70
BHARTIARTL,0.09789450444483516,rank,2024-10-28,2025-04-28,182
AJANTPHARM,-0.04390291745070407,rank,2024-11-11,2025-04-28,168
MARICO,0.0746343548126771,rank,2025-01-20,2025-04-28,98
MUTHOOTFIN,-0.052812891066733925,rank,2025-02-01,2025-04-28,86
ITC,0.043222284159797564,rank,2025-02-17,2025-04-28,70
HDFCBANK,0.124973076276091,rank,2025-02-17,2025-04-28,70
BAJFINANCE,0.05743847293007032,rank,2025-03-03,2025-04-28,56
M&M,0.052629977549583984,rank,2025-01-20,2025-05-26,126
INDIGO,0.03230831909833265,rank,2025-04-28,2025-05-26,28
GLAXO,0.21132471796264496,rank,2025-04-01,2025-06-09,69
RVNL,0.08150081247093266,rank,2025-04-28,2025-06-23,56
SHRIRAMFIN,0.0889500715311915,rank,2025-04-28,2025-07-07,70
FACT,-0.10658295408464535,rank,2025-06-09,2025-07-07,28
BSE,0.628342512031808,atr_stop,2025-03-03,2025-07-14,133
MAZDOCK,0.3781236971211124,atr_stop,2025-03-03,2025-07-21,140
BDL,0.16561613524173335,rank,2025-04-28,2025-07-21,84
SOLARINDS,0.08814628806902314,atr_stop,2025-04-28,2025-08-04,98
JUBLFOOD,-0.10556083242172809,rank,2025-02-01,2025-08-04,184
SUZLON,0.13764757178021636,rank,2025-04-28,2025-08-04,98
PERSISTENT,-0.10221811757443788,rank,2025-05-26,2025-08-04,70
HINDPETRO,-0.09410802511092431,rank,2025-07-07,2025-08-04,28
POLICYBZR,0.1115956738806374,rank,2025-04-28,2025-09-01,126
GLENMARK,-0.1308279760942136,rank,2025-07-21,2025-09-01,42
DIVISLAB,0.011508251299626071,rank,2025-01-20,2025-09-15,238
GODREJIND,0.07163676936803465,rank,2025-03-17,2025-09-15,182
PREMIERENE,0.0337624941603023,rank,2025-08-04,2025-09-15,42
LLOYDSME,0.24654272721774073,atr_stop,2025-03-03,2025-09-29,210
COFORGE,0.04932024980111782,atr_stop,2025-04-28,2025-09-29,154
BSE,-0.16446761185157321,atr_stop,2025-07-21,2025-09-29,70
BAJAJHLDNG,0.15651874218540018,rank,2025-01-20,2025-09-29,252
BHARTIHEXA,0.2782170947934557,rank,2025-03-03,2025-09-29,210
MAXHEALTH,-0.10300912398572815,rank,2025-08-04,2025-09-29,56
MFSL,-0.0029643676745539915,rank,2025-06-23,2025-10-13,112
COROMANDEL,0.2572959628780327,atr_stop,2025-02-17,2025-10-20,245
POWERINDIA,0.2858694675008606,atr_stop,2025-01-20,2025-10-27,280
DIXON,0.05090955651412887,rank,2025-02-01,2025-10-27,268
MOTILALOFS,0.1332602577159343,rank,2025-07-07,2025-10-27,112
TATAINVEST,-0.16749422269753633,atr_stop,2025-10-13,2025-11-03,21
JKCEMENT,-0.13997235565176003,atr_stop,2025-07-21,2025-11-10,112
GODFRYPHLP,0.7150964300429048,atr_stop,2025-03-03,2025-11-17,259
ETERNAL,-0.017060064291914756,rank,2025-08-04,2025-11-24,112
WAAREEENER,-0.009378070481436018,rank,2025-09-29,2025-11-24,56
SOLARINDS,-0.10876966967457569,rank,2025-08-04,2025-12-08,126
HYUNDAI,-0.10509886716332462,rank,2025-09-15,2025-12-08,84
FORTIS,0.45924220136917504,atr_stop,2024-10-28,2025-12-15,413
MAZDOCK,-0.05816262507181724,rank,2025-09-01,2025-12-22,112
LLOYDSME,0.06425877842902628,rank,2025-09-29,2025-12-22,84
GODFRYPHLP,-0.2183374183737795,atr_stop,2025-11-24,2026-01-05,42
HDFCAMC,-0.06126931146105208,rank,2025-08-04,2026-01-05,154
POWERINDIA,-0.17914763260935807,atr_stop,2025-11-10,2026-01-12,63
EICHERMOT,0.04025027429869499,rank,2025-09-29,2026-01-19,112
BAJFINANCE,-0.11761940205570776,rank,2025-10-27,2026-01-19,84
PAYTM,0.5601001589839794,rank,2025-02-17,2026-02-01,349
BSE,0.26595978245280816,rank,2025-09-29,2026-02-01,125
BDL,-0.042491888236273034,rank,2025-09-29,2026-02-01,125
NAM-INDIA,0.004221860710623471,rank,2025-09-29,2026-02-01,125
ADANIPOWER,-0.18568243246029092,rank,2025-10-27,2026-02-01,97
CHOLAFIN,-0.07565954598292846,rank,2025-12-08,2026-02-01,55
IDEA,0.034519224795835024,rank,2025-12-08,2026-02-01,55
UPL,-0.11219153485755629,rank,2025-12-22,2026-02-01,41
IDBI,-0.12342998671111416,rank,2026-01-05,2026-02-01,27
M&MFIN,-0.055104008336017696,rank,2025-12-22,2026-02-16,56
MARUTI,0.045778849528232746,rank,2026-02-01,2026-02-16,15
MFSL,0.13481601937379573,rank,2026-02-01,2026-02-16,15
SBILIFE,0.026220523639900684,rank,2026-02-01,2026-02-16,15
AXISBANK,-0.013463516012941712,rank,2026-02-01,2026-02-16,15
NATIONALUM,0.02932927670896568,atr_stop,2026-01-05,2026-02-23,49
HINDZINC,-0.06764416487260039,rank,2026-01-19,2026-03-02,42
GODFRYPHLP,0.0017156484470948197,rank,2026-02-01,2026-03-02,29
BSE,-0.060562933970295885,rank,2026-02-16,2026-03-02,14
SAIL,0.024126212510330758,rank,2026-02-16,2026-03-02,14
MUTHOOTFIN,-0.12678437589043567,atr_stop,2025-11-24,2026-03-09,105
ASHOKLEY,-0.06896701152340567,atr_stop,2025-12-22,2026-03-23,91
LTF,0.10310892156292284,atr_stop,2025-09-01,2026-03-30,210
SHRIRAMFIN,0.06112839201794351,rank,2025-11-24,2026-03-30,126
3MINDIA,-0.1519993274729391,rank,2026-03-02,2026-03-30,28
BANKINDIA,0.03115072127064522,atr_stop,2025-10-27,2026-04-06,161
CANBK,-0.09207947885457513,atr_stop,2025-11-10,2026-04-06,147
UNIONBANK,0.22729041734015332,rank,2025-10-27,2026-04-27,182
TVSMOTOR,-0.027654810672445684,rank,2026-02-01,2026-04-27,85
EICHERMOT,0.0191957186377838,rank,2026-02-01,2026-04-27,85
