date,open,high,low,close,volume
2011-09-26,21.5,48.45,17.6,41.55,400121160
2011-09-27,45.0,49.85,37.55,48.3,121448150
2011-09-28,47.5,53.7,38.65,38.65,85959050
2011-09-29,30.95,41.8,30.95,31.2,62504160
2011-09-30,27.0,34.3,24.95,30.35,54510560
2011-10-03,24.3,27.5,24.3,25.2,22176500
2011-10-04,24.5,25.0,22.7,22.7,6277170
2011-10-05,23.0,23.0,20.4,21.25,8352470
2011-10-07,21.0,22.2,20.25,21.4,8421190
2011-10-10,21.4,21.8,20.55,21.2,3644850
2011-10-11,21.2,22.9,20.8,22.1,4016060
2011-10-12,22.1,23.2,21.4,23.0,3809090
2011-10-13,23.0,23.7,22.3,22.7,3487580
2011-10-14,22.5,23.3,22.1,22.7,1399100
2011-10-17,22.75,23.9,22.35,23.45,1322830
2011-10-18,23.0,24.6,22.6,22.8,3377680
2011-10-19,23.15,23.4,21.9,22.45,440810
2011-10-20,22.4,22.9,21.7,22.3,736910
2011-10-21,22.15,23.4,21.1,21.75,1650160
2011-10-24,21.8,22.45,21.4,22.25,1407910
2011-10-25,22.45,22.45,21.3,21.7,929060
2011-10-26,21.7,22.6,21.7,22.3,373830
2011-10-28,22.3,22.4,21.5,21.7,676330
2011-10-31,21.7,22.1,21.4,21.6,1261260
2011-11-01,21.55,21.75,20.8,21.3,1344060
2011-11-02,21.1,21.3,20.6,20.9,899960
2011-11-03,21.4,21.9,20.5,21.3,1369970
2011-11-04,21.4,22.1,21.05,21.35,463450
2011-11-08,21.2,21.9,21.05,21.6,423500
2011-11-09,21.4,21.7,20.9,21.05,76030
2011-11-11,21.0,21.6,20.45,20.9,421120
2011-11-14,21.4,22.9,20.75,21.0,738540
2011-11-15,21.1,21.45,20.4,20.6,109210
2011-11-16,20.6,20.7,19.5,20.35,274710
2011-11-17,20.4,20.6,19.1,20.0,254030
2011-11-18,19.85,19.85,18.8,19.2,194100
2011-11-21,18.55,19.3,17.85,18.4,104730
2011-11-22,18.3,18.6,17.7,18.05,461790
2011-11-23,17.95,17.95,16.45,16.7,159060
2011-11-24,16.4,16.8,14.85,16.25,172880
2011-11-25,15.75,16.5,15.75,16.4,86440
2011-11-28,17.9,19.35,15.8,18.2,477810
2011-11-29,17.5,18.45,17.5,18.05,213480
2011-11-30,17.8,20.0,17.6,19.15,278300
2011-12-01,19.85,19.9,18.4,18.95,88410
2011-12-02,18.6,20.0,18.5,19.65,251240
2011-12-05,19.9,20.5,19.8,20.0,57420
2011-12-07,19.5,20.2,19.5,20.05,287680
2011-12-08,19.5,19.8,19.0,19.7,86510
2011-12-09,18.9,20.05,18.9,19.8,489890
2011-12-12,19.6,22.35,19.55,21.2,1369190
2011-12-13,21.5,23.4,21.2,22.85,1778770
2011-12-14,22.75,23.5,21.75,22.35,577390
2011-12-15,21.9,22.2,21.35,22.1,178220
2011-12-16,21.1,22.4,21.1,21.8,278840
2011-12-19,21.05,21.1,20.5,20.75,64560
2011-12-20,21.2,24.55,20.45,21.5,133470
2011-12-21,21.0,23.2,20.65,21.0,486850
2011-12-22,21.1,21.5,17.35,19.85,130240
2011-12-23,19.7,21.0,19.15,19.6,83180
2011-12-26,19.5,20.4,19.45,19.7,129630
2011-12-27,19.9,20.0,19.5,19.55,17770
2011-12-28,19.8,19.85,17.7,18.8,51070
2011-12-29,15.05,17.45,15.05,15.6,1778280
2011-12-30,15.5,15.5,13.7,14.45,585070
2012-01-02,14.2,14.2,13.1,13.7,368270
2012-01-03,13.5,14.2,13.5,13.75,134980
2012-01-04,13.2,13.7,12.55,13.45,91690
2012-01-05,13.0,13.6,12.7,12.9,80130
2012-01-06,12.3,13.4,12.25,13.1,168970
2012-01-07,13.0,13.45,13.0,13.15,1590
2012-01-09,12.5,13.8,12.5,13.65,715620
2012-01-10,13.65,14.9,13.65,14.05,466900
2012-01-11,14.1,14.1,13.85,14.0,18010
2012-01-12,13.8,14.2,13.5,14.15,84700
2012-01-13,13.8,14.6,13.7,14.45,42960
2012-01-16,13.85,15.2,13.85,14.95,30060
2012-01-17,14.8,15.7,14.8,15.55,688190
2012-01-18,15.6,17.0,15.0,16.05,312280
2012-01-19,16.0,16.5,15.8,16.1,97600
2012-01-20,16.4,16.4,15.0,15.25,46970
2012-01-23,14.5,15.9,14.5,15.65,12340
2012-01-24,15.8,15.8,14.9,15.05,433270
2012-01-25,14.4,16.55,14.4,16.55,346420
2012-01-27,17.7,17.7,16.35,16.7,279410
2012-01-30,15.9,17.6,15.9,17.15,746510
2012-01-31,16.4,17.4,16.4,17.1,270010
2012-02-01,16.4,17.15,16.4,16.9,265330
2012-02-02,16.9,17.8,16.7,17.55,1140940
2012-02-03,17.4,18.45,17.05,18.25,47350
2012-02-06,18.0,19.2,18.0,19.05,285440
2012-02-07,18.65,19.5,18.65,19.15,20620
2012-02-08,17.5,19.3,17.4,18.6,505630
2012-02-09,17.85,18.9,17.85,18.8,289860
2012-02-10,18.3,19.7,18.3,19.4,44270
2012-02-13,18.6,20.4,18.6,19.1,7620
2012-02-14,18.95,19.4,18.5,19.0,179450
2012-02-15,18.8,19.3,18.8,19.2,21720
2012-02-16,18.35,19.0,18.35,18.85,149300
2012-02-17,19.0,19.1,18.3,18.9,659270
2012-02-21,18.25,19.0,18.25,18.85,225570
2012-02-22,18.7,19.75,18.5,19.6,20430
2012-02-23,19.4,19.7,19.05,19.6,13050
2012-02-24,18.95,20.2,18.95,20.0,449550
2012-02-27,20.0,20.1,18.7,19.05,13990
2012-02-28,19.2,20.9,19.2,20.6,952570
2012-02-29,19.6,21.1,19.25,20.7,85670
2012-03-01,20.6,20.7,19.5,20.7,80220
2012-03-02,20.4,20.7,19.9,20.0,1990
2012-03-03,20.0,21.0,19.6,20.2,342460
2012-03-05,20.0,21.95,20.0,21.0,12110
2012-03-06,21.4,25.2,21.4,25.2,608070
2012-03-07,26.55,26.95,23.9,25.3,776550
2012-03-09,25.3,26.95,25.0,26.25,224480
2012-03-12,26.5,26.5,25.7,26.0,34320
2012-03-13,26.0,26.0,23.6,24.2,56040
2012-03-14,24.5,25.0,22.8,23.5,70320
2012-03-15,23.5,23.5,22.0,22.75,8560
2012-03-16,22.95,23.6,21.6,21.6,408260
2012-03-19,20.6,21.5,20.6,21.5,4780
2012-03-20,20.5,22.55,20.4,21.4,367270
2012-03-21,20.6,21.8,20.35,20.85,2310
2012-03-22,20.5,21.5,19.85,21.3,3080
2012-03-23,20.35,21.25,20.2,21.2,11180
2012-03-26,20.2,21.0,20.15,21.0,7150
2012-03-27,19.95,21.4,19.95,20.45,1020
2012-03-28,19.7,20.5,19.4,20.1,16540
2012-03-29,19.45,20.2,19.1,19.9,3940
2012-03-30,20.65,20.7,19.3,20.2,4720
2012-04-02,20.6,20.6,20.6,20.6,4310
2012-04-03,19.6,20.5,19.6,20.4,2540
2012-04-04,19.4,20.9,19.4,20.35,1450
2012-04-09,19.4,20.1,19.35,19.4,8970
2012-04-10,18.5,20.4,18.45,20.1,23570
2012-04-11,19.15,20.2,19.1,19.85,11030
2012-04-12,18.9,20.8,18.9,19.9,7280
2012-04-13,18.9,20.3,18.9,19.1,10050
2012-04-16,18.2,20.0,18.2,19.8,1910
2012-04-17,18.9,20.0,18.8,19.1,10560
2012-04-18,18.3,20.0,18.3,19.1,1100
2012-04-19,19.4,20.0,18.5,19.5,1000
2012-04-20,18.85,19.5,18.55,18.55,330
2012-04-23,19.4,19.5,19.4,19.5,4680
2012-04-25,18.5,19.1,18.5,18.6,1210
2012-04-26,17.8,19.5,17.8,19.0,32070
2012-04-27,18.1,19.0,18.1,19.0,56760
2012-04-30,19.0,19.95,18.2,19.9,580
2012-05-02,19.4,19.4,19.05,19.05,98010
2012-05-03,18.2,19.95,18.2,19.95,20
2012-05-04,19.1,19.6,19.0,19.6,660
2012-05-07,18.65,19.65,18.6,19.65,390
2012-05-08,18.7,20.0,18.65,19.85,680
2012-05-09,19.9,19.9,19.9,19.9,11780
2012-05-10,19.0,19.0,18.9,18.9,330840
2012-05-11,18.0,18.95,18.0,18.1,1130
2012-05-14,17.3,19.0,17.2,19.0,2910
2012-05-15,18.05,19.0,18.05,18.95,435190
2012-05-16,18.05,19.2,18.05,19.2,600
2012-05-17,18.25,19.3,18.25,19.25,1200
2012-05-18,18.3,19.95,18.3,19.0,5300
2012-05-21,18.25,19.8,18.25,18.25,210
2012-05-22,18.0,18.5,17.45,17.6,8880
2012-05-23,16.8,18.2,16.8,18.2,250
2012-05-24,17.3,18.85,17.3,18.2,361520
2012-05-25,17.3,18.95,17.3,18.95,230
2012-05-28,18.0,18.45,18.0,18.0,1300
2012-05-29,17.5,17.5,17.25,17.3,630
2012-05-30,16.5,18.05,16.5,18.05,250
2012-05-31,18.7,18.7,17.2,18.1,600
2012-06-01,17.2,18.65,17.2,17.4,1550
2012-06-04,17.4,18.0,16.7,17.8,2130
2012-06-05,18.0,18.25,16.95,17.5,156940
2012-06-06,17.0,17.5,16.7,17.5,40
2012-06-07,18.3,18.3,17.0,17.6,610
2012-06-08,16.75,17.4,16.7,17.1,32560
2012-06-11,16.3,17.6,16.3,17.5,650
2012-06-12,16.65,17.5,16.65,17.5,1060
2012-06-13,18.2,18.2,16.7,16.75,790
2012-06-14,16.2,17.5,16.2,16.3,7670
2012-06-15,15.55,16.9,15.55,16.85,320
2012-06-18,16.05,16.7,16.05,16.05,5200
2012-06-19,16.2,16.7,15.8,16.7,160
2012-06-20,16.5,16.5,15.9,16.4,200
2012-06-21,16.25,16.25,15.6,16.1,179350
2012-06-22,15.9,16.7,15.35,16.7,2310
2012-06-25,16.5,16.5,15.85,15.95,8060
2012-06-26,15.8,15.8,15.8,15.8,60
2012-06-27,16.0,16.6,15.3,16.55,353930
2012-06-28,16.4,16.4,15.85,16.2,560
2012-06-29,16.0,17.0,16.0,16.75,130
2012-07-02,16.0,16.75,16.0,16.5,170900
2012-07-03,16.3,17.2,15.9,17.15,1390
2012-07-04,16.9,17.1,16.3,17.1,1080
2012-07-05,16.9,16.9,16.3,16.6,110
2012-07-06,16.5,17.2,15.8,16.65,3680
2012-07-09,16.9,17.45,16.0,16.8,320
2012-07-10,15.65,17.1,15.6,16.5,1780
2012-07-11,16.7,16.7,15.65,16.0,1590
2012-07-12,15.8,16.0,15.4,15.5,860
2012-07-13,15.7,16.45,15.05,15.35,4960
2012-07-16,16.15,16.2,14.3,15.5,100910
2012-07-17,15.05,16.75,15.0,15.2,352690
2012-07-18,15.4,15.5,14.7,14.95,154430
2012-07-19,14.6,15.9,14.6,15.9,90
2012-07-20,15.8,16.25,15.3,15.45,193050
2012-07-23,15.6,15.6,14.9,14.9,70
2012-07-24,15.1,16.4,14.15,16.25,950
2012-07-25,16.3,16.4,15.0,15.2,1640
2012-07-26,14.5,15.95,14.5,14.85,28170
2012-07-27,14.35,14.9,14.2,14.55,2870
2012-07-30,14.7,15.4,14.4,14.4,290
2012-07-31,15.8,15.8,13.0,14.2,4570
2012-08-01,15.2,15.2,14.2,14.5,33230
2012-08-02,13.95,14.5,13.2,14.1,650
2012-08-03,14.3,14.85,13.9,14.0,900
2012-08-06,14.5,15.4,14.5,15.05,449860
2012-08-07,15.0,16.1,14.3,15.7,461520
2012-08-08,15.5,16.3,15.2,16.0,569370
2012-08-09,15.85,16.0,15.65,15.8,519610
2012-08-10,15.8,15.8,15.3,15.8,1090
2012-08-13,15.6,15.9,14.9,14.9,1070
2012-08-14,14.9,15.5,14.85,15.1,171370
2012-08-16,16.4,16.4,15.2,15.6,139870
2012-08-17,15.1,15.4,15.1,15.15,50310
2012-08-21,14.25,15.9,14.25,14.55,970
2012-08-22,14.8,15.5,14.3,14.45,2380
2012-08-23,14.45,15.6,13.7,13.9,5600
2012-08-24,13.4,15.0,13.4,14.6,8000
2012-08-27,14.1,15.75,14.1,15.55,54430
2012-08-28,15.85,16.1,14.6,15.5,6390
2012-08-29,15.5,15.7,15.5,15.6,502540
2012-08-30,15.5,15.7,15.5,15.55,464070
2012-08-31,15.5,15.9,15.5,15.7,839230
2012-09-03,15.6,15.6,14.5,14.9,67980
2012-09-04,15.5,16.2,15.5,15.95,22540
2012-09-05,15.8,16.25,15.25,16.1,4070
2012-09-06,15.75,16.5,15.45,15.6,495220
2012-09-07,16.2,16.2,15.5,15.6,2569050
2012-09-08,12.65,18.1,12.65,16.1,1060
2012-09-10,15.9,17.0,15.9,16.7,871440
2012-09-11,17.0,17.8,16.7,17.5,318150
2012-09-12,16.0,17.8,16.0,17.7,5520
2012-09-13,17.7,17.8,17.5,17.6,147490
2012-09-14,16.4,17.9,16.4,17.8,10670
2012-09-17,17.5,19.1,17.5,18.85,74650
2012-09-18,19.0,19.0,18.5,18.65,65760
2012-09-20,18.5,18.8,18.5,18.7,549580
2012-09-21,18.6,18.8,18.6,18.8,31450
2012-09-24,19.2,22.55,19.0,22.5,100620
2012-09-25,22.65,23.0,21.2,22.05,373270
2012-09-26,22.85,22.85,21.65,22.05,283050
2012-09-27,22.0,22.5,21.7,22.15,1870040
2012-09-28,22.4,22.8,22.0,22.3,1051190
2012-10-01,22.5,22.55,21.9,22.05,1739470
2012-10-03,22.8,23.2,21.65,22.05,1142460
2012-10-04,22.0,22.5,21.85,22.25,1269010
2012-10-05,22.65,22.65,21.9,22.5,609460
2012-10-08,23.0,26.0,23.0,24.15,1815110
2012-10-09,24.25,25.0,23.8,23.95,1082820
2012-10-10,24.5,24.5,23.35,23.6,978870
2012-10-11,23.6,24.75,23.15,23.9,671810
2012-10-12,23.9,24.4,19.1,23.2,2540890
2012-10-15,22.5,24.8,22.5,24.0,1821620
2012-10-16,24.0,25.2,22.9,24.3,1681480
2012-10-17,24.5,24.7,24.1,24.45,613450
2012-10-18,24.45,25.1,24.25,24.4,1253560
2012-10-19,24.4,25.6,23.8,25.15,1446830
2012-10-22,25.25,26.2,24.5,25.5,1213770
2012-10-23,25.0,25.55,24.9,25.2,1259190
2012-10-25,25.75,25.75,24.5,24.8,1212210
2012-10-26,24.65,25.5,24.6,24.85,522980
2012-10-29,25.0,25.35,24.9,25.0,1010940
2012-10-30,24.9,25.55,24.75,24.85,858110
2012-10-31,24.85,25.4,24.85,25.4,616440
2012-11-01,25.3,25.55,25.1,25.35,703700
2012-11-02,25.55,28.45,25.55,26.75,677830
2012-11-05,26.8,28.25,26.8,27.5,1314400
2012-11-06,28.5,28.8,27.5,27.95,1675240
2012-11-07,27.95,29.1,26.5,28.05,2191190
2012-11-08,27.85,30.3,27.3,27.9,1407670
2012-11-09,28.0,28.5,27.3,28.0,836210
2012-11-12,27.25,28.6,26.7,27.5,635090
2012-11-13,27.1,27.5,26.9,27.3,8650
2012-11-15,27.55,27.7,26.5,26.65,441480
2012-11-16,27.2,27.2,25.6,25.8,358480
2012-11-19,26.9,26.9,25.75,26.55,969900
2012-11-20,26.8,27.85,26.75,27.15,717110
2012-11-21,27.3,27.7,26.3,26.8,539640
2012-11-22,26.8,27.25,26.2,26.85,643540
2012-11-23,26.8,27.2,25.7,26.0,1506000
2012-11-26,26.1,27.0,26.0,26.75,485900
2012-11-27,27.0,27.2,26.8,27.05,1067810
2012-11-29,26.7,28.0,26.7,27.3,1617690
2012-11-30,27.5,27.9,27.0,27.1,642400
2012-12-03,27.45,27.6,27.2,27.5,578490
2012-12-04,27.6,28.3,27.55,27.8,2328280
2012-12-05,28.0,28.55,27.95,28.1,618900
2012-12-06,28.1,28.55,28.0,28.1,510020
2012-12-07,28.9,28.9,28.0,28.2,279710
2012-12-10,28.5,28.85,28.15,28.4,384940
2012-12-11,28.5,28.8,27.5,27.7,367710
2012-12-12,28.0,28.4,27.7,28.05,315250
2012-12-13,28.6,31.6,28.25,30.3,2574870
2012-12-14,30.3,30.7,29.2,30.45,2579170
2012-12-17,30.5,31.15,30.1,30.55,366750
2012-12-18,30.55,32.95,29.95,31.75,728310
2012-12-19,31.9,32.45,31.8,32.15,345510
2012-12-20,32.0,32.9,32.0,32.85,569540
2012-12-21,33.0,33.5,32.5,32.85,672500
2012-12-24,32.8,33.2,32.4,32.85,487150
2012-12-26,32.65,35.2,32.65,34.1,899310
2012-12-27,33.9,35.85,33.9,35.2,2122410
2012-12-28,35.5,36.25,34.3,35.0,1020520
2013-01-01,36.25,37.3,35.3,36.8,588510
2013-01-02,37.3,38.2,36.9,38.15,763070
2013-01-03,39.0,39.0,37.8,38.85,2325100
2013-01-04,38.95,39.2,38.0,38.95,1200080
2013-01-07,38.5,39.7,38.5,38.9,25400
2013-01-08,38.9,38.9,37.5,38.3,552530
2013-01-09,37.5,38.0,36.1,37.15,871490
2013-01-10,37.8,38.75,37.2,38.45,1359750
2013-01-11,38.8,40.5,36.65,37.4,607550
2013-01-14,37.95,38.7,36.6,37.0,336290
2013-01-15,37.55,37.8,36.8,37.45,450760
2013-01-16,37.45,37.9,35.5,36.4,486850
2013-01-17,36.45,37.0,36.0,36.2,271170
2013-01-18,36.45,36.5,35.2,35.35,254940
2013-01-21,34.6,35.55,33.95,34.35,578780
2013-01-22,35.5,38.3,34.75,35.4,2211210
2013-01-23,35.6,35.7,33.1,33.8,393040
2013-01-24,34.0,34.4,32.4,33.3,293920
2013-01-25,33.25,37.5,32.5,37.1,3087960
2013-01-28,36.4,36.9,34.8,35.85,117260
2013-01-29,35.9,37.5,34.5,36.4,251050
2013-01-30,35.55,36.7,35.55,36.05,274780
2013-01-31,36.0,37.4,35.5,36.3,295970
2013-02-01,36.65,38.0,36.4,37.1,1533750
2013-02-04,36.9,37.5,35.1,36.5,733760
2013-02-05,36.0,37.4,35.8,36.35,296250
2013-02-06,37.0,37.4,35.5,36.4,519290
2013-02-07,36.7,36.7,35.35,35.8,525930
2013-02-08,36.3,36.4,35.25,36.1,542510
2013-02-11,34.5,36.8,34.5,35.65,187900
2013-02-12,35.5,36.6,34.5,34.95,254990
2013-02-13,35.0,35.5,34.0,34.4,499500
2013-02-14,34.4,35.0,33.6,33.9,716640
2013-02-15,34.25,34.25,32.1,32.6,579970
2013-02-18,32.1,34.8,32.1,33.75,290230
2013-02-19,34.0,34.6,33.5,34.4,234830
2013-02-20,33.8,34.9,33.0,33.3,1016130
2013-02-21,33.3,33.9,33.1,33.55,2043320
2013-02-22,33.3,37.5,33.0,36.0,2253060
2013-02-25,35.9,36.5,33.3,34.15,353540
2013-02-26,34.1,34.15,27.3,27.3,215680
2013-02-27,21.85,21.85,21.85,21.85,59720
2013-02-28,19.65,19.65,19.65,19.65,4060
2013-03-01,17.7,20.8,17.7,19.05,1136430
2013-03-04,17.7,18.3,17.15,17.15,536230
2013-03-05,16.3,16.3,16.3,16.3,811750
2013-03-06,15.5,15.5,15.5,15.5,933110
2013-03-07,14.7,14.7,14.7,14.7,407590
2013-03-08,14.0,14.0,14.0,14.0,812320
2013-03-11,13.3,13.3,13.3,13.3,813710
2013-03-12,12.6,12.6,12.6,12.6,4110
2013-03-13,12.0,12.0,12.0,12.0,2050
2013-03-14,11.4,11.4,11.4,11.4,5540
2013-03-15,10.85,10.85,10.85,10.85,2560
2013-03-18,10.3,11.35,10.3,10.3,1466480
2013-03-19,10.5,10.6,9.8,9.8,130590
2013-03-20,9.55,10.1,9.3,9.65,41530
2013-03-21,9.65,10.1,9.15,9.6,48140
2013-03-22,9.95,10.0,9.3,9.5,67530
2013-03-25,9.35,9.5,9.0,9.1,146920
2013-03-26,8.8,9.0,8.65,8.65,586690
2013-03-28,8.4,8.7,8.2,8.2,14520
2013-04-01,8.0,8.3,7.8,7.85,66690
2013-04-02,8.0,8.2,7.6,7.8,40000
2013-04-03,8.0,8.2,8.0,8.2,6720
2013-04-04,8.2,8.6,8.2,8.55,9900
2013-04-05,8.1,8.95,8.1,8.5,19960
2013-04-08,8.65,8.9,8.25,8.35,5600
2013-04-09,8.35,8.65,8.2,8.35,2050
2013-04-10,8.65,8.65,7.95,8.5,1370
2013-04-11,8.5,8.6,8.5,8.6,1100
2013-04-12,8.15,8.6,8.15,8.4,19210
2013-04-15,8.25,8.4,8.0,8.05,7480
2013-04-16,8.3,8.3,8.1,8.25,1160
2013-04-17,8.45,8.65,8.25,8.65,58000
2013-04-18,9.1,9.1,8.5,8.65,5500
2013-04-22,8.5,8.8,8.5,8.55,2120
2013-04-23,8.7,8.7,8.5,8.5,300
2013-04-25,8.35,8.45,8.1,8.25,2070
2013-04-26,8.4,8.4,7.85,7.95,9780
2013-04-29,8.0,8.1,7.8,7.9,1930
2013-04-30,7.6,8.3,7.6,8.15,2420
2013-05-02,8.3,8.3,8.0,8.05,1250
2013-05-03,7.8,8.0,7.65,7.7,523840
2013-05-06,7.95,8.1,7.35,7.55,6180
2013-05-07,7.4,7.75,7.15,7.2,5070
2013-05-08,7.7,7.7,7.0,7.15,12510
2013-05-09,7.2,7.7,6.95,7.6,3850
2013-05-10,7.1,8.1,7.1,7.3,48630
2013-05-11,7.3,7.5,7.1,7.5,527240
2013-05-13,7.5,8.05,7.5,7.65,6530
2013-05-14,7.65,7.9,7.5,7.6,880
2013-05-15,7.9,8.35,7.6,7.85,21360
2013-05-16,7.6,8.0,7.6,7.85,390
2013-05-20,7.5,8.15,7.45,7.5,16770
2013-05-21,7.45,7.45,7.1,7.2,1560
2013-05-22,7.4,7.4,6.5,6.95,36400
2013-05-23,6.95,7.3,6.6,6.8,255720
2013-05-24,6.8,6.8,6.5,6.5,53340
2013-05-27,6.8,6.8,6.55,6.6,30
2013-05-28,6.55,6.55,6.2,6.4,251570
2013-05-29,6.2,6.9,6.2,6.3,655460
2013-05-30,6.2,6.6,6.0,6.0,29210
2013-05-31,5.75,6.2,5.4,5.85,333810
2013-06-03,5.85,6.1,5.55,5.9,71020
2013-06-04,5.6,6.0,5.6,5.95,11700
2013-06-05,5.95,6.2,5.6,6.0,4380
2013-06-06,5.8,6.0,5.7,5.9,8320
2013-06-07,5.7,5.9,5.65,5.9,5450
2013-06-10,6.0,6.5,5.5,6.35,78150
2013-06-11,6.6,7.0,6.6,7.0,63830
2013-06-12,7.35,7.35,7.0,7.1,147420
2013-06-13,6.6,7.1,6.6,7.05,25540
2013-06-14,6.6,6.9,6.35,6.7,130340
2013-06-17,7.0,7.35,6.95,7.05,73380
2013-06-18,7.2,7.25,7.0,7.15,25540
2013-06-19,7.1,7.4,7.1,7.3,6800
2013-06-20,7.0,7.4,6.8,7.25,773420
2013-06-21,6.8,7.5,6.8,7.3,1116570
2013-06-24,6.8,7.5,6.65,7.2,352530
2013-06-25,7.0,7.2,6.85,6.95,687160
2013-06-26,7.15,7.5,6.55,7.0,267540
2013-06-27,6.8,7.0,6.6,7.0,238960
2013-06-28,7.1,7.15,7.0,7.05,860500
2013-07-01,7.0,7.0,7.0,7.0,1920
2013-07-02,7.0,7.2,7.0,7.15,28260
2013-07-03,7.0,7.75,7.0,7.6,1090260
2013-07-04,7.3,7.95,7.3,7.85,165950
2013-07-05,7.65,8.25,7.65,8.15,1258100
2013-07-08,8.45,8.5,7.85,8.25,827460
2013-07-09,8.5,8.5,8.0,8.3,2136850
2013-07-10,8.6,8.6,8.05,8.2,922380
2013-07-11,8.1,9.0,8.1,8.6,17890
2013-07-12,8.5,8.5,8.3,8.4,13320
2013-07-15,8.6,10.1,8.6,10.1,94710
2013-07-16,10.85,11.1,10.0,10.55,138320
2013-07-17,10.55,10.8,10.1,10.55,23480
2013-07-18,10.05,10.5,9.7,10.0,160050
2013-07-19,9.8,10.25,9.8,9.9,13200
2013-07-22,10.1,10.8,9.8,10.3,54150
2013-07-23,10.4,10.6,10.1,10.25,23420
2013-07-24,10.1,10.1,9.5,9.7,36690
2013-07-25,9.5,9.9,9.4,9.9,32370
2013-07-26,10.2,10.2,8.2,8.85,66500
2013-07-29,9.5,9.5,8.6,8.7,102020
2013-07-30,9.2,9.2,8.4,8.4,85570
2013-07-31,9.0,9.0,8.4,8.45,22370
2013-08-01,9.0,9.0,8.4,8.6,17650
2013-08-02,8.6,9.0,8.3,8.55,24830
2013-08-05,8.2,9.0,8.2,8.35,5040
2013-08-06,8.8,8.8,8.0,8.3,200920
2013-08-07,8.5,8.5,8.0,8.3,12650
2013-08-08,8.45,8.45,7.8,8.3,81770
2013-08-12,8.45,8.45,8.15,8.35,24180
2013-08-13,9.0,9.0,8.2,8.65,14570
2013-08-14,8.55,8.9,8.2,8.75,33830
2013-08-16,9.0,9.0,8.3,8.7,5620
2013-08-19,8.8,8.8,8.0,8.35,13290
2013-08-20,8.95,8.95,8.0,8.5,41790
2013-08-21,8.15,8.5,7.35,8.4,14940
2013-08-22,8.2,8.45,8.2,8.45,10320
2013-08-23,8.45,8.45,7.9,8.2,12570
2013-08-26,8.45,8.45,8.2,8.45,12300
2013-08-27,8.4,8.4,8.2,8.4,10630
2013-08-28,9.0,9.0,8.3,8.55,15230
2013-08-29,8.55,10.25,8.55,10.25,55070
2013-08-30,9.85,10.95,9.85,10.75,62930
2013-09-02,10.8,11.2,10.5,10.8,18560
2013-09-03,10.55,10.55,10.0,10.15,38450
2013-09-04,10.1,10.6,10.0,10.35,8150
2013-09-05,11.15,11.15,10.2,10.4,4410
2013-09-06,10.4,10.4,9.75,9.8,57780
2013-09-10,10.2,11.8,9.7,11.7,76580
2013-09-11,11.1,11.55,11.0,11.45,1371050
2013-09-12,11.05,11.4,11.05,11.4,17070
2013-09-13,11.4,11.4,11.0,11.3,23120
2013-09-16,11.3,11.95,11.3,11.7,1560
2013-09-17,12.0,12.0,11.05,11.6,45330
2013-09-18,11.6,12.0,11.6,11.75,25530
2013-09-19,11.0,12.6,11.0,12.4,52780
2013-09-20,12.0,12.0,11.5,11.8,30700
2013-09-23,12.0,14.15,11.65,14.15,115320
2013-09-24,14.1,15.3,13.5,14.05,213450
2013-09-25,13.25,14.4,13.25,14.0,16710
2013-09-26,15.05,15.05,13.5,14.45,235940
2013-09-27,13.6,14.8,13.6,14.55,31300
2013-09-30,14.7,14.7,13.7,14.3,30120
2013-10-01,14.4,14.6,13.6,14.0,3820
2013-10-03,13.2,13.9,13.1,13.5,70000
2013-10-04,13.1,13.55,13.0,13.45,29360
2013-10-07,13.6,15.8,13.6,15.5,470020
2013-10-08,16.7,16.7,14.25,15.0,355880
2013-10-09,14.8,14.95,13.8,14.05,145200
2013-10-10,14.9,14.9,13.6,14.05,155110
2013-10-11,13.7,16.0,12.55,14.4,78500
2013-10-14,14.6,14.6,13.8,14.05,25530
2013-10-15,14.5,14.5,13.65,14.05,61150
2013-10-17,13.9,14.5,13.75,14.05,7660
2013-10-18,13.65,14.0,13.65,13.95,16540
2013-10-21,13.65,15.2,13.6,14.7,107740
2013-10-22,15.0,15.9,14.8,15.4,410770
2013-10-23,16.3,16.4,15.3,15.7,93280
2013-10-24,15.8,16.0,14.5,15.3,23080
2013-10-25,15.0,15.25,15.0,15.2,28000
2013-10-28,15.1,15.5,15.0,15.5,244780
2013-10-29,15.0,15.8,15.0,15.55,633130
2013-10-30,15.5,15.5,15.0,15.3,307120
2013-10-31,12.9,16.0,12.9,15.25,306800
2013-11-01,15.2,15.55,15.0,15.5,31100
2013-11-03,15.65,16.8,15.65,16.0,203360
2013-11-05,16.1,16.1,15.2,15.6,32320
2013-11-06,16.4,16.5,15.6,15.8,391850
2013-11-07,15.4,15.9,15.0,15.7,27990
2013-11-08,15.7,16.15,15.05,15.65,114670
2013-11-11,15.5,15.9,15.0,15.4,25280
2013-11-12,15.1,16.0,15.0,15.95,61700
2013-11-13,15.3,15.85,15.3,15.8,24800
2013-11-14,15.5,15.5,15.3,15.45,20690
2013-11-18,15.1,15.45,15.0,15.35,148690
2013-11-19,15.3,16.0,15.3,15.7,312650
2013-11-20,15.7,15.8,15.5,15.65,29810
2013-11-21,15.5,15.65,15.0,15.25,41280
2013-11-22,15.4,15.4,15.4,15.4,16000
2013-11-25,15.8,18.0,15.2,17.9,172510
2013-11-26,17.7,17.9,17.05,17.8,125850
2013-11-27,17.9,17.9,17.1,17.6,19280
2013-11-28,17.2,17.95,17.1,17.65,360370
2013-11-29,17.3,17.5,17.0,17.4,48630
2013-12-02,17.0,17.75,17.0,17.2,407990
2013-12-03,17.0,17.5,16.4,17.0,605710
2013-12-04,17.5,17.5,16.4,16.95,170520
2013-12-05,17.0,17.6,16.3,16.8,26400
2013-12-06,17.0,17.0,16.25,16.65,28340
2013-12-09,17.3,17.3,16.05,16.5,43060
2013-12-10,16.5,16.5,16.05,16.4,24220
2013-12-11,16.5,17.0,16.05,16.45,50860
2013-12-12,16.5,16.5,15.55,16.0,42370
2013-12-13,16.0,16.0,15.9,15.9,22720
2013-12-16,16.0,16.0,15.6,15.75,221140
2013-12-17,15.0,16.0,15.0,15.65,28120
2013-12-18,15.7,16.0,14.5,15.75,46990
2013-12-19,15.5,18.9,15.5,18.5,168320
2013-12-20,18.5,20.8,18.5,20.05,134060
2013-12-23,18.0,21.5,18.0,20.05,431410
2013-12-24,20.8,20.8,19.5,19.6,12980
2013-12-26,19.6,20.0,19.1,19.4,917290
2013-12-27,19.5,19.5,18.55,18.85,54650
2013-12-30,19.5,22.65,19.5,22.6,617840
2013-12-31,23.0,23.65,22.1,22.7,367020
2014-01-01,22.3,23.75,21.5,21.95,69810
2014-01-02,22.0,22.8,20.6,21.5,73810
2014-01-03,21.5,21.7,20.5,21.65,162920
2014-01-06,21.7,22.45,21.0,21.65,25370
2014-01-07,21.5,21.5,21.0,21.3,35240
2014-01-08,22.7,22.7,20.5,21.45,29880
2014-01-09,21.3,21.5,20.55,21.15,50700
2014-01-10,20.7,21.6,20.7,21.15,31340
2014-01-13,21.1,21.1,20.0,20.6,29510
2014-01-14,20.5,21.25,19.0,20.15,64400
2014-01-15,23.0,23.0,19.3,20.0,1780
2014-01-16,20.0,22.5,20.0,20.55,27710
2014-01-17,20.5,20.5,20.0,20.35,28680
2014-01-20,20.2,20.4,19.8,20.0,1012770
2014-01-21,20.3,20.3,19.0,19.55,308730
2014-01-22,19.5,20.6,19.4,19.85,270170
2014-01-23,19.8,19.8,19.4,19.65,23190
2014-01-24,20.3,20.3,19.3,19.5,631210
2014-01-27,19.7,19.85,19.25,19.55,87270
2014-01-28,20.0,20.0,18.5,19.2,22060
2014-01-29,19.4,19.4,18.9,19.2,19440
2014-01-30,19.0,19.8,16.8,19.0,25210
2014-01-31,19.0,19.4,18.1,18.9,39470
2014-02-03,18.8,19.2,18.2,18.3,20930
2014-02-04,18.95,18.95,17.8,18.3,27360
2014-02-05,18.1,19.4,17.0,18.9,90020
2014-02-06,18.5,19.0,18.5,18.85,20550
2014-02-07,18.1,19.5,18.1,18.65,48030
2014-02-10,18.5,18.8,18.0,18.45,79110
2014-02-11,18.55,18.55,18.2,18.5,70000
2014-02-12,19.65,19.65,18.0,18.6,40790
2014-02-13,18.4,18.5,18.0,18.45,14540
2014-02-14,18.8,18.8,17.2,17.9,51690
2014-02-17,17.5,18.5,17.5,17.85,188010
2014-02-18,18.0,18.2,17.5,18.15,22840
2014-02-19,18.0,18.3,17.5,17.95,28090
2014-02-20,18.0,18.6,17.5,18.2,107360
2014-02-21,18.85,18.85,17.5,17.8,22000
2014-02-24,17.8,18.5,17.75,18.0,18100
2014-02-25,17.8,19.45,17.0,18.25,22660
2014-02-26,17.75,18.5,17.5,18.15,19410
2014-02-28,17.7,18.0,17.45,17.95,43480
2014-03-03,17.5,18.0,17.5,17.5,500
2014-03-04,17.6,18.0,17.0,17.55,243740
2014-03-05,17.4,18.65,17.0,17.5,90450
2014-03-06,17.5,18.4,15.7,16.1,1120780
2014-03-07,16.5,16.95,15.8,16.05,5130
2014-03-10,16.0,16.7,15.0,15.4,386410
2014-03-11,13.05,16.0,13.05,15.15,149430
2014-03-12,16.0,16.0,14.6,15.2,212790
2014-03-13,15.95,18.0,15.0,17.1,113860
2014-03-14,16.0,17.0,15.05,15.5,213400
2014-03-18,16.45,18.2,15.25,17.1,3304880
2014-03-19,16.65,17.3,15.2,17.0,2193340
2014-03-20,16.35,17.5,15.8,15.85,1033450
2014-03-21,16.1,16.2,15.4,15.6,156260
2014-03-22,16.0,17.0,15.55,16.65,928330
2014-03-24,16.0,17.25,15.5,16.7,48700
2014-03-25,17.0,17.0,15.3,15.65,61490
2014-03-26,16.5,16.5,14.3,14.8,317010
2014-03-27,15.0,15.3,13.85,14.05,86150
2014-03-28,14.15,14.9,14.0,14.3,282120
2014-03-31,14.1,14.9,14.0,14.1,53950
2014-04-01,13.95,14.8,13.55,13.85,19970
2014-04-02,14.1,16.4,14.1,15.1,214570
2014-04-03,15.8,15.8,14.8,15.0,21540
2014-04-04,15.3,15.3,13.9,14.1,101250
2014-04-07,14.5,14.7,13.9,14.0,134390
2014-04-09,14.4,14.4,13.65,13.8,73060
2014-04-10,14.35,14.35,13.15,13.75,37640
2014-04-11,13.8,14.2,13.8,13.8,9750
2014-04-15,14.9,14.9,14.0,14.1,4890
2014-04-16,14.0,14.2,13.7,13.85,112150
2014-04-17,14.1,14.1,13.7,13.85,29470
2014-04-21,14.0,14.15,13.8,13.8,5980
2014-04-22,13.8,13.95,13.6,13.95,14670
2014-04-23,14.0,14.15,13.5,13.65,4310
2014-04-25,13.8,13.9,12.8,13.05,98010
2014-04-28,13.8,13.9,13.5,13.5,8820
2014-04-29,13.5,15.7,13.5,13.85,324300
2014-04-30,14.4,15.4,13.3,14.0,82010
2014-05-02,13.5,14.25,13.4,13.5,8740
2014-05-05,13.5,13.5,13.5,13.5,950
2014-05-06,14.0,14.2,13.5,13.5,6100
2014-05-07,14.05,14.05,13.5,13.8,311700
2014-05-08,13.5,14.15,13.2,13.5,16190
2014-05-09,13.5,13.5,13.3,13.3,1660
2014-05-12,13.5,13.9,12.65,13.5,3560
2014-05-13,13.5,13.9,12.75,13.0,217460
2014-05-14,13.0,13.4,12.8,13.4,7460
2014-05-15,13.65,13.65,13.2,13.4,1760
2014-05-16,13.6,13.6,12.5,13.3,9360
2014-05-19,13.0,13.2,12.8,13.0,98710
2014-05-20,13.0,13.1,12.6,12.95,131390
2014-05-21,13.0,13.3,12.6,12.9,237810
2014-05-22,12.9,13.85,12.6,12.9,32090
2014-05-23,13.9,15.5,12.65,15.5,151800
2014-05-26,15.9,17.65,14.0,15.5,133870
2014-05-27,15.0,15.6,14.5,14.85,22490
2014-05-28,15.4,15.4,14.5,14.95,142840
2014-05-29,15.0,15.6,14.4,14.95,255050
2014-05-30,14.85,15.0,14.6,14.85,77580
2014-06-02,14.5,15.0,14.5,14.65,30800
2014-06-03,14.55,14.6,14.1,14.5,27560
2014-06-04,15.15,16.1,14.55,15.55,42380
2014-06-05,15.75,16.0,15.2,15.5,14060
2014-06-06,15.6,15.6,14.8,15.15,43930
2014-06-09,17.0,17.0,15.0,15.4,82070
2014-06-10,15.5,16.5,15.15,15.8,254720
2014-06-11,16.5,16.6,15.55,15.95,234140
2014-06-12,16.0,16.05,15.75,16.0,76940
2014-06-13,15.7,15.7,15.0,15.0,1990
2014-06-16,16.5,16.5,15.15,15.45,15030
2014-06-17,15.45,16.0,14.1,15.1,90640
2014-06-18,15.1,15.1,14.2,14.4,21510
2014-06-19,14.6,15.0,14.5,14.9,22450
2014-06-20,15.0,15.0,14.0,14.4,30870
2014-06-23,14.4,15.5,14.1,15.1,380570
2014-06-24,15.5,16.0,14.7,14.95,11600
2014-06-25,15.3,15.3,14.8,14.95,1740
2014-06-26,15.0,15.15,14.7,14.8,2190
2014-06-27,16.0,16.2,14.7,15.2,2920
2014-06-30,15.6,15.6,15.0,15.1,56720
2014-07-01,15.2,15.5,15.15,15.5,142020
2014-07-02,15.3,16.0,15.2,15.55,516120
2014-07-03,15.6,15.9,15.4,15.7,433460
2014-07-04,15.7,18.7,15.7,17.45,212170
2014-07-07,17.05,18.7,16.7,17.45,474350
2014-07-08,17.6,17.6,16.4,16.75,41880
2014-07-09,16.8,16.8,15.75,15.95,5580
2014-07-10,16.25,16.5,15.6,15.8,3050
2014-07-11,16.0,16.0,14.35,14.95,12600
2014-07-14,15.7,15.7,14.85,15.0,6860
2014-07-15,15.55,15.55,15.0,15.0,20910
2014-07-16,15.55,15.55,14.5,15.05,69370
2014-07-17,15.0,15.15,14.3,14.6,145240
2014-07-18,14.95,14.95,14.5,14.55,92630
2014-07-21,14.5,14.8,14.5,14.5,6390
2014-07-22,14.75,14.9,13.8,14.0,324160
2014-07-23,14.5,14.5,13.8,14.1,11220
2014-07-24,14.05,14.5,13.6,14.5,111990
2014-07-25,14.8,14.8,13.55,13.85,24010
2014-07-28,14.0,14.0,13.8,13.95,3390
2014-07-30,14.0,14.0,13.5,13.7,3890
2014-07-31,14.15,14.15,13.0,13.1,10050
2014-08-01,13.5,13.6,12.55,13.25,74600
2014-08-04,13.7,13.7,13.1,13.3,5250
2014-08-05,13.6,13.65,13.1,13.2,3690
2014-08-06,13.5,14.4,13.3,14.05,8840
2014-08-07,13.7,13.8,13.4,13.65,1550
2014-08-08,13.4,14.0,12.8,13.4,612730
2014-08-11,14.0,14.0,13.2,13.45,9680
2014-08-12,13.2,13.9,12.45,12.65,42120
2014-08-13,12.65,13.1,11.0,11.8,180390
2014-08-14,12.5,12.5,9.45,9.8,212460
2014-08-18,9.9,10.8,9.9,10.8,71920
2014-08-19,11.3,11.85,10.0,11.6,75890
2014-08-20,12.0,12.0,10.45,10.5,1173690
2014-08-21,10.6,10.95,10.2,10.5,48500
2014-08-22,10.4,10.5,9.8,10.1,93610
2014-08-25,10.6,11.1,9.3,10.55,1316560
2014-08-26,10.85,11.6,10.8,11.05,298220
2014-08-27,11.45,12.0,11.05,11.95,278090
2014-08-28,12.1,12.15,11.15,11.65,646690
2014-09-01,12.3,12.8,11.7,12.45,200040
2014-09-02,12.4,12.6,11.85,11.85,216060
2014-09-03,12.0,12.0,11.3,11.4,73060
2014-09-04,11.25,11.3,10.85,10.95,603690
2014-09-05,10.45,11.3,10.45,10.5,35480
2014-09-08,10.7,10.75,10.1,10.2,59530
2014-09-09,10.1,10.45,9.8,10.2,58030
2014-09-10,10.3,10.5,9.7,9.8,36640
2014-09-11,9.8,10.3,9.7,10.3,213030
2014-09-12,9.8,10.7,9.8,10.65,47580
2014-09-15,10.7,11.0,10.5,10.8,48060
2014-09-16,11.2,11.2,10.3,10.5,38170
2014-09-17,10.4,10.4,10.05,10.25,29250
2014-09-18,10.15,10.4,9.9,10.25,16490
2014-09-19,10.5,10.55,10.0,10.1,4590
2014-09-22,10.1,10.4,9.7,9.9,8410
2014-09-23,10.3,10.3,9.8,10.0,30280
2014-09-24,9.8,10.4,9.6,9.85,483840
2014-09-25,10.0,10.3,9.75,10.0,171430
2014-09-26,9.9,10.4,9.8,10.25,10780
2014-09-29,10.65,10.65,9.8,10.0,147180
2014-09-30,10.1,10.1,9.9,9.95,95180
2014-10-01,10.0,10.4,9.8,9.9,1441830
2014-10-07,10.15,10.15,9.6,9.75,55630
2014-10-08,10.3,10.3,9.4,9.5,1114780
2014-10-09,9.7,9.8,9.0,9.15,51320
2014-10-10,9.4,9.8,8.8,9.35,22720
2014-10-13,9.8,10.15,8.5,9.15,39450
2014-10-14,9.4,9.4,9.0,9.1,14060
2014-10-16,8.35,9.0,8.35,8.55,17530
2014-10-17,9.0,9.0,8.3,8.45,45020
2014-10-20,8.45,8.9,8.45,8.75,1480
2014-10-21,8.9,8.9,8.4,8.6,6990
2014-10-22,8.6,9.4,8.6,8.9,30550
2014-10-23,9.35,9.8,9.35,9.7,115320
2014-10-27,10.5,10.5,9.05,9.3,29280
2014-10-28,9.15,9.7,9.15,9.25,67110
2014-10-29,9.2,9.55,8.8,8.85,325400
2014-10-30,9.0,9.2,8.5,8.55,115720
2014-10-31,8.9,9.0,8.4,8.5,48250
2014-11-03,9.0,9.3,8.4,9.1,53800
2014-11-05,9.2,9.2,8.7,8.85,22070
2014-11-07,9.3,9.3,8.85,9.05,27530
2014-11-10,9.2,9.4,8.6,8.8,19120
2014-11-11,9.0,9.2,8.6,8.95,715030
2014-11-12,9.0,9.4,8.8,9.35,116570
2014-11-13,9.2,9.35,9.05,9.2,14400
2014-11-14,9.1,9.5,8.9,9.35,8990
2014-11-17,9.1,9.6,9.0,9.4,102740
2014-11-18,9.3,10.65,9.3,9.9,1682240
2014-11-19,9.85,11.0,9.8,10.0,147750
2014-11-20,10.2,10.2,9.6,9.8,12680
2014-11-21,9.7,10.15,9.7,9.7,26240
2014-11-24,9.95,10.1,9.7,9.7,7670
2014-11-25,9.6,9.75,9.0,9.35,514440
2014-11-26,9.5,9.7,9.2,9.3,6790
2014-11-27,9.5,9.5,8.5,8.95,11000
2014-11-28,9.3,10.75,9.2,10.75,399410
2014-12-01,10.85,11.15,10.2,10.2,183420
2014-12-02,10.2,10.7,10.2,10.6,126670
2014-12-03,10.5,10.9,10.3,10.45,90020
2014-12-04,10.6,10.6,9.6,9.85,176630
2014-12-05,9.8,10.05,9.2,9.4,110060
2014-12-08,9.2,9.7,9.2,9.4,6700
2014-12-09,9.5,9.5,8.95,9.1,18630
2014-12-10,9.0,9.7,9.0,9.25,4820
2014-12-11,9.05,9.4,9.05,9.1,3800
2014-12-12,9.15,9.55,8.5,9.05,54530
2014-12-15,9.0,9.3,8.55,8.8,110160
2014-12-16,8.7,8.95,8.5,8.65,58690
2014-12-17,9.0,9.3,7.5,8.2,60090
2014-12-18,8.7,8.8,8.2,8.25,43310
2014-12-19,8.3,8.8,7.7,8.15,96220
2014-12-22,8.4,8.4,7.9,8.05,28140
2014-12-23,8.4,8.7,7.8,8.1,174740
2014-12-24,8.25,8.25,7.2,7.55,46430
2014-12-26,7.45,7.75,7.0,7.15,133140
2014-12-29,7.35,7.4,6.9,7.05,31340
2014-12-30,7.05,7.3,6.9,6.95,42420
2015-01-01,7.5,7.5,7.25,7.45,5050
2015-01-02,7.2,7.55,7.0,7.1,72520
2015-01-05,7.0,7.2,6.95,7.1,54140
2015-01-06,6.95,7.05,6.6,6.75,16450
2015-01-07,6.7,7.0,6.55,6.65,57010
2015-01-08,6.55,6.95,5.35,5.55,437430
2015-01-09,5.55,6.2,5.4,5.65,768270
2015-01-12,5.55,6.8,5.55,6.8,807480
2015-01-13,7.0,8.0,6.25,6.55,2318510
2015-01-14,6.7,7.85,6.7,7.85,2102560
2015-01-15,8.5,9.0,7.4,7.5,1620900
2015-01-16,7.55,7.7,7.05,7.35,478900
2015-01-19,7.5,7.7,6.9,7.1,183470
2015-01-20,7.2,7.4,6.9,7.0,122830
2015-01-21,7.6,7.6,6.1,7.0,672730
2015-01-22,6.75,7.25,6.75,6.9,149090
2015-01-23,7.1,7.15,6.85,6.85,42410
2015-01-27,7.1,7.1,6.6,6.7,41700
2015-01-28,6.9,7.85,6.65,6.95,715780
2015-01-29,7.0,8.35,7.0,8.3,2141590
2015-01-30,8.3,8.8,7.7,8.35,412970
2015-02-02,8.2,9.1,7.9,8.8,2217850
2015-02-03,8.6,9.2,8.5,8.9,517430
2015-02-04,8.9,9.6,8.9,9.15,294030
2015-02-05,9.15,10.05,9.05,9.2,1329630
2015-02-06,9.35,9.6,9.0,9.4,136390
2015-02-09,9.1,9.3,9.0,9.15,48190
2015-02-10,8.85,9.05,8.1,8.3,142700
2015-02-11,8.4,8.5,7.7,7.8,78690
2015-02-12,8.0,8.8,7.8,8.45,191830
2015-02-13,8.45,9.05,8.3,8.6,186350
2015-02-16,8.7,9.55,8.7,9.0,85290
2015-02-18,9.3,9.9,9.3,9.5,123470
2015-02-19,9.85,9.85,8.7,8.9,378800
2015-02-20,8.7,9.2,7.8,8.95,917870
2015-02-23,9.0,10.75,9.0,10.75,2198840
2015-02-24,11.15,11.8,9.85,10.0,3513830
2015-02-25,10.7,10.7,10.0,10.05,1077400
2015-02-26,10.5,11.8,10.15,11.0,4054700
2015-02-27,11.3,12.3,10.2,10.5,2551990
2015-02-28,10.6,10.9,10.25,10.6,300840
2015-03-02,10.5,11.8,10.5,11.6,845430
2015-03-03,11.8,12.05,11.3,11.5,594020
2015-03-04,11.6,11.9,11.0,11.35,388540
2015-03-05,11.1,11.7,11.1,11.45,796980
2015-03-09,11.1,12.35,10.7,12.05,1565590
2015-03-10,12.05,12.35,11.8,12.05,486460
2015-03-11,11.8,12.65,11.8,12.45,983030
2015-03-12,12.15,13.0,12.15,12.85,352750
2015-03-13,12.85,13.0,12.1,12.3,1271700
2015-03-16,12.0,12.9,12.0,12.65,202450
2015-03-17,12.3,12.7,12.0,12.2,167800
2015-03-18,12.0,12.45,12.0,12.3,33410
2015-03-19,12.2,12.6,11.65,12.0,31430
2015-03-20,11.5,12.15,10.8,11.0,64370
2015-03-23,11.05,11.75,11.05,11.3,39200
2015-03-24,10.7,11.45,10.0,10.5,1169350
2015-03-25,10.05,10.9,9.55,9.75,806230
2015-03-26,9.45,9.8,9.35,9.6,502530
2015-03-27,9.3,9.6,8.4,9.5,1070390
2015-03-30,9.75,9.9,9.3,9.8,990660
2015-03-31,9.65,10.6,9.35,9.45,132050
2015-04-01,9.1,9.85,9.1,9.8,53370
2015-04-06,9.7,10.55,9.5,10.5,1140120
2015-04-07,10.55,12.1,10.5,11.85,718110
2015-04-08,11.8,12.5,11.8,12.0,328810
2015-04-09,12.05,13.0,12.05,12.8,740450
2015-04-10,11.8,13.4,11.8,12.9,460730
2015-04-13,13.35,13.5,12.7,12.95,1530080
2015-04-15,13.1,15.55,13.0,15.45,2837710
2015-04-16,15.2,15.95,14.9,15.1,974300
2015-04-17,15.0,15.4,14.55,14.75,169190
2015-04-20,14.2,15.2,14.2,14.8,506030
2015-04-21,14.8,15.35,14.2,15.0,764080
2015-04-22,15.2,15.2,14.75,14.85,1160010
2015-04-23,14.9,15.4,14.9,15.1,100400
2015-04-24,15.1,15.1,14.5,14.9,282200
2015-04-27,14.6,14.9,14.5,14.7,149200
2015-04-28,14.0,14.55,13.2,13.4,379910
2015-04-29,12.7,14.15,12.7,13.45,211130
2015-04-30,13.7,13.7,13.0,13.5,78390
2015-05-04,13.7,15.8,13.2,14.85,554560
2015-05-05,15.05,17.0,15.05,15.5,4236260
2015-05-06,15.25,16.5,15.0,15.2,888820
2015-05-07,15.2,15.2,13.95,14.15,221350
2015-05-08,14.4,15.35,14.4,15.15,411720
2015-05-11,15.1,16.0,15.0,15.15,195860
2015-05-12,15.2,15.2,14.0,14.2,94200
2015-05-13,14.35,14.7,14.0,14.35,116460
2015-05-14,13.9,14.15,13.5,13.85,65280
2015-05-15,14.35,14.35,12.5,13.2,713220
2015-05-18,12.9,13.0,12.0,12.9,342570
2015-05-19,12.8,13.4,12.2,12.45,82010
2015-05-20,12.5,12.9,12.3,12.55,76400
2015-05-21,12.35,12.9,12.35,12.5,269080
2015-05-22,12.3,12.6,11.8,12.4,238300
2015-05-25,12.3,12.3,11.5,11.7,143990
2015-05-26,12.0,12.0,10.8,11.1,473570
2015-05-27,11.25,11.55,10.6,11.25,356530
2015-05-28,11.1,11.5,10.6,10.95,141180
2015-05-29,11.0,12.0,10.5,11.25,166030
2015-06-01,11.5,11.55,10.7,11.0,1164040
2015-06-02,10.8,11.05,9.5,9.95,1481880
2015-06-03,9.8,9.9,9.15,9.5,465490
2015-06-04,10.0,10.4,8.7,8.75,713350
2015-06-05,9.0,9.4,8.5,9.0,192310
2015-06-08,9.0,9.3,8.5,8.55,107350
2015-06-09,8.8,9.2,8.3,9.0,61850
2015-06-10,9.0,9.45,9.0,9.1,182530
2015-06-11,9.15,9.2,8.7,8.75,217050
2015-06-12,8.6,9.0,8.3,8.6,318050
2015-06-15,8.45,8.5,7.8,8.0,295400
2015-06-16,8.25,8.3,7.8,7.9,86460
2015-06-17,7.9,8.1,7.55,7.95,48760
2015-06-18,7.8,8.2,7.8,8.0,654320
2015-06-19,8.15,8.2,7.85,8.15,194570
2015-06-22,8.15,8.6,8.0,8.4,455780
2015-06-23,8.2,9.7,8.0,9.25,939560
2015-06-24,9.25,9.65,8.8,8.85,410970
2015-06-25,8.55,9.45,8.55,9.05,592900
2015-06-26,8.8,10.5,8.8,9.9,651090
2015-06-29,9.95,11.2,9.5,10.4,1079430
2015-06-30,10.45,10.8,9.9,10.1,153820
2015-07-01,10.15,10.5,10.0,10.1,152390
2015-07-02,9.8,10.25,9.8,10.1,660270
2015-07-03,10.2,10.5,9.9,10.05,126050
2015-07-06,10.2,10.2,9.6,10.2,83000
2015-07-07,10.2,10.8,10.1,10.5,283210
2015-07-08,10.2,10.9,10.2,10.5,464650
2015-07-09,10.7,12.1,10.7,10.9,1691730
2015-07-10,11.35,11.4,10.8,10.95,183440
2015-07-13,11.1,11.45,10.5,10.7,469380
2015-07-14,11.0,11.2,10.55,11.05,163180
2015-07-15,10.9,11.15,10.5,10.7,1056060
2015-07-16,10.7,11.0,10.25,10.55,107250
2015-07-17,10.6,10.65,10.2,10.35,80190
2015-07-20,10.3,10.35,10.0,10.15,25190
2015-07-21,10.05,10.35,9.5,9.6,208550
2015-07-22,9.4,9.75,9.3,9.65,542020
2015-07-23,9.5,10.0,9.5,9.7,78620
2015-07-24,9.5,9.85,9.35,9.4,57230
2015-07-27,9.3,9.65,8.7,9.1,45110
2015-07-28,8.9,10.95,8.7,10.95,1024490
2015-07-29,11.4,11.95,11.2,11.6,1002440
2015-07-30,11.75,11.8,11.3,11.35,114070
2015-07-31,11.3,12.2,11.2,11.95,453200
2015-08-03,12.65,12.65,11.1,11.15,1429710
2015-08-04,11.6,13.35,11.2,13.35,3759840
2015-08-05,13.95,16.05,13.6,16.05,4129490
2015-08-06,16.75,16.75,13.95,15.45,2348560
2015-08-07,15.7,15.7,14.5,15.0,568100
2015-08-10,14.9,16.6,14.3,14.9,544830
2015-08-11,15.2,16.2,14.9,15.0,405440
2015-08-12,15.0,15.6,14.65,14.85,430000
2015-08-13,14.5,15.2,14.1,14.4,360650
2015-08-14,14.25,15.0,14.25,14.9,68660
2015-08-17,14.4,14.8,14.15,14.25,54820
2015-08-18,14.2,16.3,14.2,15.3,827660
2015-08-19,15.3,16.0,14.55,14.95,85660
2015-08-20,15.5,15.95,14.1,14.5,407730
2015-08-21,14.0,15.6,13.6,15.05,1149030
2015-08-24,14.5,15.6,12.05,12.5,278570
2015-08-25,13.8,13.8,10.5,11.75,229450
2015-08-26,12.2,12.3,11.3,11.7,1424290
2015-08-27,12.1,14.0,12.0,13.8,607740
2015-08-28,14.2,15.9,14.05,14.75,2905220
2015-08-31,14.95,16.45,14.95,15.95,1197840
2015-09-01,15.95,15.95,14.55,14.85,1639800
2015-09-02,14.85,15.5,14.5,14.7,1034280
2015-09-03,14.8,15.2,14.7,14.95,184180
2015-09-04,14.6,14.6,13.6,13.8,207060
2015-09-07,14.5,14.7,12.9,13.7,859740
2015-09-08,13.6,13.9,13.2,13.35,129710
2015-09-09,14.0,15.0,13.6,13.7,830760
2015-09-10,13.5,13.7,12.8,13.5,433870
2015-09-11,13.8,14.25,13.4,14.0,1011260
2015-09-14,14.0,14.5,13.6,13.7,81050
2015-09-15,14.6,16.15,14.0,15.8,1596740
2015-09-16,16.0,16.05,14.6,14.85,387480
2015-09-18,14.5,15.65,14.5,15.55,772220
2015-09-21,15.0,15.8,15.0,15.4,727440
2015-09-22,15.55,16.75,15.4,15.6,726370
2015-09-23,15.7,18.25,15.7,16.2,3226030
2015-09-24,16.3,17.0,16.2,16.6,561060
2015-09-28,16.85,19.35,16.8,18.4,3186910
2015-09-29,18.4,19.55,17.8,18.8,1495280
2015-09-30,18.5,19.4,18.5,19.0,550310
2015-10-01,19.0,19.3,17.85,18.3,334950
2015-10-05,18.5,18.7,17.8,18.3,407280
2015-10-06,18.55,19.5,18.35,18.7,1998310
2015-10-07,18.3,19.3,18.3,18.7,491210
2015-10-08,19.0,20.2,18.9,19.15,1075710
2015-10-09,19.25,19.4,18.75,19.1,555340
2015-10-12,19.1,19.5,18.85,19.05,91560
2015-10-13,19.05,19.65,18.85,19.4,1601620
2015-10-14,19.5,19.7,18.75,18.95,1265810
2015-10-15,19.1,19.35,19.0,19.05,375080
2015-10-16,19.1,19.4,18.85,18.9,335310
2015-10-19,18.9,19.35,18.55,18.9,214720
2015-10-20,18.9,19.9,18.7,19.1,1267500
2015-10-21,19.2,19.35,18.85,19.0,221130
2015-10-23,19.0,19.3,18.85,18.9,372650
2015-10-26,18.8,19.05,18.3,18.5,82190
2015-10-27,18.4,18.75,17.55,18.0,790750
2015-10-28,18.0,19.4,17.6,18.45,1141590
2015-10-29,18.3,18.65,17.5,17.55,571960
2015-10-30,17.95,17.95,17.2,17.5,338110
2015-11-02,17.55,18.65,17.1,18.6,2084350
2015-11-03,18.65,18.65,15.2,16.65,1573360
2015-11-04,15.9,16.15,13.3,13.3,2269000
2015-11-05,13.0,13.4,11.5,12.85,1945590
2015-11-06,13.6,14.95,13.05,13.25,1565960
2015-11-09,13.55,14.0,12.2,13.55,1775150
2015-11-10,13.4,13.5,12.8,13.0,503980
2015-11-11,13.2,13.45,13.0,13.05,366230
2015-11-13,12.9,13.1,12.3,12.55,128040
2015-11-16,12.5,13.0,12.3,12.5,138630
2015-11-17,12.35,13.7,12.25,12.55,526430
2015-11-18,13.3,13.3,12.55,12.75,143170
2015-11-19,12.5,13.1,12.35,12.5,183920
2015-11-20,12.85,13.05,12.6,12.65,133120
2015-11-23,12.75,12.95,12.6,12.8,157280
2015-11-24,12.85,13.3,12.7,12.85,70730
2015-11-26,12.9,13.3,12.75,12.8,263630
2015-11-27,13.1,13.1,11.4,12.75,227090
2015-11-30,13.1,14.35,12.9,13.85,1697620
2015-12-01,14.05,14.6,14.0,14.4,539540
2015-12-02,14.4,15.0,14.3,14.65,288990
2015-12-03,14.8,14.9,13.7,14.05,250470
2015-12-04,14.2,14.2,13.6,13.9,151260
2015-12-07,14.1,14.4,13.6,13.9,115720
2015-12-08,14.05,14.1,12.9,13.2,114710
2015-12-09,13.4,13.4,12.6,12.95,96520
2015-12-10,13.1,13.1,12.15,12.4,156660
2015-12-11,12.5,12.8,12.3,12.5,1560610
2015-12-14,12.3,12.9,12.3,12.7,1182490
2015-12-15,12.65,12.8,12.3,12.6,25850
2015-12-16,12.7,12.8,12.3,12.4,56180
2015-12-17,12.6,12.8,12.4,12.45,62780
2015-12-18,12.5,13.4,12.35,12.45,1623520
2015-12-21,12.5,12.7,12.4,12.6,37420
2015-12-22,12.7,12.9,12.5,12.6,51730
2015-12-23,12.45,15.1,12.4,14.95,6615770
2015-12-24,15.3,16.3,15.0,15.65,2167150
2015-12-28,15.65,16.1,15.6,15.9,1377650
2015-12-29,15.7,16.9,15.55,15.9,1100270
2015-12-30,15.7,16.2,15.0,15.1,437900
2015-12-31,14.8,15.55,14.5,14.75,108610
2016-01-01,14.8,15.15,14.8,14.9,81190
2016-01-04,14.5,15.5,14.1,14.95,1885490
2016-01-05,14.8,15.5,14.35,15.05,108200
2016-01-06,14.85,16.15,14.8,15.5,609700
2016-01-07,15.8,15.8,14.5,14.75,92090
2016-01-08,15.25,15.6,14.7,15.2,442600
2016-01-11,15.2,15.4,14.0,15.1,375320
2016-01-12,14.5,15.9,14.3,14.7,148440
2016-01-13,14.85,14.9,12.5,13.4,277330
2016-01-14,12.9,13.95,12.65,13.5,62980
2016-01-15,13.35,13.85,12.5,12.55,55170
2016-01-18,12.7,12.75,11.5,11.9,336200
2016-01-19,11.9,12.25,11.6,12.1,173790
2016-01-20,11.75,12.3,10.85,11.35,286910
2016-01-21,11.6,11.9,10.75,10.95,215520
2016-01-22,10.85,11.5,10.85,11.25,157910
2016-01-25,12.05,12.05,11.4,11.6,58150
2016-01-27,11.35,11.8,11.1,11.35,49910
2016-01-28,11.2,11.6,10.8,11.2,286920
2016-01-29,11.0,11.45,11.0,11.3,9170
2016-02-01,11.5,11.55,11.1,11.2,360660
2016-02-02,11.3,11.35,11.0,11.0,22500
2016-02-03,10.7,11.2,10.65,10.8,319940
2016-02-04,10.8,11.1,10.5,10.8,2973040
2016-02-05,10.7,12.95,10.05,10.55,244810
2016-02-08,10.6,10.9,10.5,10.5,92200
2016-02-09,10.5,10.7,9.9,10.0,42130
2016-02-10,9.9,10.0,9.6,9.6,9890
2016-02-11,9.4,9.7,8.4,8.6,128470
2016-02-12,9.4,9.5,7.5,8.2,80600
2016-02-15,8.7,9.45,8.1,9.15,52210
2016-02-16,9.05,10.2,8.8,9.35,174930
2016-02-17,9.5,9.5,8.6,8.9,101740
2016-02-18,9.35,9.35,8.8,8.9,78370
2016-02-19,8.65,9.1,8.65,8.85,152890
2016-02-22,9.2,9.25,8.8,9.1,214260
2016-02-23,9.3,9.4,9.05,9.2,28550
2016-02-24,8.8,11.05,8.75,11.05,337960
2016-02-25,11.7,12.7,11.15,11.6,776960
2016-02-26,11.6,11.8,10.85,11.55,521780
2016-02-29,11.5,11.5,10.7,11.1,145870
2016-03-01,10.9,11.85,10.85,11.7,119410
2016-03-02,11.6,12.35,11.6,11.85,389340
2016-03-03,11.85,12.4,11.6,12.0,520640
2016-03-04,11.7,12.4,11.7,12.1,803710
2016-03-08,12.25,12.3,12.1,12.2,60050
2016-03-09,11.7,12.4,11.7,12.3,129490
2016-03-10,12.05,12.4,12.05,12.2,242840
2016-03-11,12.1,12.4,11.35,11.6,117260
2016-03-14,11.6,11.8,11.5,11.65,46910
2016-03-15,11.5,11.75,11.0,11.5,644920
2016-03-16,11.35,12.2,11.35,12.1,76230
2016-03-17,12.0,12.5,11.5,11.55,81210
2016-03-18,11.65,11.9,11.5,11.65,307760
2016-03-21,11.3,11.85,11.0,11.3,458590
2016-03-22,11.7,12.85,11.3,11.5,2880470
2016-03-23,11.6,11.65,11.15,11.2,454490
2016-03-28,11.3,11.4,10.0,10.25,344870
2016-03-29,10.7,12.3,10.4,12.3,3500570
2016-03-30,12.7,12.95,12.0,12.5,1019970
2016-03-31,12.0,12.7,11.5,11.7,835070
2016-04-01,11.7,12.3,11.7,11.8,72900
2016-04-04,12.05,13.6,12.0,12.95,964230
2016-04-05,12.4,13.75,12.4,12.95,1462160
2016-04-06,12.95,13.4,12.55,12.7,987060
2016-04-07,12.9,13.3,12.6,12.8,871910
2016-04-08,12.85,13.1,12.7,12.75,590130
2016-04-11,12.4,13.1,12.4,12.8,754730
2016-04-12,12.95,13.35,12.85,13.0,67850
2016-04-13,12.9,13.7,12.6,12.65,2469990
2016-04-18,12.75,13.1,12.75,12.9,72420
2016-04-20,12.7,13.2,12.7,12.8,185930
2016-04-21,13.0,13.0,12.7,12.7,49480
2016-04-22,12.7,12.9,12.7,12.75,40390
2016-04-25,12.75,12.75,12.4,12.4,26890
2016-04-26,12.4,12.7,12.2,12.4,195650
2016-04-27,12.35,12.5,12.2,12.25,14780
2016-04-28,12.15,12.45,12.0,12.15,29070
2016-04-29,11.95,12.35,11.7,11.9,78670
2016-05-02,11.95,12.2,11.5,12.15,49290
2016-05-03,12.35,12.35,11.9,12.15,182370
2016-05-04,12.2,12.2,11.65,11.85,71900
2016-05-05,11.9,13.0,11.9,12.35,592110
2016-05-06,12.45,12.45,12.2,12.2,26560
2016-05-09,12.0,12.7,11.95,12.25,12350
2016-05-10,12.25,12.6,12.25,12.5,26950
2016-05-11,12.5,12.5,12.2,12.25,6950
2016-05-12,12.3,12.75,12.3,12.5,9780
2016-05-13,12.15,13.0,12.1,12.7,1018010
2016-05-16,12.6,12.9,12.4,12.55,1685850
2016-05-17,12.65,12.8,12.4,12.55,975730
2016-05-18,13.0,13.0,12.4,12.55,746370
2016-05-19,12.5,12.7,12.3,12.45,597310
2016-05-20,12.3,12.6,12.2,12.2,65010
2016-05-23,12.5,12.9,12.1,12.55,42290
2016-05-24,12.95,13.0,12.0,12.1,705130
2016-05-25,12.1,12.2,11.5,11.55,190600
2016-05-26,12.2,12.2,11.5,11.6,39330
2016-05-27,11.6,11.7,11.5,11.55,15490
2016-05-30,11.5,11.7,11.3,11.3,22140
2016-05-31,11.15,11.65,11.15,11.3,23460
2016-06-01,11.2,11.8,11.2,11.2,26000
2016-06-02,11.1,11.4,11.1,11.35,52270
2016-06-03,11.6,11.6,11.3,11.35,4010
2016-06-06,11.2,11.6,11.2,11.3,7750
2016-06-07,11.2,11.8,11.2,11.25,119450
2016-06-08,11.65,11.65,11.1,11.4,46570
2016-06-09,11.3,11.5,11.2,11.4,21660
2016-06-10,11.2,11.45,11.15,11.2,25090
2016-06-13,11.2,11.2,10.4,10.9,53410
2016-06-14,10.8,11.25,10.8,11.15,22520
2016-06-15,11.0,11.4,10.9,11.1,26380
2016-06-16,10.95,11.35,10.75,10.9,49650
2016-06-17,11.5,11.5,10.8,10.9,18980
2016-06-20,11.1,13.0,11.1,12.35,1220560
2016-06-21,12.5,14.5,12.5,13.75,3302820
2016-06-22,13.85,14.3,13.25,13.8,1530350
2016-06-23,13.5,13.85,12.8,13.3,366770
2016-06-24,12.8,13.25,12.4,12.9,164290
2016-06-27,12.9,15.45,12.9,15.45,2053020
2016-06-28,16.0,17.4,14.5,14.75,3539090
2016-06-29,15.1,17.7,14.75,17.7,3899050
2016-06-30,18.35,18.55,17.2,17.55,3071850
2016-07-01,16.7,18.0,16.6,16.85,903670
2016-07-04,16.95,17.3,16.25,16.5,431140
2016-07-05,16.8,17.2,16.3,16.45,355200
2016-07-07,16.3,16.7,15.9,16.15,254970
2016-07-08,16.2,16.9,16.0,16.4,377820
2016-07-11,16.5,16.7,16.0,16.2,84730
2016-07-12,16.25,16.45,15.25,15.55,342600
2016-07-13,16.2,17.85,15.8,16.0,2504220
2016-07-14,16.0,16.75,15.65,16.5,1390770
2016-07-15,16.55,18.1,15.3,15.6,4481680
2016-07-18,15.85,16.15,15.3,15.55,506350
2016-07-19,15.5,15.7,14.9,15.2,424100
2016-07-20,15.3,15.6,15.2,15.45,283690
2016-07-21,15.15,15.95,15.1,15.2,350320
2016-07-22,15.35,15.6,14.85,15.05,231880
2016-07-25,15.3,15.95,14.8,15.5,1241310
2016-07-26,15.8,16.4,15.0,15.1,2715350
2016-07-27,15.1,15.45,14.9,15.0,202910
2016-07-28,14.8,17.3,14.75,17.1,3369940
2016-07-29,17.0,19.0,16.5,18.3,7779560
2016-08-01,18.2,19.95,17.3,18.7,3400090
2016-08-02,18.8,19.5,17.9,18.15,766060
2016-08-03,18.3,18.3,16.9,17.0,551340
2016-08-04,17.15,17.3,16.25,16.3,336950
2016-08-05,16.45,16.9,16.25,16.5,644420
2016-08-08,16.7,16.75,16.2,16.25,776270
2016-08-09,16.4,16.5,16.25,16.25,637630
2016-08-10,16.3,16.4,16.2,16.25,297700
2016-08-11,16.3,16.5,16.2,16.2,415290
2016-08-12,16.3,16.5,15.8,16.15,190050
2016-08-16,15.95,16.05,15.35,15.5,75340
2016-08-17,15.7,15.7,15.4,15.45,65440
2016-08-18,15.7,16.0,15.4,15.55,117870
2016-08-19,15.7,18.35,15.45,17.15,1731150
2016-08-22,17.1,17.8,16.85,17.05,439420
2016-08-23,16.8,17.05,15.9,16.15,318280
2016-08-24,16.3,17.0,16.2,16.5,259970
2016-08-25,16.5,17.1,16.15,16.25,110240
2016-08-26,16.3,16.45,15.8,15.85,139960
2016-08-29,15.9,16.05,15.5,15.7,187350
2016-08-30,15.7,16.4,15.6,16.1,730580
2016-08-31,16.1,16.3,15.7,15.8,83800
2016-09-01,15.85,16.55,15.6,16.1,191840
2016-09-02,16.0,16.6,15.9,16.1,488970
2016-09-06,16.3,17.1,16.2,16.45,1034370
2016-09-07,16.45,16.8,16.25,16.3,389020
2016-09-08,16.3,16.5,16.2,16.35,125410
2016-09-09,16.45,16.45,15.9,16.0,120960
2016-09-12,15.7,15.85,15.4,15.55,224770
2016-09-14,15.6,15.9,15.3,15.55,915010
2016-09-15,15.6,15.85,15.3,15.6,248840
2016-09-16,15.55,15.75,15.45,15.5,47430
2016-09-19,15.35,15.9,15.25,15.35,96530
2016-09-20,15.5,15.5,15.15,15.2,99810
2016-09-21,15.2,15.5,15.2,15.2,91970
2016-09-22,15.5,15.5,15.25,15.3,19170
2016-09-23,15.3,15.45,15.0,15.05,33880
2016-09-26,15.1,15.25,15.0,15.0,54480
2016-09-27,15.1,15.25,15.0,15.05,96190
2016-09-28,15.0,17.2,15.0,16.5,3795580
2016-09-29,16.5,17.5,14.9,15.15,2873240
2016-09-30,15.5,15.8,14.25,15.3,385530
2016-10-03,15.4,16.2,15.4,15.7,249410
2016-10-04,15.75,15.95,15.4,15.65,141040
2016-10-05,15.65,15.8,15.3,15.55,159340
2016-10-06,15.55,17.1,15.4,16.2,2287100
2016-10-07,16.2,16.6,15.8,16.35,403890
2016-10-10,16.4,17.05,16.3,16.6,147090
2016-10-13,16.4,16.8,15.7,16.0,85110
2016-10-14,15.8,16.15,15.75,15.85,54610
2016-10-17,15.7,16.0,15.55,15.7,97510
2016-10-18,15.85,15.95,15.5,15.7,98310
2016-10-19,15.5,16.0,15.5,15.55,76040
2016-10-20,15.6,15.9,15.5,15.65,198740
2016-10-21,15.55,15.75,15.2,15.4,145700
2016-10-24,15.5,17.55,15.4,16.9,3332690
2016-10-25,16.8,17.85,16.65,17.5,2429310
2016-10-26,17.7,17.8,16.95,17.2,901840
2016-10-27,17.2,18.95,17.2,18.25,3908530
2016-10-28,18.2,18.55,18.05,18.4,933840
2016-10-30,18.65,19.05,18.3,18.55,1083020
2016-11-01,18.7,18.7,18.0,18.1,131090
2016-11-02,17.75,17.8,17.1,17.25,149290
2016-11-03,17.5,18.0,16.85,17.1,122250
2016-11-04,16.5,17.4,15.8,15.9,239340
2016-11-07,16.55,16.65,15.8,15.9,233670
2016-11-08,15.8,16.05,15.8,15.9,236410
2016-11-09,15.0,15.4,13.0,15.0,137430
2016-11-10,15.3,15.7,15.3,15.45,123220
2016-11-11,15.4,15.5,14.3,14.4,128530
2016-11-15,15.0,15.0,14.0,14.0,90330
2016-11-16,14.0,14.05,13.15,13.4,84640
2016-11-17,13.45,14.0,12.85,13.05,161820
2016-11-18,13.0,13.5,12.75,13.0,106410
2016-11-21,13.1,13.3,12.5,12.6,68720
2016-11-22,13.0,13.0,12.3,12.6,395450
2016-11-23,12.6,13.7,12.5,13.3,301630
2016-11-24,13.7,13.8,13.05,13.35,96880
2016-11-25,13.3,13.7,13.3,13.5,50380
2016-11-28,13.6,13.8,13.4,13.5,23010
2016-11-29,13.5,13.8,13.2,13.5,43980
2016-11-30,13.55,13.75,13.5,13.65,33870
2016-12-01,13.85,15.3,13.7,14.8,442060
2016-12-02,14.7,14.7,14.4,14.4,122390
2016-12-05,14.8,16.0,14.4,15.25,651410
2016-12-06,15.1,15.5,14.7,15.0,345110
2016-12-07,15.0,15.1,14.5,14.65,25580
2016-12-08,14.85,15.0,14.6,14.75,210070
2016-12-09,14.7,15.7,14.6,15.4,1565220
2016-12-12,15.4,15.55,14.8,14.95,66270
2016-12-13,14.85,15.25,14.85,14.9,14510
2016-12-14,14.85,15.15,14.5,14.65,47200
2016-12-15,14.7,14.8,14.5,14.55,384790
2016-12-16,14.75,14.75,14.0,14.2,64110
2016-12-19,14.2,14.4,13.5,13.8,44330
2016-12-20,14.0,14.0,13.55,13.7,70870
2016-12-21,13.55,13.9,13.5,13.6,35990
2016-12-22,13.5,13.5,12.8,13.0,56000
2016-12-23,13.0,13.0,12.5,12.75,20210
2016-12-26,12.7,13.3,12.6,13.1,39920
2016-12-27,13.1,13.3,12.65,13.1,64420
2016-12-28,12.9,13.45,12.9,13.1,37230
2016-12-29,13.05,13.4,13.0,13.25,48370
2016-12-30,13.2,13.6,13.05,13.15,119480
2017-01-02,13.1,13.6,13.05,13.4,12600
2017-01-03,13.4,13.6,13.4,13.4,56310
2017-01-04,13.5,15.35,13.45,14.85,1946220
2017-01-05,14.9,15.5,14.75,14.95,225750
2017-01-06,15.0,17.95,15.0,17.95,4823600
2017-01-09,17.9,18.3,16.8,17.95,3036880
2017-01-10,18.0,18.0,17.4,17.65,515090
2017-01-11,17.7,17.9,16.3,16.55,197140
2017-01-12,17.1,18.5,16.6,17.2,1587650
2017-01-13,17.0,17.6,16.35,16.6,471120
2017-01-16,16.6,16.8,16.0,16.3,186940
2017-01-17,16.45,16.7,16.3,16.55,98000
2017-01-18,16.5,16.65,16.25,16.5,646410
2017-01-19,16.5,17.45,16.4,17.05,291860
2017-01-20,17.05,17.05,16.25,16.65,120450
2017-01-23,16.5,17.25,16.25,17.0,123660
2017-01-24,16.8,17.9,16.6,16.9,182160
2017-01-25,17.0,19.0,15.7,16.0,8301840
2017-01-27,16.3,16.45,15.7,16.0,515740
2017-01-30,16.2,16.5,15.9,16.25,280750
2017-01-31,16.4,16.4,15.9,16.0,168140
2017-02-01,15.9,16.05,15.5,15.75,76140
2017-02-02,16.0,16.0,15.5,15.65,168390
2017-02-03,15.6,18.8,15.5,18.55,3546250
2017-02-06,19.0,19.75,18.5,19.0,2948600
2017-02-07,19.0,19.1,18.6,18.8,677840
2017-02-08,18.8,19.6,18.6,19.2,1099070
2017-02-09,19.4,19.6,18.9,19.3,1275910
2017-02-10,19.1,20.9,19.0,19.4,3726940
2017-02-13,19.45,19.8,19.1,19.25,959840
2017-02-14,19.0,19.6,19.0,19.3,172120
2017-02-15,19.5,20.0,19.0,19.2,236110
2017-02-16,19.3,19.8,18.0,19.45,183330
2017-02-17,19.6,19.6,19.0,19.15,119170
2017-02-20,19.1,19.5,18.7,19.15,112680
2017-02-21,19.0,19.5,19.0,19.3,112080
2017-02-22,19.4,20.9,18.2,18.5,3555280
2017-02-23,18.0,19.0,18.0,18.4,649420
2017-02-27,18.6,18.95,17.4,18.2,236950
2017-02-28,18.1,18.6,18.05,18.5,636050
2017-03-01,18.5,19.4,18.4,18.7,336910
2017-03-02,19.0,19.2,17.55,18.0,1059290
2017-03-03,17.9,18.3,17.8,17.95,92310
2017-03-06,18.0,18.4,17.85,17.9,120610
2017-03-07,18.0,18.0,17.6,17.75,77930
2017-03-08,17.9,17.9,17.2,17.3,133940
2017-03-09,17.7,18.75,17.05,17.55,1038720
2017-03-10,17.7,19.45,17.7,18.55,8951750
2017-03-14,19.0,20.65,18.85,20.25,10046520
2017-03-15,20.2,20.9,19.65,19.75,6858670
2017-03-16,19.8,20.2,19.5,19.9,1273640
2017-03-17,20.05,20.25,19.6,19.8,416550
2017-03-20,19.65,19.8,18.75,19.25,326420
2017-03-21,19.5,20.15,19.0,19.8,648150
2017-03-22,19.7,20.3,19.35,19.8,487090
2017-03-23,19.8,20.1,19.15,19.35,373950
2017-03-24,19.5,19.7,18.75,19.0,283880
2017-03-27,19.1,19.15,18.35,18.6,640630
2017-03-28,18.75,19.5,18.3,19.2,5276290
2017-03-29,19.25,19.25,18.15,18.4,482750
2017-03-30,18.5,18.9,18.4,18.55,458620
2017-03-31,18.6,18.7,18.35,18.5,141760
2017-04-03,18.9,18.9,18.5,18.65,153690
2017-04-05,18.75,19.25,18.4,18.55,266000
2017-04-06,18.5,18.8,18.25,18.45,237220
2017-04-07,18.35,18.65,17.95,18.1,224160
2017-04-10,18.1,18.5,17.4,17.65,397530
2017-04-11,17.75,18.85,17.5,18.4,522720
2017-04-12,18.75,19.1,17.85,18.65,518240
2017-04-13,18.55,19.5,18.45,18.9,517440
2017-04-17,18.9,19.7,18.4,19.3,510790
2017-04-18,19.5,20.0,18.85,19.0,1702990
2017-04-19,19.05,19.4,18.7,19.2,182760
2017-04-20,19.2,19.25,18.95,19.2,153040
2017-04-21,19.1,19.2,18.8,19.1,400470
2017-04-24,19.1,19.2,18.7,18.9,174790
2017-04-25,19.0,19.2,18.9,19.0,411840
2017-04-26,19.1,19.2,18.75,18.85,355700
2017-04-27,18.9,19.2,18.9,18.95,144800
2017-04-28,19.0,19.0,18.4,18.55,378220
2017-05-02,18.9,18.9,18.4,18.5,332390
2017-05-03,18.55,18.7,18.1,18.35,119600
2017-05-04,18.5,18.5,18.15,18.3,292700
2017-05-05,18.5,18.55,17.4,17.6,435230
2017-05-08,17.9,19.2,17.8,18.1,762310
2017-05-09,18.3,18.4,17.8,18.15,175260
2017-05-10,18.0,18.35,17.8,18.05,49350
2017-05-11,18.05,18.2,17.8,17.95,65810
2017-05-12,17.9,18.6,17.85,18.05,111140
2017-05-15,18.0,18.15,17.4,17.65,91930
2017-05-16,17.7,18.5,17.7,18.1,164090
2017-05-17,17.9,18.2,17.9,18.05,150530
2017-05-18,17.8,18.0,17.7,17.75,80850
2017-05-19,17.75,18.35,17.75,18.05,224050
2017-05-22,17.9,18.2,17.6,17.75,470480
2017-05-23,17.5,18.0,17.25,17.55,636060
2017-05-24,17.4,18.0,17.1,17.35,314720
2017-05-25,17.4,18.0,17.4,17.6,112240
2017-05-26,17.5,17.7,17.3,17.5,117430
2017-05-29,17.7,18.65,17.4,18.3,2368220
2017-05-30,18.45,20.8,18.45,20.25,5437180
2017-05-31,20.2,20.85,19.6,20.1,587050
2017-06-01,20.1,20.35,19.6,19.75,4059070
2017-06-02,19.75,21.4,19.75,20.6,6346190
2017-06-05,20.5,20.55,20.0,20.15,260910
2017-06-06,20.2,20.25,19.55,19.65,120040
2017-06-07,19.85,20.2,19.55,19.9,910510
2017-06-08,19.9,20.45,19.65,19.75,1154580
2017-06-09,20.0,20.4,19.45,20.0,1533200
2017-06-12,19.8,20.35,19.5,19.7,881620
2017-06-13,19.7,23.6,19.4,23.6,14244240
2017-06-14,24.45,26.45,23.8,26.0,15977250
2017-06-15,25.8,26.15,25.0,25.75,3007160
2017-06-16,25.8,25.8,24.9,25.15,1732170
2017-06-19,25.6,25.9,24.75,25.55,1731830
2017-06-20,25.65,27.35,25.65,26.85,2570720
2017-06-21,26.8,27.5,26.0,26.25,2113420
2017-06-22,26.5,26.9,25.3,25.55,889750
2017-06-23,26.0,26.45,24.15,25.05,867560
2017-06-27,25.0,25.45,24.4,24.75,1017610
2017-06-28,24.5,24.9,24.2,24.55,501170
2017-06-29,24.85,28.2,24.85,27.2,5050240
2017-06-30,27.15,29.3,26.2,28.8,4356880
2017-07-03,28.85,29.5,28.3,28.6,2028700
2017-07-04,28.75,28.9,27.25,27.65,1273960
2017-07-05,27.6,28.6,27.0,27.6,669590
2017-07-06,27.6,28.2,27.05,27.35,587550
2017-07-07,27.55,29.0,27.0,28.0,1540840
2017-07-10,27.7,28.0,27.3,27.45,75070
2017-07-11,27.55,28.0,26.5,26.8,287670
2017-07-12,26.5,27.2,26.0,26.3,507700
2017-07-13,26.3,27.4,26.1,26.9,955270
2017-07-14,26.55,27.2,26.2,26.4,215140
2017-07-17,26.4,30.85,26.4,30.6,6814400
2017-07-18,30.0,31.6,29.15,30.55,4224030
2017-07-19,30.65,31.45,30.2,30.45,1648640
2017-07-20,30.7,31.5,30.0,31.2,1324790
2017-07-21,31.2,32.3,30.75,32.05,2394890
2017-07-24,32.35,34.7,31.8,33.6,4271620
2017-07-25,33.85,35.05,32.95,34.7,3981410
2017-07-26,35.05,35.5,34.05,34.45,776110
2017-07-27,34.75,35.0,33.6,33.85,526430
2017-07-28,33.7,34.2,31.8,32.3,468520
2017-07-31,32.5,35.6,32.5,34.55,2216420
2017-08-01,34.45,34.9,33.7,34.2,1094210
2017-08-02,34.0,34.55,33.7,33.85,381360
2017-08-03,34.0,34.0,33.0,33.5,383520
2017-08-04,33.4,34.7,33.0,33.35,408530
2017-08-07,33.6,34.5,33.45,33.55,1105290
2017-08-08,33.75,34.0,32.9,33.1,178580
2017-08-09,33.1,33.1,29.95,30.35,1464920
2017-08-10,31.2,31.2,29.2,30.05,718880
2017-08-11,29.1,31.8,29.05,30.1,905370
2017-08-14,30.5,34.0,30.5,32.85,668810
2017-08-16,33.3,35.2,32.9,35.0,2130620
2017-08-17,35.3,35.3,33.5,33.95,413920
2017-08-18,34.0,34.3,32.55,33.0,291880
2017-08-21,33.65,33.95,32.3,32.75,208720
2017-08-22,33.4,33.5,31.5,31.7,229530
2017-08-23,31.8,32.5,31.8,32.1,313190
2017-08-24,32.45,32.8,31.1,32.0,125130
2017-08-28,32.7,33.0,31.1,31.65,265400
2017-08-29,31.6,32.25,31.0,31.6,171480
2017-08-30,31.3,33.6,31.3,33.05,543290
2017-08-31,33.5,33.5,31.7,31.9,269760
2017-09-01,31.65,32.6,31.55,32.1,132620
2017-09-04,32.1,32.9,31.5,31.7,229010
2017-09-05,31.9,32.4,31.7,31.95,342190
2017-09-06,31.5,32.2,30.75,30.95,207700
2017-09-07,31.5,31.8,29.9,30.2,298130
2017-09-08,30.4,31.8,30.3,31.45,319850
2017-09-11,30.6,33.3,30.6,32.85,436410
2017-09-12,33.0,37.05,33.0,35.55,3542250
2017-09-13,35.8,37.25,35.7,36.45,1817210
2017-09-14,36.8,36.85,35.7,36.4,515840
2017-09-15,36.6,36.8,35.7,35.8,320890
2017-09-18,36.45,40.4,36.45,38.95,7102710
2017-09-19,39.35,39.45,37.0,37.5,1375080
2017-09-20,37.7,38.05,36.7,37.75,1381060
2017-09-21,38.0,38.25,36.0,37.15,1261940
2017-09-22,37.35,37.35,35.2,35.8,681310
2017-09-25,35.5,38.1,35.5,37.35,1408720
2017-09-26,37.4,41.25,31.0,36.1,5485180
2017-09-27,36.5,38.55,36.5,37.2,1006270
2017-09-28,37.4,38.75,37.05,37.4,1110410
2017-09-29,37.55,39.9,37.3,39.0,1242810
2017-10-03,39.2,39.75,38.15,38.6,521000
2017-10-04,38.5,38.85,37.95,38.3,434020
2017-10-05,38.5,38.55,37.65,38.2,295260
2017-10-06,38.0,40.9,37.35,39.75,2787850
2017-10-09,40.25,42.35,39.7,41.75,2363700
2017-10-10,42.05,42.5,41.05,41.4,1046090
2017-10-11,41.5,42.2,40.25,40.6,635500
2017-10-12,41.0,41.35,40.2,40.5,459730
2017-10-13,40.95,41.8,39.7,39.95,703770
2017-10-16,40.6,40.9,39.55,40.05,328690
2017-10-17,39.65,40.8,39.65,39.95,360660
2017-10-18,39.7,40.8,39.5,40.3,606400
2017-10-19,40.3,40.5,39.2,39.75,1365450
2017-10-23,39.75,40.55,39.1,39.6,2802480
2017-10-24,40.6,42.2,40.0,40.35,1444850
2017-10-25,41.0,41.0,39.2,39.85,272580
2017-10-26,40.2,40.3,39.1,39.6,193000
2017-10-27,40.5,40.5,38.95,39.25,411910
2017-10-30,39.05,40.35,39.05,39.7,281100
2017-10-31,39.6,44.1,39.5,43.7,3108550
2017-11-01,43.7,45.0,43.4,43.8,834240
2017-11-02,43.7,44.8,42.6,43.0,310660
2017-11-03,43.05,44.05,41.35,41.75,421130
2017-11-06,41.35,42.6,41.15,41.5,130000
2017-11-07,41.45,41.85,39.7,40.4,585490
2017-11-08,40.65,40.8,38.9,39.6,648960
2017-11-09,39.65,40.8,39.4,39.9,504570
2017-11-10,40.0,40.1,38.5,38.95,285860
2017-11-13,39.3,39.75,38.4,39.15,310320
2017-11-14,39.6,40.3,38.7,39.7,314240
2017-11-15,39.0,40.15,32.5,38.7,248600
2017-11-16,39.35,39.7,38.7,38.85,197460
2017-11-17,39.65,39.65,38.5,39.1,188090
2017-11-20,39.1,40.7,38.6,39.35,883760
2017-11-21,39.55,40.0,39.1,39.5,335890
2017-11-22,39.7,40.45,39.4,40.1,351850
2017-11-23,39.2,42.25,39.0,41.95,1386580
2017-11-24,42.15,42.35,41.0,41.1,395270
2017-11-27,41.4,42.9,41.2,41.85,397420
2017-11-28,42.3,42.3,40.25,40.85,285010
2017-11-29,41.05,41.4,39.15,39.55,371090
2017-11-30,39.65,40.7,39.3,40.15,483790
2017-12-01,40.3,42.05,39.65,40.2,927520
2017-12-04,41.2,41.45,39.5,40.4,1346690
2017-12-05,40.75,40.75,39.5,39.7,181020
2017-12-06,40.3,40.4,38.55,38.9,275660
2017-12-07,39.6,41.6,39.35,40.2,1075360
2017-12-08,40.6,40.9,39.7,40.0,178470
2017-12-11,40.4,41.0,39.6,40.05,733370
2017-12-12,40.2,40.5,39.0,39.35,134470
2017-12-13,39.3,40.2,38.7,38.9,282480
2017-12-14,38.8,39.3,37.9,38.5,305210
2017-12-15,38.95,39.3,38.05,39.0,222170
2017-12-18,39.3,39.3,36.5,38.05,135550
2017-12-19,38.5,41.9,38.5,40.75,1418730
2017-12-20,40.9,40.95,39.5,39.85,614120
2017-12-21,39.75,40.5,39.1,39.25,255270
2017-12-22,38.85,39.9,38.7,39.0,225820
2017-12-26,39.05,39.9,38.6,38.95,319820
2017-12-27,39.15,39.5,38.5,38.6,159220
2017-12-28,38.8,40.5,38.65,40.1,4337140
2017-12-29,40.25,43.1,40.25,42.35,3937880
2018-01-01,42.6,42.9,40.65,41.7,343900
2018-01-02,41.85,42.05,40.8,41.2,399000
2018-01-03,41.1,41.9,40.95,41.5,214480
2018-01-04,41.6,45.1,41.6,44.2,2102500
2018-01-05,43.6,44.6,43.1,43.25,286660
2018-01-08,43.8,44.6,43.35,44.2,346110
2018-01-09,43.8,44.0,42.0,42.45,199470
2018-01-10,43.3,43.3,41.5,42.2,700200
2018-01-11,42.55,43.2,41.7,42.3,706510
2018-01-12,42.6,42.65,41.0,41.4,129980
2018-01-15,41.5,42.0,40.9,41.65,295030
2018-01-16,41.4,41.4,39.5,40.0,305950
2018-01-17,39.55,40.55,39.15,40.3,223250
2018-01-18,40.95,45.8,40.0,44.3,5953230
2018-01-19,44.2,44.2,41.6,42.25,606660
2018-01-22,41.25,43.6,41.25,42.75,397360
2018-01-23,43.05,43.5,41.8,41.9,298640
2018-01-24,41.5,42.05,40.3,40.95,376600
2018-01-25,40.65,40.8,39.3,39.85,435810
2018-01-29,40.0,42.25,40.0,40.6,547760
2018-01-30,40.7,41.45,39.8,40.0,497830
2018-01-31,40.2,40.85,39.75,40.5,891720
2018-02-01,40.1,40.7,39.1,40.3,975890
2018-02-02,39.3,39.75,34.05,35.3,884120
2018-02-05,36.5,36.5,31.2,32.8,1327600
2018-02-06,28.8,30.9,27.0,29.5,1366790
2018-02-07,30.35,32.5,30.35,32.15,591070
2018-02-08,32.5,35.0,32.5,33.6,329280
2018-02-09,32.0,33.5,31.1,32.2,342580
2018-02-12,32.3,34.4,32.3,32.9,508250
2018-02-14,34.5,34.5,32.9,33.35,270150
2018-02-15,33.1,33.6,31.6,32.05,648940
2018-02-16,32.25,33.0,30.2,30.75,159580
2018-02-19,31.3,31.5,29.8,29.95,129070
2018-02-20,30.0,30.9,29.5,29.95,113880
2018-02-21,30.75,30.75,29.0,29.15,327770
2018-02-22,29.1,33.4,29.0,32.25,7086490
2018-02-23,32.1,32.2,30.85,31.0,959670
2018-02-26,31.5,32.0,30.4,30.7,321540
2018-02-27,31.3,31.8,30.4,31.0,312100
2018-02-28,30.4,31.35,30.4,31.05,381710
2018-03-01,31.0,31.9,30.7,30.9,209330
2018-03-05,30.5,31.35,29.7,29.9,92660
2018-03-06,30.8,34.2,28.0,29.0,5076900
2018-03-07,28.6,29.9,26.5,27.1,1140690
2018-03-08,27.1,28.1,25.15,26.25,700670
2018-03-09,26.4,26.7,25.5,25.5,501050
2018-03-12,25.8,29.45,25.8,26.35,11581610
2018-03-13,25.8,28.2,25.15,25.2,5427540
2018-03-14,25.2,25.8,25.0,25.15,768960
2018-03-15,25.0,25.45,24.85,24.9,1326700
2018-03-16,25.15,25.5,24.55,24.65,490820
2018-03-19,25.0,25.0,24.05,24.15,1605400
2018-03-20,24.3,24.45,24.05,24.1,1114830
2018-03-21,24.5,25.95,23.95,24.05,1203780
2018-03-22,24.1,24.3,23.6,23.7,479500
2018-03-23,23.4,24.35,22.2,23.35,1234310
2018-03-26,23.5,24.0,22.2,22.35,699060
2018-03-27,22.5,26.8,22.5,26.8,6840710
2018-03-28,26.5,31.95,25.55,31.6,14446630
2018-04-02,31.5,33.15,30.55,32.45,3816010
2018-04-03,31.8,32.5,31.4,32.1,2631810
2018-04-04,32.1,32.3,30.2,30.75,629100
2018-04-05,31.1,33.75,30.35,32.4,2030020
2018-04-06,32.1,33.2,32.1,32.35,437250
2018-04-09,32.85,33.3,32.3,32.65,424190
2018-04-10,32.65,33.0,32.1,32.3,1350860
2018-04-11,32.65,32.8,31.7,31.9,1184590
2018-04-12,31.9,33.7,31.8,32.4,744060
2018-04-13,32.85,32.95,31.95,32.2,448440
2018-04-16,31.45,32.75,31.4,31.7,152480
2018-04-17,32.0,32.4,31.0,31.2,236690
2018-04-18,31.5,31.8,30.2,30.55,216060
2018-04-19,30.95,31.9,30.2,30.7,385200
2018-04-20,30.1,30.9,29.1,29.25,663680
2018-04-23,29.55,30.3,29.0,29.3,280680
2018-04-24,29.35,30.2,29.15,29.9,1252870
2018-04-25,29.7,29.85,29.0,29.15,149470
2018-04-26,29.15,29.5,28.3,28.35,412390
2018-04-27,28.6,28.75,28.15,28.2,215370
2018-04-30,28.3,28.45,27.35,27.35,116120
2018-05-02,27.2,27.5,27.15,27.2,211860
2018-05-03,26.5,26.75,25.8,26.0,86730
2018-05-04,25.8,27.5,25.1,26.45,627230
2018-05-07,26.1,27.1,25.85,26.15,150740
2018-05-08,26.0,26.2,25.2,25.55,107670
2018-05-09,25.5,26.6,25.35,25.65,114130
2018-05-10,25.4,26.6,25.05,25.2,119060
2018-05-11,25.3,25.8,24.2,24.35,145470
2018-05-14,24.9,25.0,24.1,24.9,735900
2018-05-15,24.6,24.85,23.95,24.45,1772000
2018-05-16,24.2,24.6,23.5,23.75,198520
2018-05-17,24.25,26.9,23.5,24.3,206560
2018-05-18,24.8,24.8,23.1,23.1,298470
2018-05-21,23.3,23.35,21.65,22.0,136640
2018-05-22,22.5,24.35,21.75,22.55,339430
2018-05-23,22.6,22.95,21.75,21.85,220070
2018-05-24,21.85,22.45,20.9,21.7,378930
2018-05-25,21.75,23.0,21.6,22.0,352950
2018-05-28,22.5,26.35,22.0,26.35,1021740
2018-05-29,27.5,30.0,26.0,26.65,2478410
2018-05-30,26.25,26.25,24.8,25.05,432880
2018-05-31,25.3,25.3,23.7,23.9,278290
2018-06-01,23.9,23.9,23.0,23.15,191610
2018-06-04,23.15,23.45,22.1,22.2,437230
2018-06-05,22.0,22.95,21.1,21.15,887620
2018-06-06,21.45,21.95,20.9,21.35,1051580
2018-06-07,21.5,24.2,21.45,22.4,498770
2018-06-08,22.35,23.1,21.85,22.2,354740
2018-06-11,22.6,22.8,21.6,21.85,154820
2018-06-12,22.35,22.35,21.7,21.9,101770
2018-06-13,21.9,25.5,21.9,22.5,4197390
2018-06-14,22.0,23.2,21.75,22.5,425690
2018-06-15,22.5,22.9,22.0,22.15,200550
2018-06-18,22.0,22.2,21.1,21.5,260910
2018-06-19,21.55,21.55,21.2,21.25,166330
2018-06-20,21.75,21.8,20.95,21.05,216650
2018-06-21,21.0,21.4,20.9,20.95,263090
2018-06-22,21.25,21.25,20.6,20.6,203440
2018-06-25,20.7,20.7,19.7,19.85,210300
2018-06-26,20.0,20.1,19.6,19.6,172600
2018-06-27,19.7,19.7,19.3,19.35,1074280
2018-06-28,19.0,21.35,19.0,19.25,3229250
2018-06-29,19.25,20.5,18.65,18.9,2573060
2018-07-02,19.15,19.7,18.6,18.7,264870
2018-07-03,18.6,19.3,18.55,18.75,272900
2018-07-04,18.75,18.8,18.5,18.5,322370
2018-07-05,18.4,18.9,16.7,17.8,1134120
2018-07-06,17.8,19.4,17.75,18.7,1783960
2018-07-09,18.5,19.1,18.25,18.6,194630
2018-07-10,18.3,20.35,18.3,19.4,802330
2018-07-11,19.1,19.5,19.0,19.1,137310
2018-07-12,19.2,22.1,18.8,21.45,1070530
2018-07-13,21.05,21.4,19.45,19.8,369570
2018-07-16,20.15,20.15,18.7,18.8,164450
2018-07-17,18.6,19.3,18.4,18.65,101380
2018-07-18,19.1,19.1,18.0,18.15,394270
2018-07-19,18.0,18.45,17.5,17.6,170270
2018-07-20,17.4,17.7,17.15,17.2,187250
2018-07-23,17.6,17.6,17.1,17.15,244820
2018-07-24,17.2,18.5,17.2,17.95,375410
2018-07-25,17.6,18.4,17.6,17.7,125740
2018-07-26,17.9,17.9,17.2,17.3,188280
2018-07-27,17.3,18.0,17.25,17.45,1814600
2018-07-30,17.5,17.9,17.4,17.45,698900
2018-07-31,17.25,17.6,17.25,17.4,175590
2018-08-01,17.4,17.45,17.2,17.3,153100
2018-08-02,17.3,18.75,17.1,17.8,859200
2018-08-03,17.8,19.95,17.65,19.15,1416330
2018-08-06,19.1,19.9,19.0,19.1,240260
2018-08-07,19.1,19.3,18.4,18.55,132480
2018-08-08,18.4,18.9,18.15,18.3,81230
2018-08-09,18.3,18.5,18.05,18.1,65730
2018-08-10,18.1,18.5,17.7,17.95,161300
2018-08-13,18.0,18.15,17.5,17.85,96400
2018-08-14,17.8,18.7,17.7,18.1,527150
2018-08-16,17.9,18.35,17.5,17.65,150990
2018-08-17,17.55,17.95,17.5,17.55,142030
2018-08-20,17.6,18.2,17.6,17.75,98150
2018-08-21,17.6,18.0,17.45,17.55,142780
2018-08-23,17.5,17.75,16.75,17.05,1618150
2018-08-24,17.25,17.25,16.7,16.8,125660
2018-08-27,17.0,17.3,16.85,16.9,90280
2018-08-28,16.7,17.2,16.7,16.95,119660
2018-08-29,16.9,17.1,16.55,16.75,199310
2018-08-30,17.0,18.0,16.7,17.15,309360
2018-08-31,17.0,17.9,17.0,17.2,142080
2018-09-03,17.85,17.85,17.05,17.1,99620
2018-09-04,17.0,17.35,16.55,16.8,93170
2018-09-05,16.6,17.0,16.1,16.2,252390
2018-09-06,16.2,16.8,16.15,16.2,169050
2018-09-07,16.2,16.5,16.0,16.1,238130
2018-09-10,15.9,16.5,15.7,15.8,385830
2018-09-11,16.2,16.2,15.7,15.75,371660
2018-09-12,15.7,15.8,15.1,15.15,559320
2018-09-14,15.2,15.4,15.05,15.15,105880
2018-09-17,15.5,15.5,14.7,14.8,166940
2018-09-18,15.05,15.05,14.05,14.15,73460
2018-09-19,14.1,17.0,14.1,16.75,3255920
2018-09-21,16.2,19.45,14.9,15.35,3088290
2018-09-24,15.35,15.9,14.6,14.75,707880
2018-09-25,14.4,14.9,13.85,14.15,464990
2018-09-26,14.95,14.95,13.9,14.0,3036180
2018-09-27,14.1,14.6,13.15,13.3,936670
2018-09-28,13.7,14.4,12.35,12.7,728910
2018-10-01,12.35,12.7,10.25,11.2,1990970
2018-10-03,11.3,12.65,10.7,11.65,1587510
2018-10-04,11.15,12.05,11.15,11.5,266380
2018-10-05,11.25,13.25,11.25,12.4,1546130
2018-10-08,12.4,12.55,10.85,10.95,567520
2018-10-09,11.25,11.5,10.9,11.1,273770
2018-10-10,11.0,11.95,11.0,11.35,433640
2018-10-11,11.2,11.6,10.6,10.7,506460
2018-10-12,11.0,12.85,11.0,12.85,2042860
2018-10-15,13.5,14.5,12.9,13.2,2595550
2018-10-16,13.2,13.95,13.0,13.45,2388900
2018-10-17,13.8,13.8,12.6,12.85,2102650
2018-10-19,12.8,13.35,12.45,12.75,3197230
2018-10-22,12.8,13.3,12.1,12.25,737340
2018-10-23,11.95,12.5,11.5,11.65,649820
2018-10-24,11.6,12.1,11.3,11.45,787220
2018-10-25,11.5,11.6,10.65,10.9,2311020
2018-10-26,11.05,11.1,10.5,10.6,462720
2018-10-29,10.6,11.6,10.6,11.0,537970
2018-10-30,11.0,11.5,10.8,10.95,245980
2018-10-31,10.9,11.35,10.55,10.75,956940
2018-11-01,10.8,11.0,10.5,10.6,934120
2018-11-02,10.7,11.1,10.5,10.6,2778870
2018-11-05,10.8,10.9,10.5,10.65,415640
2018-11-06,10.7,10.85,10.3,10.65,243850
2018-11-07,10.6,10.7,10.5,10.55,71200
2018-11-09,10.55,10.7,10.35,10.55,202490
2018-11-12,10.65,10.9,10.5,10.55,330500
2018-11-13,10.6,10.65,10.3,10.45,603240
2018-11-14,10.4,10.6,10.3,10.3,554740
2018-11-15,10.35,11.25,10.3,10.85,1430550
2018-11-16,10.9,10.95,10.3,10.4,300820
2018-11-19,10.6,10.7,10.4,10.45,165010
2018-11-20,10.6,10.6,9.9,10.05,247150
2018-11-21,10.05,10.2,9.8,9.85,231450
2018-11-22,10.15,10.35,9.85,9.9,362840
2018-11-26,10.1,10.1,9.55,9.6,519950
2018-11-27,9.9,9.9,8.55,9.0,1057130
2018-11-28,9.1,9.6,8.9,9.2,714450
2018-11-29,9.3,10.75,9.3,9.7,3622660
2018-11-30,9.75,10.95,9.75,10.55,2464140
2018-12-03,10.6,10.8,10.15,10.45,786490
2018-12-04,10.4,10.4,9.9,10.0,531210
2018-12-05,9.75,10.3,9.65,9.75,372790
2018-12-06,9.6,10.0,9.25,9.3,578270
2018-12-07,9.65,9.65,9.3,9.35,205150
2018-12-10,9.5,9.5,9.0,9.05,577770
2018-12-11,9.25,9.5,9.1,9.3,440240
2018-12-12,9.35,9.8,9.3,9.4,349150
2018-12-13,9.3,9.7,9.3,9.5,453550
2018-12-14,9.4,11.4,9.4,11.4,3300980
2018-12-17,12.1,12.35,10.8,11.0,5122250
2018-12-18,10.9,11.4,10.65,11.15,1988790
2018-12-19,11.1,11.35,10.9,11.2,902080
2018-12-20,11.2,11.7,11.0,11.55,1622740
2018-12-21,11.5,12.2,11.15,11.2,1187880
2018-12-24,11.5,11.6,10.8,10.8,1243780
2018-12-26,10.85,10.9,10.2,10.5,470880
2018-12-27,10.65,11.25,10.4,10.5,816930
2018-12-28,10.6,10.9,10.55,10.6,255840
2019-01-01,10.1,10.5,10.0,10.05,1205950
2019-01-02,10.05,10.15,9.7,9.7,2854880
2019-01-03,9.75,11.65,9.65,11.65,7934000
2019-01-04,11.95,12.95,11.25,12.45,14142750
2019-01-07,12.55,12.65,12.0,12.3,2378270
2019-01-08,12.3,12.45,11.25,11.35,958120
2019-01-09,11.35,12.2,11.35,11.5,4556010
2019-01-10,11.5,12.2,11.5,11.85,2343260
2019-01-11,11.95,12.0,10.9,11.05,2659910
2019-01-14,11.1,11.75,10.8,10.9,5667400
2019-01-15,11.0,11.15,10.8,10.85,1487640
2019-01-16,11.1,11.1,10.5,10.6,701500
2019-01-17,10.75,10.85,10.15,10.2,1951010
2019-01-18,10.5,10.5,10.1,10.3,716680
2019-01-21,10.35,10.4,10.0,10.0,427120
2019-01-22,10.1,10.1,9.65,9.7,512400
2019-01-23,9.7,10.7,9.5,9.95,3014160
2019-01-24,10.05,10.4,9.8,9.95,743880
2019-01-25,9.9,10.1,9.75,9.8,467500
2019-01-28,9.8,10.0,9.2,9.35,364450
2019-01-29,9.4,9.45,8.75,8.85,944560
2019-01-30,8.9,9.2,8.65,8.9,420410
2019-01-31,9.1,9.1,8.7,8.8,300450
2019-02-01,9.0,9.25,8.7,8.85,1239710
2019-02-04,8.85,8.85,8.6,8.6,373400
2019-02-05,8.6,8.7,7.9,8.1,503140
2019-02-06,8.4,8.4,7.8,8.1,319440
2019-02-07,8.0,8.3,7.9,7.95,299990
2019-02-08,8.1,8.1,7.85,7.95,405600
2019-02-11,7.95,8.0,7.8,7.9,208120
2019-02-12,7.95,8.15,7.7,7.95,491990
2019-02-13,8.0,8.05,7.85,7.9,200480
2019-02-14,7.85,8.45,7.8,8.0,683080
2019-02-15,7.9,8.25,7.8,7.85,161780
2019-02-18,8.0,8.0,7.5,7.6,167350
2019-02-19,7.65,7.75,7.1,7.25,360860
2019-02-20,7.5,7.55,7.2,7.3,251860
2019-02-21,7.5,7.6,7.25,7.45,475780
2019-02-22,7.45,7.8,7.45,7.5,420670
2019-02-25,7.6,7.75,7.2,7.25,325260
2019-02-26,7.2,7.25,7.05,7.1,417230
2019-02-27,7.2,7.45,7.0,7.05,673290
2019-02-28,7.3,8.5,7.05,8.5,5989150
2019-03-01,8.7,9.0,7.6,7.95,10850540
2019-03-05,8.0,8.2,7.75,7.8,2939820
2019-03-06,7.8,8.05,7.6,7.65,1752510
2019-03-07,7.75,7.8,7.55,7.55,791530
2019-03-08,7.6,7.85,7.4,7.65,1051280
2019-03-11,7.65,7.75,7.45,7.5,671140
2019-03-12,7.55,7.9,7.5,7.7,1219140
2019-03-13,7.75,8.4,7.7,7.95,4216900
2019-03-14,7.95,8.3,7.8,8.0,1156250
2019-03-15,8.0,8.2,7.75,7.85,696140
2019-03-18,7.85,8.15,7.8,7.9,1188760
2019-03-19,7.85,8.0,7.8,7.9,423150
2019-03-20,7.9,7.95,7.65,7.7,342080
2019-03-22,8.3,8.9,8.25,8.6,10617280
2019-03-25,8.3,10.0,8.3,9.05,22244580
2019-03-26,9.1,9.6,8.45,8.55,8681230
2019-03-27,8.55,8.9,7.85,7.9,6768990
2019-03-28,8.0,8.5,8.0,8.2,3463020
2019-03-29,8.3,8.4,8.1,8.15,1787710
2019-04-01,8.2,8.4,8.0,8.05,2241680
2019-04-02,8.15,8.2,7.85,7.9,2280460
2019-04-03,7.95,8.1,7.8,7.85,1015760
2019-04-04,7.85,7.9,7.7,7.75,672380
2019-04-05,7.75,7.85,7.65,7.7,693290
2019-04-08,7.75,7.75,7.55,7.6,613590
2019-04-09,7.6,7.8,7.45,7.6,1774000
2019-04-10,7.6,7.65,7.5,7.55,836080
2019-04-11,7.6,7.6,7.4,7.45,577260
2019-04-12,7.4,8.3,7.4,7.85,4897020
2019-04-15,7.95,8.25,7.85,7.9,1631730
2019-04-16,7.95,8.1,7.8,7.85,1441430
2019-04-18,7.85,7.95,7.6,7.65,658110
2019-04-22,7.65,7.9,7.45,7.5,551580
2019-04-23,7.55,7.6,7.35,7.4,467130
2019-04-24,7.5,7.55,7.35,7.4,361890
2019-04-25,7.45,7.5,7.25,7.25,586920
2019-04-26,7.3,7.4,7.25,7.3,549950
2019-04-30,7.25,7.35,6.75,6.8,959980
2019-05-02,6.9,7.4,6.75,7.05,1845970
2019-05-03,7.05,7.1,6.85,6.95,446960
2019-05-06,6.7,6.85,6.7,6.75,434800
2019-05-07,6.8,7.35,6.7,6.9,1710040
2019-05-08,6.9,7.0,6.25,6.65,631560
2019-05-09,6.6,6.9,6.4,6.45,671620
2019-05-10,6.5,6.6,6.35,6.4,442130
2019-05-13,6.4,6.45,5.95,6.0,564280
2019-05-14,5.9,6.35,5.9,6.1,752310
2019-05-15,6.15,6.8,6.0,6.4,3065710
2019-05-16,7.3,7.5,7.05,7.25,6728310
2019-05-17,7.2,7.3,6.95,7.1,2623420
2019-05-20,7.25,7.55,6.85,6.9,4772580
2019-05-21,6.95,7.0,6.5,6.6,816060
2019-05-22,6.6,6.8,6.55,6.7,954760
2019-05-23,6.85,7.25,6.8,6.85,1081130
2019-05-24,6.9,7.05,6.85,7.0,697150
2019-05-27,7.05,7.5,7.05,7.4,2009550
2019-05-28,7.55,7.65,7.4,7.55,1457200
2019-05-29,7.5,7.5,7.2,7.25,353750
2019-05-30,7.3,7.35,7.1,7.15,216120
2019-05-31,7.2,7.3,6.9,7.0,558530
2019-06-03,7.0,7.0,6.8,6.9,276380
2019-06-04,6.55,6.95,6.55,6.6,1369870
2019-06-06,6.65,6.8,6.35,6.5,1738880
2019-06-07,6.5,6.6,6.05,6.2,1482390
2019-06-10,6.5,6.55,6.0,6.05,1208890
2019-06-11,6.05,6.15,5.9,6.05,472540
2019-06-12,6.05,6.35,6.0,6.15,730270
2019-06-13,6.15,6.2,6.0,6.1,275950
2019-06-14,6.0,6.1,5.9,5.95,290620
2019-06-17,5.85,5.9,5.45,5.5,629040
2019-06-18,5.5,5.6,4.55,5.05,3392230
2019-06-19,5.2,5.2,4.65,4.7,1331310
2019-06-20,4.55,4.8,4.35,4.65,1109380
2019-06-21,4.7,4.95,4.7,4.8,596250
2019-06-24,4.8,5.75,4.8,5.65,2332000
2019-06-25,5.65,5.9,4.5,5.0,4756400
2019-06-26,5.0,5.3,4.8,5.15,1083830
2019-06-27,5.15,5.8,5.0,5.35,714220
2019-06-28,5.55,5.55,5.05,5.15,301260
2019-07-01,5.15,5.3,5.0,5.1,202460
2019-07-02,5.05,5.5,5.05,5.4,458250
2019-07-03,5.35,5.85,5.1,5.6,1227850
2019-07-04,5.6,5.75,5.4,5.5,318910
2019-07-05,5.5,5.65,5.35,5.5,329410
2019-07-08,5.6,5.6,5.1,5.25,496780
2019-07-09,5.3,5.3,4.8,4.95,427620
2019-07-10,5.15,5.15,4.85,5.0,256580
2019-07-11,5.15,5.4,5.0,5.15,436720
2019-07-12,5.15,5.25,5.1,5.15,255160
2019-07-15,5.1,5.3,4.6,4.9,572590
2019-07-16,4.95,5.1,4.9,5.05,300760
2019-07-17,5.0,5.05,4.9,4.95,233130
2019-07-18,4.95,5.05,4.8,4.85,275870
2019-07-19,4.9,4.9,4.5,4.7,1032650
2019-07-22,4.45,4.8,4.45,4.55,265890
2019-07-23,4.6,4.7,4.5,4.5,163940
2019-07-24,4.55,4.55,4.35,4.4,193980
2019-07-25,4.4,5.2,4.3,4.95,1890780
2019-07-26,5.1,5.3,4.8,4.9,1053470
2019-07-29,4.75,4.95,4.6,4.7,972510
2019-07-30,4.6,4.75,4.4,4.55,262130
2019-07-31,4.5,4.6,4.3,4.5,433420
2019-08-01,4.5,4.65,4.15,4.25,604030
2019-08-02,4.25,5.1,4.25,5.1,5842000
2019-08-05,5.05,5.05,4.7,4.75,1624750
2019-08-06,4.8,4.95,4.3,4.5,716810
2019-08-07,4.55,4.75,4.5,4.55,586600
2019-08-08,4.5,4.65,4.25,4.45,688240
2019-08-09,4.6,4.7,4.45,4.55,483590
2019-08-13,4.75,5.25,4.6,4.75,2320580
2019-08-14,4.9,5.0,4.55,4.7,433210
2019-08-16,4.8,4.8,4.55,4.6,387150
2019-08-19,4.6,4.65,4.5,4.55,312370
2019-08-20,4.6,4.65,4.4,4.45,531790
2019-08-21,4.4,4.6,4.4,4.4,166600
2019-08-22,4.5,4.55,4.1,4.2,315500
2019-08-23,4.05,4.4,4.05,4.25,219890
2019-08-26,4.4,4.5,4.25,4.45,320320
2019-08-27,4.4,4.7,4.4,4.55,427040
2019-08-28,4.55,5.1,4.55,4.8,1350080
2019-08-29,4.7,4.8,4.55,4.6,177550
2019-08-30,4.55,4.75,4.55,4.6,183140
2019-09-03,4.5,4.55,4.1,4.4,418240
2019-09-04,4.35,4.6,4.35,4.45,265030
2019-09-05,4.4,4.65,4.4,4.55,458480
2019-09-06,4.65,5.2,4.55,4.9,1709340
2019-09-09,4.9,5.25,4.9,5.15,1438190
2019-09-11,5.15,5.6,5.15,5.4,1106240
2019-09-12,5.5,5.75,5.25,5.35,1438450
2019-09-13,5.4,5.45,5.1,5.15,545180
2019-09-16,5.1,5.45,5.05,5.15,655690
2019-09-17,5.2,5.35,5.05,5.1,545960
2019-09-18,5.2,5.25,4.95,5.0,413360
2019-09-19,5.0,5.0,4.75,4.8,342570
2019-09-20,4.95,5.4,4.7,5.15,876670
2019-09-23,5.2,5.9,5.2,5.3,868860
2019-09-24,5.4,5.55,5.0,5.1,1136270
2019-09-25,5.2,5.2,4.75,4.9,792780
2019-09-26,4.9,5.4,4.65,5.05,956920
2019-09-27,5.0,5.3,4.95,5.15,649700
2019-09-30,5.15,5.25,4.8,4.95,387040
2019-10-01,5.1,5.1,4.25,4.45,1147150
2019-10-03,4.5,4.65,4.4,4.45,641710
2019-10-04,4.6,4.65,4.45,4.5,420910
2019-10-07,4.6,4.6,4.4,4.4,257760
2019-10-09,4.4,4.6,4.3,4.45,223280
2019-10-10,4.4,4.55,4.3,4.35,240920
2019-10-11,4.35,4.5,4.35,4.4,282470
2019-10-14,4.55,5.3,4.1,4.35,5093580
2019-10-15,4.4,4.75,3.9,4.0,5603220
2019-10-16,4.0,4.2,3.45,3.6,4667880
2019-10-17,3.65,3.9,3.4,3.65,2745880
2019-10-18,3.7,3.8,3.4,3.5,3222360
2019-10-22,3.5,4.1,3.45,3.9,3413360
2019-10-23,3.9,4.25,3.9,3.95,1855720
2019-10-24,4.05,4.25,3.95,4.1,1450850
2019-10-25,4.0,4.2,4.0,4.15,965260
2019-10-27,4.15,4.2,4.05,4.15,137270
2019-10-29,4.1,4.2,4.0,4.1,423040
2019-10-30,4.2,4.45,4.1,4.2,1292720
2019-10-31,4.3,4.3,4.1,4.15,541160
2019-11-01,3.95,4.2,3.9,4.0,1020670
2019-11-04,4.1,4.45,4.0,4.3,1946870
2019-11-05,4.3,4.45,4.25,4.3,526680
2019-11-06,4.4,4.4,4.1,4.1,449030
2019-11-07,4.1,4.2,4.0,4.0,703710
2019-11-08,4.05,4.1,3.9,3.95,472340
2019-11-11,3.95,4.25,3.9,4.1,807470
2019-11-13,4.2,4.3,4.0,4.1,1321850
2019-11-14,4.15,4.2,3.95,4.1,421990
2019-11-15,4.0,4.05,3.8,3.85,1175520
2019-11-18,3.8,4.0,3.8,3.9,544960
2019-11-19,3.85,3.95,3.8,3.9,372620
2019-11-20,3.9,3.95,3.8,3.85,410760
2019-11-21,3.9,3.9,3.75,3.8,427230
2019-11-22,3.7,3.9,3.7,3.8,337880
2019-11-25,3.85,3.85,3.75,3.8,251010
2019-11-26,3.8,3.85,3.7,3.75,340650
2019-11-27,3.75,3.8,3.7,3.7,367280
2019-11-28,3.75,3.75,3.65,3.7,372540
2019-11-29,3.7,3.85,3.55,3.65,591610
2019-12-02,3.65,3.7,3.45,3.5,576520
2019-12-03,3.4,3.75,3.3,3.6,1236660
2019-12-04,3.7,3.7,3.5,3.55,278370
2019-12-05,3.55,3.6,3.45,3.45,254400
2019-12-06,3.5,3.55,3.4,3.5,2452410
2019-12-09,3.5,3.7,3.45,3.5,764890
2019-12-10,3.5,3.5,3.4,3.45,252750
2019-12-11,3.4,4.15,3.4,4.15,4105650
2019-12-12,4.35,4.45,3.85,3.95,3292800
2019-12-13,3.9,3.95,3.8,3.8,569370
2019-12-16,3.8,4.25,3.75,3.9,1621720
2019-12-17,3.9,4.1,3.85,3.85,1499950
2019-12-18,3.9,4.2,3.9,4.05,1979410
2019-12-19,4.1,4.1,3.95,3.95,207250
2019-12-20,3.9,4.1,3.9,4.0,438790
2019-12-23,4.0,4.2,3.95,4.1,1105210
2019-12-24,4.1,4.3,4.05,4.15,1307200
2019-12-26,4.2,4.85,4.1,4.75,6736010
2019-12-27,4.7,5.7,4.65,5.6,10012050
2019-12-30,5.8,6.2,5.75,6.15,8690650
