symbol,rows,status,first,last,calendar_days,max_gap_days
360ONE,1063,OK,2019-09-19,2023-12-29,1562,5
3MINDIA,3671,OK,2009-03-05,2023-12-29,5412,6
AADHARHFC,0,EMPTY-marker,,,0,0
AARTIDRUGS,3672,OK,2009-03-05,2023-12-29,5412,6
AARTIIND,3672,OK,2009-03-05,2023-12-29,5412,6
AARTIPHARM,227,OK,2023-01-30,2023-12-29,333,4
AAVAS,1296,OK,2018-10-08,2023-12-29,1908,5
ABBOTINDIA,3468,OK,2010-01-08,2023-12-29,5103,6
ABB,3673,OK,2009-03-05,2023-12-29,5412,6
ABCAPITAL,1568,OK,2017-09-01,2023-12-29,2310,5
ABDL,0,EMPTY-marker,,,0,0
ABFRL,2582,OK,2013-07-22,2023-12-29,3812,6
ABLBL,0,EMPTY-marker,,,0,0
ABREL,0,EMPTY-marker,,,0,0
ABSLAMC,551,OK,2021-10-11,2023-12-29,809,5
ACC,3673,OK,2009-03-05,2023-12-29,5412,6
ACE,3673,OK,2009-03-05,2023-12-29,5412,6
ACI,276,OK,2022-11-21,2023-12-29,403,4
ACMESOLAR,0,EMPTY-marker,,,0,0
ACUTAAS,0,EMPTY-marker,,,0,0
ADANIENSOL,2083,OK,2015-07-31,2023-12-29,3073,5
ADANIENT,3673,OK,2009-03-05,2023-12-29,5412,6
ADANIGREEN,1371,OK,2018-06-18,2023-12-29,2020,5
ADANIPORTS,3668,OK,2009-03-05,2023-12-29,5412,8
ADANIPOWER,3561,OK,2009-08-20,2023-12-29,5244,6
ADVENZYMES,1837,OK,2016-08-01,2023-12-29,2706,5
AEGISLOG,0,EMPTY-marker,,,0,0
AEGISVOPAK,0,EMPTY-marker,,,0,0
AEQUS,0,EMPTY-marker,,,0,0
AETHER,391,OK,2022-06-03,2023-12-29,574,4
AFCONS,0,EMPTY-marker,,,0,0
AFFLE,1089,OK,2019-08-08,2023-12-29,1604,5
AGARWALEYE,0,EMPTY-marker,,,0,0
AHLUCONT,3482,OK,2009-12-14,2023-12-29,5128,6
AIAENG,3670,OK,2009-03-05,2023-12-29,5412,6
AIIL,0,EMPTY-marker,,,0,0
AJANTPHARM,3673,OK,2009-03-05,2023-12-29,5412,6
AKUMS,0,EMPTY-marker,,,0,0
AKZOINDIA,3672,OK,2009-03-05,2023-12-29,5412,6
ALIVUS,0,EMPTY-marker,,,0,0
ALKEM,1986,OK,2015-12-23,2023-12-29,2928,5
ALKYLAMINE,3538,OK,2009-03-05,2023-12-29,5412,9
ALOKINDS,958,OK,2020-02-19,2023-12-29,1409,5
AMBER,1465,OK,2018-01-30,2023-12-29,2159,5
AMBUJACEM,3673,OK,2009-03-05,2023-12-29,5412,6
ANANDRATHI,508,OK,2021-12-14,2023-12-29,745,5
ANANTRAJ,3672,OK,2009-03-05,2023-12-29,5412,6
ANGELONE,804,OK,2020-10-05,2023-12-29,1180,5
ANTHEM,0,EMPTY-marker,,,0,0
ANUP,1196,OK,2019-03-01,2023-12-29,1764,5
ANURAS,686,OK,2021-03-24,2023-12-29,1010,5
APARINDS,3672,OK,2009-03-05,2023-12-29,5412,6
APLAPOLLO,2976,OK,2011-12-21,2023-12-29,4391,6
APLLTD,3042,OK,2011-09-20,2023-12-29,4483,6
APOLLOHOSP,3673,OK,2009-03-05,2023-12-29,5412,6
APOLLOTYRE,3673,OK,2009-03-05,2023-12-29,5412,6
APOLLO,1470,OK,2018-01-22,2023-12-29,2167,5
APTUS,584,OK,2021-08-24,2023-12-29,857,5
ARE&M,3673,OK,2009-03-05,2023-12-29,5412,6
ARVINDFASN,1192,OK,2019-03-08,2023-12-29,1757,5
ARVIND,3673,OK,2009-03-05,2023-12-29,5412,6
ASAHIINDIA,3672,OK,2009-03-05,2023-12-29,5412,6
ASHAPURMIN,3672,OK,2009-03-05,2023-12-29,5412,6
ASHOKA,3273,OK,2010-10-14,2023-12-29,4824,6
ASHOKLEY,3673,OK,2009-03-05,2023-12-29,5412,6
ASIANPAINT,3673,OK,2009-03-05,2023-12-29,5412,6
ASKAUTOLTD,31,OK,2023-11-15,2023-12-29,44,4
ASTERDM,1447,OK,2018-02-26,2023-12-29,2132,5
ASTRAL,3670,OK,2009-03-05,2023-12-29,5412,6
ASTRAMICRO,3673,OK,2009-03-05,2023-12-29,5412,6
ASTRAZEN,3667,OK,2009-03-05,2023-12-29,5412,6
ATGL,1275,OK,2018-11-05,2023-12-29,1880,5
ATHERENERG,0,EMPTY-marker,,,0,0
ATLANTAELE,0,EMPTY-marker,,,0,0
ATUL,3673,OK,2009-03-05,2023-12-29,5412,6
AUBANK,1605,OK,2017-07-10,2023-12-29,2363,5
AURIONPRO,3559,OK,2009-03-05,2023-12-29,5412,13
AUROPHARMA,3673,OK,2009-03-05,2023-12-29,5412,6
AVALON,176,OK,2023-04-18,2023-12-29,255,4
AVANTIFEED,2158,OK,2015-04-16,2023-12-29,3179,5
AVL,0,EMPTY-marker,,,0,0
AWFIS,0,EMPTY-marker,,,0,0
AWL,469,OK,2022-02-08,2023-12-29,689,5
AXISBANK,3673,OK,2009-03-05,2023-12-29,5412,6
AXISCADES,3648,OK,2009-03-05,2023-12-29,5412,23
AZAD,2,OK,2023-12-28,2023-12-29,1,1
BAJAJ-AUTO,3673,OK,2009-03-05,2023-12-29,5412,6
BAJAJELEC,3673,OK,2009-03-05,2023-12-29,5412,6
BAJAJFINSV,3672,OK,2009-03-05,2023-12-29,5412,6
BAJAJHFL,0,EMPTY-marker,,,0,0
BAJAJHLDNG,3673,OK,2009-03-05,2023-12-29,5412,6
BAJFINANCE,3672,OK,2009-03-05,2023-12-29,5412,6
BALAMINES,3670,OK,2009-03-05,2023-12-29,5412,6
BALKRISIND,3671,OK,2009-03-06,2023-12-29,5411,6
BALRAMCHIN,3673,OK,2009-03-05,2023-12-29,5412,6
BALUFORGE,0,EMPTY-marker,,,0,0
BANCOINDIA,3672,OK,2009-03-05,2023-12-29,5412,6
BANDHANBNK,1427,OK,2018-03-27,2023-12-29,2103,5
BANKBARODA,3673,OK,2009-03-05,2023-12-29,5412,6
BANKINDIA,3673,OK,2009-03-05,2023-12-29,5412,6
BASF,3672,OK,2009-03-05,2023-12-29,5412,6
BATAINDIA,3673,OK,2009-03-05,2023-12-29,5412,6
BAYERCROP,3468,OK,2010-01-08,2023-12-29,5103,6
BBOX,3671,OK,2009-03-05,2023-12-29,5412,6
BBTC,3670,OK,2009-03-05,2023-12-29,5412,6
BDL,1429,OK,2018-03-23,2023-12-29,2107,5
BECTORFOOD,747,OK,2020-12-24,2023-12-29,1100,5
BELRISE,0,EMPTY-marker,,,0,0
BEL,3673,OK,2009-03-05,2023-12-29,5412,6
BEML,3673,OK,2009-03-05,2023-12-29,5412,6
BERGEPAINT,3673,OK,2009-03-05,2023-12-29,5412,6
BHARATFORG,3673,OK,2009-03-05,2023-12-29,5412,6
BHARTIARTL,3673,OK,2009-03-05,2023-12-29,5412,6
BHARTIHEXA,0,EMPTY-marker,,,0,0
BHEL,3673,OK,2009-03-05,2023-12-29,5412,6
BIKAJI,279,OK,2022-11-16,2023-12-29,408,4
BIOCON,3673,OK,2009-03-05,2023-12-29,5412,6
BIRLACORPN,3673,OK,2009-03-05,2023-12-29,5412,6
BLACKBUCK,0,EMPTY-marker,,,0,0
BLS,1869,OK,2016-06-15,2023-12-29,2753,5
BLUEDART,3672,OK,2009-03-05,2023-12-29,5412,6
BLUEJET,41,OK,2023-11-01,2023-12-29,58,4
BLUESTARCO,3673,OK,2009-03-05,2023-12-29,5412,6
BLUESTONE,0,EMPTY-marker,,,0,0
BORORENEW,1385,OK,2018-05-25,2023-12-29,2044,5
BOSCHLTD,3673,OK,2009-03-05,2023-12-29,5412,6
BPCL,3673,OK,2009-03-05,2023-12-29,5412,6
BRIGADE,3673,OK,2009-03-05,2023-12-29,5412,6
BRITANNIA,3672,OK,2009-03-05,2023-12-29,5412,6
BSE,1710,OK,2017-02-03,2023-12-29,2520,5
BSOFT,3673,OK,2009-03-05,2023-12-29,5412,6
CAMPUS,410,OK,2022-05-09,2023-12-29,599,4
CAMS,804,OK,2020-10-05,2023-12-29,1180,5
CANBK,3673,OK,2009-03-05,2023-12-29,5412,6
CANFINHOME,3672,OK,2009-03-05,2023-12-29,5412,6
CANHLIFE,0,EMPTY-marker,,,0,0
CAPILLARY,0,EMPTY-marker,,,0,0
CAPLIPOINT,2354,OK,2014-06-24,2023-12-29,3475,6
CARBORUNIV,3672,OK,2009-03-05,2023-12-29,5412,6
CARTRADE,586,OK,2021-08-20,2023-12-29,861,5
CASTROLIND,2419,OK,2014-03-19,2023-12-29,3572,6
CCAVENUE,0,EMPTY-marker,,,0,0
CCL,3672,OK,2009-03-05,2023-12-29,5412,6
CDSL,1611,OK,2017-06-30,2023-12-29,2373,5
CEATLTD,3673,OK,2009-03-05,2023-12-29,5412,6
CELLO,38,OK,2023-11-06,2023-12-29,53,4
CEMPRO,0,EMPTY-marker,,,0,0
CENTRALBK,3673,OK,2009-03-05,2023-12-29,5412,6
CENTURYPLY,3672,OK,2009-03-05,2023-12-29,5412,6
CERA,3650,OK,2009-03-06,2023-12-29,5411,7
CESC,3673,OK,2009-03-05,2023-12-29,5412,6
CGCL,3203,OK,2010-10-29,2023-12-29,4809,18
CGPOWER,3673,OK,2009-03-05,2023-12-29,5412,6
CHALET,1212,OK,2019-02-07,2023-12-29,1786,5
CHAMBLFERT,3673,OK,2009-03-05,2023-12-29,5412,6
CHENNPETRO,3673,OK,2009-03-05,2023-12-29,5412,6
CHOICEIN,428,OK,2022-04-08,2023-12-29,630,5
CHOLAFIN,3672,OK,2009-03-05,2023-12-29,5412,6
CHOLAHLDNG,1552,OK,2017-09-25,2023-12-29,2286,5
CIEINDIA,3670,OK,2009-03-05,2023-12-29,5412,6
CIPLA,3673,OK,2009-03-05,2023-12-29,5412,6
CLEAN,608,OK,2021-07-19,2023-12-29,893,5
CMSINFO,495,OK,2021-12-31,2023-12-29,728,5
COALINDIA,3260,OK,2010-11-04,2023-12-29,4803,6
COCHINSHIP,1581,OK,2017-08-11,2023-12-29,2331,5
COFORGE,3671,OK,2009-03-05,2023-12-29,5412,6
COHANCE,0,EMPTY-marker,,,0,0
COLPAL,3673,OK,2009-03-05,2023-12-29,5412,6
CONCORDBIO,91,OK,2023-08-18,2023-12-29,133,4
CONCOR,3673,OK,2009-03-05,2023-12-29,5412,6
COROMANDEL,3673,OK,2009-03-05,2023-12-29,5412,6
CORONA,0,EMPTY-marker,,,0,0
CPPLUS,0,EMPTY-marker,,,0,0
CRAFTSMAN,685,OK,2021-03-25,2023-12-29,1009,5
CRAMC,0,EMPTY-marker,,,0,0
CREDITACC,1325,OK,2018-08-23,2023-12-29,1954,5
CRISIL,3673,OK,2009-03-05,2023-12-29,5412,6
CRIZAC,0,EMPTY-marker,,,0,0
CROMPTON,1892,OK,2016-05-13,2023-12-29,2786,5
CSBBANK,1013,OK,2019-12-04,2023-12-29,1486,5
CUB,3673,OK,2009-03-05,2023-12-29,5412,6
CUMMINSIND,3673,OK,2009-03-05,2023-12-29,5412,6
CUPID,1806,OK,2016-09-16,2023-12-29,2660,5
CYIENT,3669,OK,2009-03-05,2023-12-29,5412,6
DABUR,3673,OK,2009-03-05,2023-12-29,5412,6
DALBHARAT,1224,OK,2019-01-22,2023-12-29,1802,5
DATAMATICS,3657,OK,2009-03-05,2023-12-29,5412,6
DATAPATTNS,500,OK,2021-12-24,2023-12-29,735,5
DBL,1829,OK,2016-08-11,2023-12-29,2696,5
DBREALTY,3436,OK,2010-02-24,2023-12-29,5056,6
DCBBANK,3667,OK,2009-03-05,2023-12-29,5412,9
DCMSHRIRAM,3671,OK,2009-03-05,2023-12-29,5412,6
DEEPAKFERT,3673,OK,2009-03-05,2023-12-29,5412,6
DEEPAKNTR,3192,OK,2010-09-29,2023-12-29,4839,8
DELHIVERY,399,OK,2022-05-24,2023-12-29,584,4
DEVYANI,589,OK,2021-08-16,2023-12-29,865,5
DIACABS,68,OK,2023-09-18,2023-12-29,102,4
DIVISLAB,3673,OK,2009-03-05,2023-12-29,5412,6
DIXON,1557,OK,2017-09-18,2023-12-29,2293,5
DLF,3673,OK,2009-03-05,2023-12-29,5412,6
DMART,1680,OK,2017-03-21,2023-12-29,2474,5
DOMS,7,OK,2023-12-20,2023-12-29,9,4
DRREDDY,3673,OK,2009-03-05,2023-12-29,5412,6
DUMMYALCAR,0,EMPTY-marker,,,0,0
DUMMYVEDL1,0,EMPTY-marker,,,0,0
DUMMYVEDL2,0,EMPTY-marker,,,0,0
DUMMYVEDL3,0,EMPTY-marker,,,0,0
DUMMYVEDL4,0,EMPTY-marker,,,0,0
DYNAMATECH,3587,OK,2009-03-05,2023-12-29,5412,15
ECLERX,3672,OK,2009-03-05,2023-12-29,5412,6
EDELWEISS,3673,OK,2009-03-05,2023-12-29,5412,6
EICHERMOT,3673,OK,2009-03-05,2023-12-29,5412,6
EIDPARRY,3672,OK,2009-03-05,2023-12-29,5412,6
EIEL,0,EMPTY-marker,,,0,0
EIHOTEL,3672,OK,2009-03-05,2023-12-29,5412,6
ELECON,3673,OK,2009-03-05,2023-12-29,5412,6
ELECTCAST,3673,OK,2009-03-05,2023-12-29,5412,6
ELGIEQUIP,3672,OK,2009-03-05,2023-12-29,5412,6
ELLEN,0,EMPTY-marker,,,0,0
EMAMILTD,3672,OK,2009-03-05,2023-12-29,5412,6
EMBDL,0,EMPTY-marker,,,0,0
EMCURE,0,EMPTY-marker,,,0,0
EMIL,299,OK,2022-10-17,2023-12-29,438,4
EMMVEE,0,EMPTY-marker,,,0,0
ENDURANCE,1785,OK,2016-10-19,2023-12-29,2627,5
ENGINERSIN,3673,OK,2009-03-05,2023-12-29,5412,6
ENRIN,0,EMPTY-marker,,,0,0
ENTERO,0,EMPTY-marker,,,0,0
EPL,3672,OK,2009-03-05,2023-12-29,5412,6
EQUITASBNK,784,OK,2020-11-02,2023-12-29,1152,5
ERIS,1612,OK,2017-06-29,2023-12-29,2374,5
ESCORTS,3673,OK,2009-03-05,2023-12-29,5412,6
ETERNAL,0,EMPTY-marker,,,0,0
ETHOSLTD,395,OK,2022-05-30,2023-12-29,578,4
EUREKAFORB,0,EMPTY-marker,,,0,0
EXIDEIND,3673,OK,2009-03-05,2023-12-29,5412,6
FACT,3673,OK,2009-03-05,2023-12-29,5412,6
FEDERALBNK,3673,OK,2009-03-05,2023-12-29,5412,6
FEDFINA,21,OK,2023-11-30,2023-12-29,29,4
FIEMIND,3669,OK,2009-03-05,2023-12-29,5412,6
FINCABLES,3673,OK,2009-03-05,2023-12-29,5412,6
FINPIPE,3672,OK,2009-03-05,2023-12-29,5412,6
FIRSTCRY,0,EMPTY-marker,,,0,0
FIVESTAR,276,OK,2022-11-21,2023-12-29,403,4
FLUOROCHEM,1046,OK,2019-10-16,2023-12-29,1535,5
FORCEMOT,1038,OK,2019-08-20,2023-10-25,1527,5
FORTIS,3673,OK,2009-03-05,2023-12-29,5412,6
FSL,3673,OK,2009-03-05,2023-12-29,5412,6
GABRIEL,3672,OK,2009-03-05,2023-12-29,5412,6
GAEL,3672,OK,2009-03-05,2023-12-29,5412,6
GAIL,3673,OK,2009-03-05,2023-12-29,5412,6
GALLANTT,3576,OK,2009-03-05,2023-12-29,5412,63
GESHIP,3673,OK,2009-03-05,2023-12-29,5412,6
GHCL,3673,OK,2009-03-05,2023-12-29,5412,6
GICRE,1532,OK,2017-10-25,2023-12-29,2256,5
GILLETTE,3672,OK,2009-03-05,2023-12-29,5412,6
GLAND,770,OK,2020-11-20,2023-12-29,1134,5
GLAXO,3672,OK,2009-03-05,2023-12-29,5412,6
GLENMARK,3673,OK,2009-03-05,2023-12-29,5412,6
GMDCLTD,3673,OK,2009-03-05,2023-12-29,5412,6
GMMPFAUDLR,1443,OK,2018-03-05,2023-12-29,2125,5
GMRAIRPORT,0,EMPTY-marker,,,0,0
GMRP&UI,440,OK,2022-03-23,2023-12-29,646,5
GNFC,3673,OK,2009-03-05,2023-12-29,5412,6
GODFRYPHLP,3671,OK,2009-03-05,2023-12-29,5412,6
GODIGIT,0,EMPTY-marker,,,0,0
GODREJAGRO,1538,OK,2017-10-16,2023-12-29,2265,5
GODREJCP,3673,OK,2009-03-05,2023-12-29,5412,6
GODREJIND,3673,OK,2009-03-05,2023-12-29,5412,6
GODREJPROP,3471,OK,2010-01-05,2023-12-29,5106,6
GOKEX,3671,OK,2009-03-05,2023-12-29,5412,6
GOKULAGRO,1931,OK,2016-03-11,2023-12-29,2849,5
GPIL,3673,OK,2009-03-05,2023-12-29,5412,6
GPPL,3299,OK,2010-09-09,2023-12-29,4859,6
GRANULES,3672,OK,2009-03-05,2023-12-29,5412,6
GRAPHITE,3673,OK,2009-03-05,2023-12-29,5412,6
GRASIM,3673,OK,2009-03-05,2023-12-29,5412,6
GRAVITA,3252,OK,2010-11-16,2023-12-29,4791,6
GREAVESCOT,3672,OK,2009-03-05,2023-12-29,5412,6
GROWW,0,EMPTY-marker,,,0,0
GRSE,1294,OK,2018-10-10,2023-12-29,1906,5
GRWRHITECH,472,OK,2022-02-03,2023-12-29,694,5
GSFC,3673,OK,2009-03-05,2023-12-29,5412,6
GSPL,3673,OK,2009-03-05,2023-12-29,5412,6
GUJGASLTD,2051,OK,2015-09-15,2023-12-29,3027,5
GVT&D,0,EMPTY-marker,,,0,0
HAL,1426,OK,2018-03-28,2023-12-29,2102,5
HAPPSTMNDS,815,OK,2020-09-17,2023-12-29,1198,5
HAVELLS,3673,OK,2009-03-05,2023-12-29,5412,6
HBLENGINE,0,EMPTY-marker,,,0,0
HCC,3673,OK,2009-03-05,2023-12-29,5412,6
HCG,1921,OK,2016-03-30,2023-12-29,2830,5
HCLTECH,3673,OK,2009-03-05,2023-12-29,5412,6
HDBFS,0,EMPTY-marker,,,0,0
HDFCAMC,1336,OK,2018-08-06,2023-12-29,1971,5
HDFCBANK,3673,OK,2009-03-05,2023-12-29,5412,6
HDFCLIFE,1515,OK,2017-11-17,2023-12-29,2233,5
HEG,3673,OK,2009-03-05,2023-12-29,5412,6
HEMIPROP,791,OK,2020-10-22,2023-12-29,1163,5
HERITGFOOD,3672,OK,2009-03-05,2023-12-29,5412,6
HEROMOTOCO,3673,OK,2009-03-05,2023-12-29,5412,6
HEXT,0,EMPTY-marker,,,0,0
HFCL,3175,OK,2011-03-09,2023-12-29,4678,6
HGINFRA,1439,OK,2018-03-09,2023-12-29,2121,5
HINDALCO,3673,OK,2009-03-05,2023-12-29,5412,6
HINDCOPPER,3468,OK,2010-01-08,2023-12-29,5103,6
HINDPETRO,3673,OK,2009-03-05,2023-12-29,5412,6
HINDUNILVR,3673,OK,2009-03-05,2023-12-29,5412,6
HINDZINC,3673,OK,2009-03-05,2023-12-29,5412,6
HOMEFIRST,720,OK,2021-02-03,2023-12-29,1059,5
HONASA,37,OK,2023-11-07,2023-12-29,52,4
HONAUT,3672,OK,2009-03-05,2023-12-29,5412,6
HSCL,3672,OK,2009-03-05,2023-12-29,5412,6
HUDCO,1640,OK,2017-05-19,2023-12-29,2415,5
HYUNDAI,0,EMPTY-marker,,,0,0
ICICIAMC,0,EMPTY-marker,,,0,0
ICICIBANK,3673,OK,2009-03-05,2023-12-29,5412,6
ICICIGI,1550,OK,2017-09-27,2023-12-29,2284,5
ICICIPRULI,1797,OK,2016-09-29,2023-12-29,2647,5
ICIL,3564,OK,2009-03-09,2023-12-29,5408,7
IDBI,3673,OK,2009-03-05,2023-12-29,5412,6
IDEA,3672,OK,2009-03-05,2023-12-29,5412,6
IDFCFIRSTB,2016,OK,2015-11-06,2023-12-29,2975,5
IEX,1534,OK,2017-10-23,2023-12-29,2258,5
IFBIND,3667,OK,2009-03-05,2023-12-29,5412,6
IFCI,3673,OK,2009-03-05,2023-12-29,5412,6
IGIL,0,EMPTY-marker,,,0,0
IGL,3673,OK,2009-03-05,2023-12-29,5412,6
IIFLCAPS,0,EMPTY-marker,,,0,0
IIFL,3671,OK,2009-03-05,2023-12-29,5412,6
IKS,0,EMPTY-marker,,,0,0
IMFA,3333,OK,2010-07-23,2023-12-29,4907,6
INDGN,0,EMPTY-marker,,,0,0
INDHOTEL,3673,OK,2009-03-05,2023-12-29,5412,6
INDIACEM,3673,OK,2009-03-05,2023-12-29,5412,6
INDIAGLYCO,3673,OK,2009-03-05,2023-12-29,5412,6
INDIAMART,1114,OK,2019-07-04,2023-12-29,1639,5
INDIANB,3673,OK,2009-03-05,2023-12-29,5412,6
INDIASHLTR,7,OK,2023-12-20,2023-12-29,9,4
INDIGOPNTS,721,OK,2021-02-02,2023-12-29,1060,5
INDIGO,2015,OK,2015-11-10,2023-12-29,2971,5
INDUSINDBK,3673,OK,2009-03-05,2023-12-29,5412,6
INDUSTOWER,2719,OK,2013-01-04,2023-12-29,4011,6
INFY,3673,OK,2009-03-05,2023-12-29,5412,6
INOXGREEN,274,OK,2022-11-23,2023-12-29,401,4
INOXINDIA,6,OK,2023-12-21,2023-12-29,8,4
INOXWIND,2161,OK,2015-04-10,2023-12-29,3185,5
INTELLECT,2236,OK,2014-12-19,2023-12-29,3297,5
IOB,3673,OK,2009-03-05,2023-12-29,5412,6
IOC,3673,OK,2009-03-05,2023-12-29,5412,6
IONEXCHANG,459,OK,2022-02-22,2023-12-29,675,5
IPCALAB,3672,OK,2009-03-05,2023-12-29,5412,6
IRB,3673,OK,2009-03-05,2023-12-29,5412,6
IRCON,1301,OK,2018-09-28,2023-12-29,1918,5
IRCTC,1048,OK,2019-10-14,2023-12-29,1537,5
IREDA,22,OK,2023-11-29,2023-12-29,30,4
IRFC,723,OK,2021-01-29,2023-12-29,1064,5
ITCHOTELS,0,EMPTY-marker,,,0,0
ITC,3673,OK,2009-03-05,2023-12-29,5412,6
ITI,3673,OK,2009-03-05,2023-12-29,5412,6
IXIGO,0,EMPTY-marker,,,0,0
J&KBANK,3672,OK,2009-03-05,2023-12-29,5412,6
JAIBALAJI,3673,OK,2009-03-05,2023-12-29,5412,6
JAINREC,0,EMPTY-marker,,,0,0
JAMNAAUTO,3168,OK,2010-12-10,2023-12-29,4767,11
JAYNECOIND,3672,OK,2009-03-05,2023-12-29,5412,6
JBCHEPHARM,3672,OK,2009-03-05,2023-12-29,5412,6
JBMA,3525,OK,2009-03-05,2023-12-29,5412,15
JINDALSAW,3673,OK,2009-03-05,2023-12-29,5412,6
JINDALSTEL,3673,OK,2009-03-05,2023-12-29,5412,6
JIOFIN,90,OK,2023-08-21,2023-12-29,130,4
JKCEMENT,3673,OK,2009-03-05,2023-12-29,5412,6
JKLAKSHMI,3673,OK,2009-03-05,2023-12-29,5412,6
JKPAPER,3672,OK,2009-03-05,2023-12-29,5412,6
JKTYRE,3673,OK,2009-03-05,2023-12-29,5412,6
JLHL,70,OK,2023-09-18,2023-12-29,102,4
JMFINANCIL,3673,OK,2009-03-05,2023-12-29,5412,6
JPPOWER,3673,OK,2009-03-05,2023-12-29,5412,6
JSFB,0,EMPTY-marker,,,0,0
JSLL,369,OK,2022-04-19,2023-11-06,566,7
JSL,3673,OK,2009-03-05,2023-12-29,5412,6
JSWCEMENT,0,EMPTY-marker,,,0,0
JSWDULUX,0,EMPTY-marker,,,0,0
JSWENERGY,3472,OK,2010-01-04,2023-12-29,5107,6
JSWINFRA,61,OK,2023-10-03,2023-12-29,87,4
JSWSTEEL,3673,OK,2009-03-05,2023-12-29,5412,6
JUBLFOOD,3447,OK,2010-02-08,2023-12-29,5072,6
JUBLINGREA,689,OK,2021-03-19,2023-12-29,1015,5
JUBLPHARMA,3673,OK,2009-03-05,2023-12-29,5412,6
JUSTDIAL,2614,OK,2013-06-06,2023-12-29,3858,6
JWL,3273,OK,2010-10-18,2023-12-29,4820,6
JYOTHYLAB,3673,OK,2009-03-05,2023-12-29,5412,6
JYOTICNC,0,EMPTY-marker,,,0,0
KAJARIACER,3672,OK,2009-03-05,2023-12-29,5412,6
KALYANKJIL,684,OK,2021-03-26,2023-12-29,1008,5
KANSAINER,3672,OK,2009-03-05,2023-12-29,5412,6
KARURVYSYA,3673,OK,2009-03-05,2023-12-29,5412,6
KAYNES,275,OK,2022-11-22,2023-12-29,402,4
KEC,3673,OK,2009-03-05,2023-12-29,5412,6
KEI,3672,OK,2009-03-05,2023-12-29,5412,6
KFINTECH,248,OK,2022-12-29,2023-12-29,365,4
KIMS,623,OK,2021-06-28,2023-12-29,914,5
KIRLOSBROS,3401,OK,2010-04-20,2023-12-29,5001,6
KIRLOSENG,3226,OK,2010-12-24,2023-12-29,4753,6
KIRLPNU,170,OK,2023-04-26,2023-12-29,247,4
KITEX,2781,OK,2012-10-04,2023-12-29,4103,6
KNRCON,3641,OK,2009-03-05,2023-12-29,5412,11
KOTAKBANK,3673,OK,2009-03-05,2023-12-29,5412,6
KPIGREEN,603,OK,2021-07-27,2023-12-29,885,5
KPIL,3673,OK,2009-03-05,2023-12-29,5412,6
KPITTECH,1164,OK,2019-04-22,2023-12-29,1712,5
KPRMILL,3672,OK,2009-03-05,2023-12-29,5412,6
KRBL,3672,OK,2009-03-05,2023-12-29,5412,6
KRN,0,EMPTY-marker,,,0,0
KSB,3672,OK,2009-03-05,2023-12-29,5412,6
KSCL,3673,OK,2009-03-05,2023-12-29,5412,6
KTKBANK,3673,OK,2009-03-05,2023-12-29,5412,6
LALPATHLAB,1986,OK,2015-12-23,2023-12-29,2928,5
LATENTVIEW,523,OK,2021-11-23,2023-12-29,766,5
LAURUSLABS,1743,OK,2016-12-19,2023-12-29,2566,5
LEMONTREE,1420,OK,2018-04-09,2023-12-29,2090,5
LENSKART,0,EMPTY-marker,,,0,0
LGEINDIA,0,EMPTY-marker,,,0,0
LICHSGFIN,3673,OK,2009-03-05,2023-12-29,5412,6
LICI,404,OK,2022-05-17,2023-12-29,591,4
LINDEINDIA,3672,OK,2009-03-05,2023-12-29,5412,6
LLOYDSENGG,1847,OK,2016-07-18,2023-12-29,2720,5
LLOYDSENT,0,EMPTY-marker,,,0,0
LLOYDSME,114,OK,2023-07-17,2023-12-29,165,4
LODHA,671,OK,2021-04-19,2023-12-29,984,5
LOTUSDEV,0,EMPTY-marker,,,0,0
LTFOODS,3672,OK,2009-03-05,2023-12-29,5412,6
LTF,0,EMPTY-marker,,,0,0
LTIM,1844,OK,2016-07-21,2023-12-29,2717,5
LTM,0,EMPTY-marker,,,0,0
LTTS,1801,OK,2016-09-23,2023-12-29,2653,5
LT,3673,OK,2009-03-05,2023-12-29,5412,6
LUMAXTECH,3668,OK,2009-03-05,2023-12-29,5412,6
LUPIN,3673,OK,2009-03-05,2023-12-29,5412,6
LXCHEM,685,OK,2021-03-25,2023-12-29,1009,5
M&MFIN,3673,OK,2009-03-05,2023-12-29,5412,6
M&M,3673,OK,2009-03-05,2023-12-29,5412,6
MAHABANK,3673,OK,2009-03-05,2023-12-29,5412,6
MAHSCOOTER,3655,OK,2009-03-05,2023-12-29,5412,6
MAHSEAMLES,3673,OK,2009-03-05,2023-12-29,5412,6
MANAPPURAM,3350,OK,2010-06-30,2023-12-29,4930,6
MANKIND,162,OK,2023-05-09,2023-12-29,234,4
MANORAMA,371,OK,2022-07-01,2023-12-29,546,4
MANYAVAR,463,OK,2022-02-16,2023-12-29,681,5
MAPMYINDIA,503,OK,2021-12-21,2023-12-29,738,5
MARICO,3673,OK,2009-03-05,2023-12-29,5412,6
MARKSANS,3673,OK,2009-03-05,2023-12-29,5412,6
MARUTI,3673,OK,2009-03-05,2023-12-29,5412,6
MASTEK,3672,OK,2009-03-05,2023-12-29,5412,6
MAXHEALTH,834,OK,2020-08-21,2023-12-29,1225,5
MAZDOCK,799,OK,2020-10-12,2023-12-29,1173,5
MCX,2922,OK,2012-03-14,2023-12-29,4307,6
MEDANTA,279,OK,2022-11-16,2023-12-29,408,4
MEDPLUS,501,OK,2021-12-23,2023-12-29,736,5
MEESHO,0,EMPTY-marker,,,0,0
METROPOLIS,1167,OK,2019-04-15,2023-12-29,1719,5
MFSL,3673,OK,2009-03-05,2023-12-29,5412,6
MGL,1857,OK,2016-07-01,2023-12-29,2737,5
MIDHANI,1423,OK,2018-04-04,2023-12-29,2095,5
MINDACORP,2506,OK,2012-03-19,2023-12-29,4302,86
MMTC,3468,OK,2010-01-08,2023-12-29,5103,6
MOIL,3232,OK,2010-12-15,2023-12-29,4762,6
MOTHERSON,3673,OK,2009-03-05,2023-12-29,5412,6
MOTILALOFS,3672,OK,2009-03-05,2023-12-29,5412,6
MPHASIS,3673,OK,2009-03-05,2023-12-29,5412,6
MRF,3673,OK,2009-03-05,2023-12-29,5412,6
MRPL,3673,OK,2009-03-05,2023-12-29,5412,6
MSTCLTD,1178,OK,2019-03-29,2023-12-29,1736,5
MSUMI,437,OK,2022-03-28,2023-12-29,641,5
MTARTECH,693,OK,2021-03-15,2023-12-29,1019,5
MUTHOOTFIN,3136,OK,2011-05-06,2023-12-29,4620,6
NAM-INDIA,1523,OK,2017-11-06,2023-12-29,2244,5
NATCOPHARM,3672,OK,2009-03-05,2023-12-29,5412,6
NATIONALUM,3673,OK,2009-03-05,2023-12-29,5412,6
NAUKRI,3671,OK,2009-03-05,2023-12-29,5412,6
NAVA,3672,OK,2009-03-05,2023-12-29,5412,6
NAVINFLUOR,3672,OK,2009-03-05,2023-12-29,5412,6
NAZARA,683,OK,2021-03-30,2023-12-29,1004,5
NBCC,2900,OK,2012-04-17,2023-12-29,4273,6
NCC,3673,OK,2009-03-05,2023-12-29,5412,6
NEOGEN,1154,OK,2019-05-08,2023-12-29,1696,5
NESCO,3673,OK,2009-03-05,2023-12-29,5412,6
NESTLEIND,3468,OK,2010-01-08,2023-12-29,5103,6
NETWEB,106,OK,2023-07-27,2023-12-29,155,4
NETWORK18,3673,OK,2009-03-05,2023-12-29,5412,6
NEULANDLAB,3652,OK,2009-03-05,2023-12-29,5412,6
NEWGEN,1466,OK,2018-01-29,2023-12-29,2160,5
NFL,3673,OK,2009-03-05,2023-12-29,5412,6
NHPC,3553,OK,2009-09-01,2023-12-29,5232,6
NH,1977,OK,2016-01-06,2023-12-29,2914,5
NIACL,1519,OK,2017-11-13,2023-12-29,2237,5
NIVABUPA,0,EMPTY-marker,,,0,0
NLCINDIA,3673,OK,2009-03-05,2023-12-29,5412,6
NMDC,3673,OK,2009-03-05,2023-12-29,5412,6
NSLNISP,212,OK,2023-02-20,2023-12-29,312,4
NTPCGREEN,0,EMPTY-marker,,,0,0
NTPC,3673,OK,2009-03-05,2023-12-29,5412,6
NUVAMA,65,OK,2023-09-26,2023-12-29,94,4
NUVOCO,585,OK,2021-08-23,2023-12-29,858,5
NYKAA,531,OK,2021-11-10,2023-12-29,779,5
OBEROIRLTY,3271,OK,2010-10-20,2023-12-29,4818,6
OFSS,3673,OK,2009-03-05,2023-12-29,5412,6
OIL,3534,OK,2009-09-30,2023-12-29,5203,6
OLAELEC,0,EMPTY-marker,,,0,0
OLECTRA,3667,OK,2009-03-05,2023-12-29,5412,6
ONESOURCE,0,EMPTY-marker,,,0,0
ONGC,3673,OK,2009-03-05,2023-12-29,5412,6
OPTIEMUS,1584,OK,2017-08-08,2023-12-29,2334,5
ORIENTCEM,2585,OK,2013-07-17,2023-12-29,3817,6
ORKLAINDIA,0,EMPTY-marker,,,0,0
OSWALPUMPS,0,EMPTY-marker,,,0,0
PAGEIND,3671,OK,2009-03-05,2023-12-29,5412,6
PARADEEP,396,OK,2022-05-27,2023-12-29,581,4
PARAS,557,OK,2021-10-01,2023-12-29,819,5
PARKHOSPS,0,EMPTY-marker,,,0,0
PATANJALI,975,OK,2020-01-27,2023-12-29,1432,5
PAYTM,525,OK,2021-11-18,2023-12-29,771,5
PCBL,3672,OK,2009-03-05,2023-12-29,5412,6
PCJEWELLER,2719,OK,2013-01-04,2023-12-29,4011,6
PERSISTENT,3410,OK,2010-04-06,2023-12-29,5015,6
PETRONET,3673,OK,2009-03-05,2023-12-29,5412,6
PFC,3673,OK,2009-03-05,2023-12-29,5412,6
PFIZER,3673,OK,2009-03-05,2023-12-29,5412,6
PFOCUS,3672,OK,2009-03-05,2023-12-29,5412,6
PGEL,3035,OK,2011-09-26,2023-12-29,4477,6
PGHH,3672,OK,2009-03-05,2023-12-29,5412,6
PGIL,3667,OK,2009-03-05,2023-12-29,5412,7
PHOENIXLTD,3673,OK,2009-03-05,2023-12-29,5412,6
PICCADIL,0,EMPTY-marker,,,0,0
PIDILITIND,3672,OK,2009-03-05,2023-12-29,5412,6
PIIND,3103,OK,2011-06-16,2023-12-29,4579,6
PINELABS,0,EMPTY-marker,,,0,0
PIRAMALFIN,0,EMPTY-marker,,,0,0
PNBHOUSING,1772,OK,2016-11-07,2023-12-29,2608,5
PNB,3673,OK,2009-03-05,2023-12-29,5412,6
PNCINFRA,2130,OK,2015-05-27,2023-12-29,3138,5
PNGJL,0,EMPTY-marker,,,0,0
POLICYBZR,528,OK,2021-11-15,2023-12-29,774,5
POLYCAB,1166,OK,2019-04-16,2023-12-29,1718,5
POLYMED,2986,OK,2011-12-09,2023-12-29,4403,6
POONAWALLA,3668,OK,2009-03-05,2023-12-29,5412,7
POWERGRID,3673,OK,2009-03-05,2023-12-29,5412,6
POWERINDIA,932,OK,2020-03-30,2023-12-29,1369,5
POWERMECH,2065,OK,2015-08-26,2023-12-29,3047,5
PPLPHARMA,297,OK,2022-10-19,2023-12-29,436,4
PRAJIND,3673,OK,2009-03-05,2023-12-29,5412,6
PREMIERENE,0,EMPTY-marker,,,0,0
PRESTIGE,3266,OK,2010-10-27,2023-12-29,4811,6
PRICOLLTD,1705,OK,2017-02-10,2023-12-29,2513,5
PRIVISCL,2142,OK,2015-05-11,2023-12-29,3154,5
PRSMJOHNSN,3672,OK,2009-03-05,2023-12-29,5412,6
PRUDENT,401,OK,2022-05-20,2023-12-29,588,4
PTCIL,139,OK,2023-06-09,2023-12-29,203,4
PTC,3648,OK,2009-03-05,2023-12-29,5412,38
PURVA,3673,OK,2009-03-05,2023-12-29,5412,6
PVRINOX,3673,OK,2009-03-05,2023-12-29,5412,6
PWL,0,EMPTY-marker,,,0,0
QPOWER,0,EMPTY-marker,,,0,0
QUESS,1851,OK,2016-07-12,2023-12-29,2726,5
RADICO,3673,OK,2009-03-05,2023-12-29,5412,6
RAILTEL,703,OK,2021-02-26,2023-12-29,1036,5
RAINBOW,409,OK,2022-05-10,2023-12-29,598,4
RAIN,3668,OK,2009-03-05,2023-12-29,5412,8
RALLIS,3673,OK,2009-03-05,2023-12-29,5412,6
RAMCOCEM,3672,OK,2009-03-05,2023-12-29,5412,6
RATEGAIN,505,OK,2021-12-17,2023-12-29,742,5
RATNAMANI,3671,OK,2009-03-05,2023-12-29,5412,6
RAYMONDLSL,0,EMPTY-marker,,,0,0
RBA,755,OK,2020-12-14,2023-12-29,1110,5
RBLBANK,1816,OK,2016-08-31,2023-12-29,2676,5
RCF,3673,OK,2009-03-05,2023-12-29,5412,6
RECLTD,3673,OK,2009-03-05,2023-12-29,5412,6
REDINGTON,3671,OK,2009-03-05,2023-12-29,5412,6
REDTAPE,95,OK,2023-08-11,2023-12-29,140,4
REFEX,3333,OK,2009-12-03,2023-12-29,5139,47
RELAXO,3102,OK,2011-06-20,2023-12-29,4575,6
RELIANCE,3673,OK,2009-03-05,2023-12-29,5412,6
RELIGARE,3673,OK,2009-03-05,2023-12-29,5412,6
RELINFRA,3673,OK,2009-03-05,2023-12-29,5412,6
RENUKA,3673,OK,2009-03-05,2023-12-29,5412,6
RHIM,2919,OK,2012-03-14,2023-12-29,4307,6
RITES,1361,OK,2018-07-02,2023-12-29,2006,5
RKFORGE,3615,OK,2009-03-09,2023-12-29,5408,7
ROUTE,813,OK,2020-09-21,2023-12-29,1194,5
RPOWER,3673,OK,2009-03-05,2023-12-29,5412,6
RRKABEL,69,OK,2023-09-20,2023-12-29,100,4
RTNINDIA,2794,OK,2012-07-31,2023-12-29,4168,8
RTNPOWER,3508,OK,2009-10-30,2023-12-29,5173,6
RUBICON,0,EMPTY-marker,,,0,0
RVNL,1169,OK,2019-04-11,2023-12-29,1723,5
SAATVIKGL,0,EMPTY-marker,,,0,0
SAFARI,1068,OK,2019-09-12,2023-12-29,1569,5
SAGILITY,0,EMPTY-marker,,,0,0
SAILIFE,0,EMPTY-marker,,,0,0
SAIL,3685,OK,2009-02-16,2023-12-29,5429,6
SAMHI,67,OK,2023-09-22,2023-12-29,98,4
SAMMAANCAP,0,EMPTY-marker,,,0,0
SANDUMA,77,OK,2023-09-07,2023-12-29,113,4
SANOFICONR,0,EMPTY-marker,,,0,0
SANSERA,562,OK,2021-09-24,2023-12-29,826,5
SAPPHIRE,525,OK,2021-11-18,2023-12-29,771,5
SARDAEN,3491,OK,2009-12-03,2023-12-29,5139,6
SAREGAMA,3673,OK,2009-03-05,2023-12-29,5412,6
SBFC,93,OK,2023-08-16,2023-12-29,135,4
SBICARD,942,OK,2020-03-16,2023-12-29,1383,5
SBILIFE,1547,OK,2017-10-03,2023-12-29,2278,5
SBIN,3673,OK,2009-03-05,2023-12-29,5412,6
SCHAEFFLER,3672,OK,2009-03-05,2023-12-29,5412,6
SCHNEIDER,2909,OK,2012-04-02,2023-12-29,4288,6
SCI,3673,OK,2009-03-05,2023-12-29,5412,6
SENCO,115,OK,2023-07-14,2023-12-29,168,4
SFL,1749,OK,2016-12-09,2023-12-29,2576,5
SHAILY,432,OK,2022-04-04,2023-12-29,634,5
SHAKTIPUMP,3012,OK,2011-10-31,2023-12-29,4442,6
SHARDACROP,2291,OK,2014-09-24,2023-12-29,3383,6
SHAREINDIA,813,OK,2020-09-21,2023-12-29,1194,5
SHILPAMED,3490,OK,2009-12-03,2023-12-29,5139,6
SHREECEM,3673,OK,2009-03-05,2023-12-29,5412,6
SHRIPISTON,1856,OK,2016-06-09,2023-12-29,2759,5
SHRIRAMFIN,3673,OK,2009-03-05,2023-12-29,5412,6
SHYAMMETL,625,OK,2021-06-24,2023-12-29,918,5
SIEMENS,3673,OK,2009-03-05,2023-12-29,5412,6
SIGNATURE,64,OK,2023-09-27,2023-12-29,93,4
SJVN,3379,OK,2010-05-20,2023-12-29,4971,6
SKFINDIA,3672,OK,2009-03-05,2023-12-29,5412,6
SKFINDUS,0,EMPTY-marker,,,0,0
SKIPPER,2129,OK,2015-05-28,2023-12-29,3137,5
SKYGOLD,242,OK,2023-01-06,2023-12-29,357,4
SMARTWORKS,0,EMPTY-marker,,,0,0
SMLMAH,0,EMPTY-marker,,,0,0
SOBHA,3673,OK,2009-03-05,2023-12-29,5412,6
SOLARINDS,3670,OK,2009-03-05,2023-12-29,5412,6
SONACOMS,625,OK,2021-06-24,2023-12-29,918,5
SONATSOFTW,3672,OK,2009-03-05,2023-12-29,5412,6
SOUTHBANK,3673,OK,2009-03-05,2023-12-29,5412,6
SPARC,3673,OK,2009-03-05,2023-12-29,5412,6
SPLPETRO,399,OK,2022-05-24,2023-12-29,584,4
SRF,3673,OK,2009-03-05,2023-12-29,5412,6
STARCEMENT,1620,OK,2017-06-16,2023-12-29,2387,5
STARHEALTH,510,OK,2021-12-10,2023-12-29,749,5
STAR,3672,OK,2009-03-05,2023-12-29,5412,6
STLTECH,3673,OK,2009-03-05,2023-12-29,5412,6
STYL,0,EMPTY-marker,,,0,0
STYRENIX,3668,OK,2009-03-05,2023-12-29,5412,6
SUBROS,3672,OK,2009-03-05,2023-12-29,5412,6
SUDARSCHEM,3621,OK,2009-03-05,2023-12-29,5412,7
SUDEEPPHRM,0,EMPTY-marker,,,0,0
SUMICHEM,975,OK,2020-01-27,2023-12-29,1432,5
SUNDARMFIN,3672,OK,2009-03-05,2023-12-29,5412,6
SUNDRMFAST,3673,OK,2009-03-05,2023-12-29,5412,6
SUNPHARMA,3673,OK,2009-03-05,2023-12-29,5412,6
SUNTECK,3505,OK,2009-11-13,2023-12-29,5159,6
SUNTV,3673,OK,2009-03-05,2023-12-29,5412,6
SUPREMEIND,3673,OK,2009-03-05,2023-12-29,5412,6
SUPRIYA,498,OK,2021-12-28,2023-12-29,731,5
SURYAROSNI,3672,OK,2009-03-05,2023-12-29,5412,6
SUZLON,3673,OK,2009-03-05,2023-12-29,5412,6
SWANCORP,0,EMPTY-marker,,,0,0
SWIGGY,0,EMPTY-marker,,,0,0
SWSOLAR,1083,OK,2019-08-20,2023-12-29,1592,5
SYNGENE,2076,OK,2015-08-11,2023-12-29,3062,5
SYRMA,333,OK,2022-08-26,2023-12-29,490,4
TANLA,3673,OK,2009-03-05,2023-12-29,5412,6
TARC,751,OK,2020-12-18,2023-12-29,1106,5
TARIL,0,EMPTY-marker,,,0,0
TATACAP,0,EMPTY-marker,,,0,0
TATACHEM,3673,OK,2009-03-05,2023-12-29,5412,6
TATACOMM,3673,OK,2009-03-05,2023-12-29,5412,6
TATACONSUM,3672,OK,2009-03-05,2023-12-29,5412,6
TATAELXSI,3673,OK,2009-03-05,2023-12-29,5412,6
TATAINVEST,3673,OK,2009-03-05,2023-12-29,5412,6
TATAPOWER,3673,OK,2009-03-05,2023-12-29,5412,6
TATASTEEL,3673,OK,2009-03-05,2023-12-29,5412,6
TATATECH,21,OK,2023-11-30,2023-12-29,29,4
TBOTEK,0,EMPTY-marker,,,0,0
TCS,3673,OK,2009-03-05,2023-12-29,5412,6
TDPOWERSYS,3040,OK,2011-09-12,2023-12-29,4491,6
TECHM,3673,OK,2009-03-05,2023-12-29,5412,6
TECHNOE,1258,OK,2018-12-04,2023-12-29,1851,5
TEGA,509,OK,2021-12-13,2023-12-29,746,5
TEJASNET,1614,OK,2017-06-27,2023-12-29,2376,5
TENNIND,0,EMPTY-marker,,,0,0
TEXRAIL,3179,OK,2011-03-03,2023-12-29,4684,6
THANGAMAYL,3434,OK,2010-02-19,2023-12-29,5061,6
THELEELA,0,EMPTY-marker,,,0,0
THERMAX,3673,OK,2009-03-05,2023-12-29,5412,6
THOMASCOOK,3673,OK,2009-03-05,2023-12-29,5412,6
THYROCARE,1896,OK,2016-05-09,2023-12-29,2790,5
TIINDIA,1526,OK,2017-11-02,2023-12-29,2248,5
TIMETECHNO,3673,OK,2009-03-05,2023-12-29,5412,6
TIMKEN,3672,OK,2009-03-05,2023-12-29,5412,6
TIPSMUSIC,0,EMPTY-marker,,,0,0
TITAGARH,3673,OK,2009-03-05,2023-12-29,5412,6
TITAN,3673,OK,2009-03-05,2023-12-29,5412,6
TI,3338,OK,2010-07-16,2023-12-29,4914,6
TMB,320,OK,2022-09-15,2023-12-29,470,4
TMCV,0,EMPTY-marker,,,0,0
TMPV,0,EMPTY-marker,,,0,0
TORNTPHARM,3672,OK,2009-03-05,2023-12-29,5412,6
TORNTPOWER,3673,OK,2009-03-05,2023-12-29,5412,6
TRANSRAILL,0,EMPTY-marker,,,0,0
TRAVELFOOD,0,EMPTY-marker,,,0,0
TRENT,3672,OK,2009-03-05,2023-12-29,5412,6
TRIDENT,3672,OK,2009-03-05,2023-12-29,5412,6
TRITURBINE,3015,OK,2011-10-31,2023-12-29,4442,6
TRIVENI,3673,OK,2009-03-05,2023-12-29,5412,6
TSFINV,0,EMPTY-marker,,,0,0
TTML,3673,OK,2009-03-05,2023-12-29,5412,6
TVSMOTOR,3673,OK,2009-03-05,2023-12-29,5412,6
TVSSCS,88,OK,2023-08-23,2023-12-29,128,4
UBL,3673,OK,2009-03-05,2023-12-29,5412,6
UCOBANK,3673,OK,2009-03-05,2023-12-29,5412,6
UJJIVANSFB,1007,OK,2019-12-12,2023-12-29,1478,5
ULTRACEMCO,3673,OK,2009-03-05,2023-12-29,5412,6
UNIONBANK,3673,OK,2009-03-05,2023-12-29,5412,6
UNITDSPR,0,EMPTY-marker,,,0,0
UNOMINDA,3653,OK,2009-03-05,2023-12-29,5412,6
UPL,3671,OK,2009-03-05,2023-12-29,5412,6
URBANCO,0,EMPTY-marker,,,0,0
USHAMART,3673,OK,2009-03-05,2023-12-29,5412,6
UTIAMC,799,OK,2020-10-12,2023-12-29,1173,5
UTLSOLAR,0,EMPTY-marker,,,0,0
V2RETAIL,3645,OK,2009-03-05,2023-12-29,5412,20
VAIBHAVGBL,3664,OK,2009-03-05,2023-12-29,5412,14
VARROC,1357,OK,2018-07-06,2023-12-29,2002,5
VBL,1771,OK,2016-11-08,2023-12-29,2607,5
VEDL,3664,OK,2009-03-05,2023-12-29,5412,13
VENTIVE,0,EMPTY-marker,,,0,0
VGUARD,3672,OK,2009-03-05,2023-12-29,5412,6
VIJAYA,570,OK,2021-09-14,2023-12-29,836,5
VIKRAMSOLR,0,EMPTY-marker,,,0,0
VIPIND,3672,OK,2009-03-05,2023-12-29,5412,6
VIYASH,0,EMPTY-marker,,,0,0
VMART,2679,OK,2013-02-27,2023-12-29,3957,6
VMM,0,EMPTY-marker,,,0,0
VOLTAMP,3673,OK,2009-03-05,2023-12-29,5412,6
VOLTAS,3673,OK,2009-03-05,2023-12-29,5412,6
VTL,3672,OK,2009-03-05,2023-12-29,5412,6
WAAREEENER,0,EMPTY-marker,,,0,0
WAAREERTL,0,EMPTY-marker,,,0,0
WABAG,3275,OK,2010-10-13,2023-12-29,4825,6
WAKEFIT,0,EMPTY-marker,,,0,0
WEBELSOLAR,3548,OK,2009-03-05,2023-12-29,5412,21
WELCORP,3673,OK,2009-03-05,2023-12-29,5412,6
WELENT,3669,OK,2009-03-05,2023-12-29,5412,6
WELSPUNLIV,3672,OK,2009-03-05,2023-12-29,5412,6
WESTLIFE,1083,OK,2019-08-20,2023-12-29,1592,5
WEWORK,0,EMPTY-marker,,,0,0
WHIRLPOOL,3468,OK,2010-01-08,2023-12-29,5103,6
WIPRO,3673,OK,2009-03-05,2023-12-29,5412,6
WOCKPHARMA,3673,OK,2009-03-05,2023-12-29,5412,6
YATHARTH,99,OK,2023-08-07,2023-12-29,144,4
YESBANK,3673,OK,2009-03-05,2023-12-29,5412,6
ZAGGLE,67,OK,2023-09-22,2023-12-29,98,4
ZEEL,3673,OK,2009-03-05,2023-12-29,5412,6
ZENSARTECH,3673,OK,2009-03-05,2023-12-29,5412,6
ZENTEC,2167,OK,2015-03-31,2023-12-29,3195,5
ZFCVINDIA,3670,OK,2009-03-06,2023-12-29,5411,6
ZYDUSLIFE,3672,OK,2009-03-05,2023-12-29,5412,6
ZYDUSWELL,3505,OK,2009-11-13,2023-12-29,5159,6
