symbol,status,merged_rows,kite_rows,gdf_rows_used,anchor_date,rescale_pct,boundary_pct,warn,gdf_rows
360ONE,stitched,1648.0,1579.0,69.0,2023-12-29,0.0,0.7725957807098061,False,
3MINDIA,stitched,4256.0,1579.0,2677.0,2023-12-29,0.0,1.9584880331570131,False,
AADHARHFC,kite_only,,494.0,,,,,,
AARTIDRUGS,gdf_only,,,,,,,,3672.0
AARTIIND,stitched,4257.0,1579.0,2678.0,2023-12-29,0.0,0.8474168231498824,False,
AARTIPHARM,gdf_only,,,,,,,,227.0
AAVAS,stitched,1881.0,1579.0,302.0,2023-12-29,0.0,-0.6006763919034763,False,
ABB,stitched,4258.0,1579.0,2679.0,2023-12-29,0.0,0.36957790313167926,False,
ABBOTINDIA,stitched,4053.0,1579.0,2474.0,2023-12-29,0.0,0.4932889755649983,False,
ABCAPITAL,stitched,2153.0,1579.0,574.0,2023-12-29,0.0,-1.1684518013632017,False,
ABDL,no_data,,,,,,,,
ABFRL,stitched,3167.0,1579.0,1588.0,2023-12-29,-24.31828341528832,-0.4017787834391884,True,
ABLBL,kite_only,,219.0,,,,,,
ABREL,kite_only,,1579.0,,,,,,
ABSLAMC,no_pre_history,,1136.0,,,0.0,,,
ACC,stitched,4258.0,1579.0,2679.0,2023-12-29,0.0,-0.3839103517448983,False,
ACE,stitched,4258.0,1579.0,2679.0,2023-12-29,0.0,-3.0303030303030276,False,
ACI,gdf_only,,,,,,,,276.0
ACMESOLAR,kite_only,,368.0,,,,,,
ACUTAAS,no_data,,,,,,,,
ADANIENSOL,stitched,2668.0,1579.0,1089.0,2023-12-29,0.0,0.7543753771876993,False,
ADANIENT,stitched,4258.0,1579.0,2679.0,2023-12-29,-3.05200161462994,-0.24315650692913193,False,
ADANIGREEN,stitched,1956.0,1579.0,377.0,2023-12-29,0.0,4.986482427155314,False,
ADANIPORTS,stitched,4253.0,1579.0,2674.0,2023-12-29,0.0,3.183060109289615,False,
ADANIPOWER,stitched,4146.0,1579.0,2567.0,2023-12-29,0.019042178425210388,3.54015424924794,False,
ADVENZYMES,gdf_only,,,,,,,,1837.0
AEGISLOG,kite_only,,1579.0,,,,,,
AEGISVOPAK,kite_only,,234.0,,,,,,
AEQUS,no_data,,,,,,,,
AETHER,gdf_only,,,,,,,,391.0
AFCONS,kite_only,,375.0,,,,,,
AFFLE,stitched,1674.0,1579.0,95.0,2023-12-29,0.0,1.9065987921712546,False,
AGARWALEYE,kite_only,,311.0,,,,,,
AHLUCONT,gdf_only,,,,,,,,3482.0
AIAENG,stitched,4255.0,1579.0,2676.0,2023-12-29,0.0,-1.630797211276147,False,
AIIL,kite_only,,509.0,,,,,,
AJANTPHARM,stitched,4258.0,1579.0,2679.0,2023-12-29,0.0,0.4001847006310566,False,
AKUMS,kite_only,,437.0,,,,,,
AKZOINDIA,stitched,4242.0,1564.0,2678.0,2023-12-29,0.0,2.1916140324176103,False,
ALIVUS,no_data,,,,,,,,
ALKEM,stitched,2571.0,1579.0,992.0,2023-12-29,0.0,3.423705248522757,False,
ALKYLAMINE,stitched,4123.0,1579.0,2544.0,2023-12-29,0.0,1.417050691244226,False,
ALOKINDS,no_pre_history,,1543.0,,,0.0,,,
AMBER,stitched,2050.0,1579.0,471.0,2023-12-29,0.0,2.8957615360515554,False,
AMBUJACEM,stitched,4258.0,1579.0,2679.0,2023-12-29,0.0,0.3821656050955413,False,
ANANDRATHI,no_pre_history,,1093.0,,,0.0,,,
ANANTRAJ,stitched,4257.0,1579.0,2678.0,2023-12-29,0.0,-40.73529411764706,False,
ANGELONE,no_pre_history,,1389.0,,,0.0,,,
ANTHEM,no_data,,,,,,,,
ANUP,gdf_only,,,,,,,,1196.0
ANURAS,gdf_only,,,,,,,,686.0
APARINDS,stitched,4257.0,1579.0,2678.0,2023-12-29,0.0,0.012827090815803466,False,
APLAPOLLO,stitched,3561.0,1579.0,1982.0,2023-12-29,0.0,0.788198327741374,False,
APLLTD,stitched,3627.0,1579.0,2048.0,2023-12-29,0.0,-3.605811307544182,False,
APOLLO,gdf_only,,,,,,,,1470.0
APOLLOHOSP,stitched,4258.0,1579.0,2679.0,2023-12-29,0.0,-1.085298196948692,False,
APOLLOTYRE,stitched,4258.0,1579.0,2679.0,2023-12-29,0.0,-0.3355704697986628,False,
APTUS,no_pre_history,,1169.0,,,0.0,,,
ARE&M,stitched,4258.0,1579.0,2679.0,2023-12-29,0.0,-0.4762890867674563,False,
ARVIND,gdf_only,,,,,,,,3673.0
ARVINDFASN,gdf_only,,,,,,,,1192.0
ASAHIINDIA,stitched,4257.0,1579.0,2678.0,2023-12-29,0.0,0.5512402906539648,False,
ASHAPURMIN,gdf_only,,,,,,,,3672.0
ASHOKA,gdf_only,,,,,,,,3273.0
ASHOKLEY,stitched,4258.0,1579.0,2679.0,2023-12-29,-2.7318792685613658,-4.003251603221026,False,
ASIANPAINT,stitched,4258.0,1579.0,2679.0,2023-12-29,0.0,0.4621978206672539,False,
ASKAUTOLTD,gdf_only,,,,,,,,31.0
ASTERDM,stitched,2032.0,1579.0,453.0,2023-12-29,0.0,1.2130637636080799,False,
ASTRAL,stitched,4255.0,1579.0,2676.0,2023-12-29,0.0,-0.35649008323137554,False,
ASTRAMICRO,gdf_only,,,,,,,,3673.0
ASTRAZEN,stitched,4252.0,1579.0,2673.0,2023-12-29,0.0,0.0840785752503459,False,
ATGL,stitched,1862.0,1579.0,283.0,2023-12-29,0.0,8.696988322065158,False,
ATHERENERG,kite_only,,253.0,,,,,,
ATLANTAELE,no_data,,,,,,,,
ATUL,stitched,4258.0,1579.0,2679.0,2023-12-29,0.0,0.24686481682629768,False,
AUBANK,stitched,2190.0,1579.0,611.0,2023-12-29,0.0,-0.6723944714232322,False,
AURIONPRO,gdf_only,,,,,,,,3559.0
AUROPHARMA,stitched,4258.0,1579.0,2679.0,2023-12-29,0.0,0.27361278318922544,False,
AVALON,gdf_only,,,,,,,,176.0
AVANTIFEED,gdf_only,,,,,,,,2158.0
AVL,no_data,,,,,,,,
AWFIS,no_data,,,,,,,,
AWL,no_pre_history,,983.0,,,0.0,,,
AXISBANK,stitched,4258.0,1579.0,2679.0,2023-12-29,0.0,-0.7160853998143479,False,
AXISCADES,gdf_only,,,,,,,,3648.0
AZAD,gdf_only,,,,,,,,2.0
BAJAJ-AUTO,stitched,4258.0,1579.0,2679.0,2023-12-29,-2.475265732465337,-1.0998388935160253,False,
BAJAJELEC,gdf_only,,,,,,,,3673.0
BAJAJFINSV,stitched,4257.0,1579.0,2678.0,2023-12-29,0.0,-0.1586220111993497,False,
BAJAJHFL,kite_only,,409.0,,,,,,
BAJAJHLDNG,stitched,4258.0,1579.0,2679.0,2023-12-29,0.0,-0.877707978629716,False,
BAJFINANCE,stitched,4257.0,1579.0,2678.0,2023-12-29,0.027292576419224446,-0.1453166701833486,False,
BALAMINES,gdf_only,,,,,,,,3670.0
BALKRISIND,stitched,4256.0,1579.0,2677.0,2023-12-29,0.0,-0.3331482509716821,False,
BALRAMCHIN,stitched,4258.0,1579.0,2679.0,2023-12-29,0.0,2.071973827699014,False,
BALUFORGE,no_data,,,,,,,,
BANCOINDIA,gdf_only,,,,,,,,3672.0
BANDHANBNK,stitched,2012.0,1579.0,433.0,2023-12-29,0.0,-1.032956222331527,False,
BANKBARODA,stitched,4258.0,1579.0,2679.0,2023-12-29,-6.512332323669401,-4.3079612790900335,True,
BANKINDIA,stitched,4258.0,1579.0,2679.0,2023-12-29,-3.4991119005328586,0.06384594146879863,False,
BASF,stitched,4257.0,1579.0,2678.0,2023-12-29,0.0,1.99848216544396,False,
BATAINDIA,stitched,4258.0,1579.0,2679.0,2023-12-29,0.0,-0.3568268105392347,False,
BAYERCROP,stitched,4053.0,1579.0,2474.0,2023-12-29,0.0,1.5521499943864203,False,
BBOX,gdf_only,,,,,,,,3671.0
BBTC,stitched,4255.0,1579.0,2676.0,2023-12-29,0.0,-0.9384474710043778,False,
BDL,stitched,2014.0,1579.0,435.0,2023-12-29,0.0,1.154891304347827,False,
BECTORFOOD,gdf_only,,,,,,,,747.0
BEL,stitched,4258.0,1579.0,2679.0,2023-12-29,0.0,0.14992503748125774,False,
BELRISE,no_data,,,,,,,,
BEML,stitched,4258.0,1579.0,2679.0,2023-12-29,0.0,0.6910569105690989,False,
BERGEPAINT,stitched,4258.0,1579.0,2679.0,2023-12-29,0.0,0.36776686374004885,False,
BHARATFORG,stitched,4258.0,1579.0,2679.0,2023-12-29,0.0,0.41395011901066425,False,
BHARTIARTL,stitched,4258.0,1579.0,2679.0,2023-12-29,0.0,-2.38043001316367,False,
BHARTIHEXA,kite_only,,515.0,,,,,,
BHEL,stitched,4258.0,1579.0,2679.0,2023-12-29,0.0,0.11507479861909697,False,
BIKAJI,no_pre_history,,864.0,,,0.0,,,
BIOCON,stitched,4258.0,1579.0,2679.0,2023-12-29,0.0,0.2894109635682707,False,
BIRLACORPN,gdf_only,,,,,,,,3673.0
BLACKBUCK,no_data,,,,,,,,
BLS,stitched,2454.0,1579.0,875.0,2023-12-29,0.0,3.7394451145958962,False,
BLUEDART,stitched,4257.0,1579.0,2678.0,2023-12-29,0.0,-1.1034798534798496,False,
BLUEJET,no_pre_history,,626.0,,,0.0,,,
BLUESTARCO,stitched,4258.0,1579.0,2679.0,2023-12-29,0.0,-1.4200085628657155,False,
BLUESTONE,no_data,,,,,,,,
BORORENEW,gdf_only,,,,,,,,1385.0
BOSCHLTD,stitched,4258.0,1579.0,2679.0,2023-12-29,0.0,-0.5840802362337971,False,
BPCL,stitched,4258.0,1579.0,2679.0,2023-12-29,-5.082112738570799,-4.268246166173906,True,
BRIGADE,stitched,4258.0,1579.0,2679.0,2023-12-29,0.0,-1.6933638443935917,False,
BRITANNIA,stitched,4257.0,1579.0,2678.0,2023-12-29,0.0,0.39137327432459124,False,
BSE,stitched,2295.0,1579.0,716.0,2023-12-29,0.013506212857916644,-0.3725223264886113,False,
BSOFT,stitched,4258.0,1579.0,2679.0,2023-12-29,0.0,1.2729844413012614,False,
CAMPUS,no_pre_history,,995.0,,,0.0,,,
CAMS,no_pre_history,,1389.0,,,0.0,,,
CANBK,stitched,4258.0,1579.0,2679.0,2023-12-29,-7.017142857142855,-3.531066293609497,True,
CANFINHOME,stitched,4257.0,1579.0,2678.0,2023-12-29,0.0,0.5851672815163411,False,
CANHLIFE,no_data,,,,,,,,
CAPILLARY,no_data,,,,,,,,
CAPLIPOINT,stitched,2939.0,1579.0,1360.0,2023-12-29,0.0,-2.0774472328402904,False,
CARBORUNIV,stitched,4257.0,1579.0,2678.0,2023-12-29,0.0,-1.3420724094881264,False,
CARTRADE,gdf_only,,,,,,,,586.0
CASTROLIND,stitched,3004.0,1579.0,1425.0,2023-12-29,0.0,-0.23201856148492572,False,
CCAVENUE,no_data,,,,,,,,
CCL,stitched,4257.0,1579.0,2678.0,2023-12-29,0.0,-0.29806259314457684,False,
CDSL,stitched,2196.0,1579.0,617.0,2023-12-29,0.0,-0.4488330341113067,False,
CEATLTD,stitched,4258.0,1579.0,2679.0,2023-12-29,0.0,0.7584567932446884,False,
CELLO,gdf_only,,,,,,,,38.0
CEMPRO,no_data,,,,,,,,
CENTRALBK,stitched,4258.0,1579.0,2679.0,2023-12-29,0.0,0.27932960893854997,False,
CENTURYPLY,stitched,4257.0,1579.0,2678.0,2023-12-29,0.0,3.0510585305105975,False,
CERA,stitched,4235.0,1579.0,2656.0,2023-12-29,0.0,-0.3725602861856192,False,
CESC,stitched,4258.0,1579.0,2679.0,2023-12-29,-6.07547169811321,1.3820200848990494,True,
CGCL,stitched,3788.0,1579.0,2209.0,2023-12-29,300.0,-4.992107340173646,True,
CGPOWER,stitched,4258.0,1579.0,2679.0,2023-12-29,0.0,1.388888888888884,False,
CHALET,stitched,1797.0,1579.0,218.0,2023-12-29,0.0,-1.9916893537756053,False,
CHAMBLFERT,stitched,4258.0,1579.0,2679.0,2023-12-29,0.0,0.5582922824302061,False,
CHENNPETRO,stitched,4258.0,1579.0,2679.0,2023-12-29,0.0,-0.5665722379603388,False,
CHOICEIN,no_pre_history,,1013.0,,,0.0,,,
CHOLAFIN,stitched,4257.0,1579.0,2678.0,2023-12-29,0.0,-0.8674304418985201,False,
CHOLAHLDNG,stitched,2137.0,1579.0,558.0,2023-12-29,0.0,0.7004903432402676,False,
CIEINDIA,gdf_only,,,,,,,,3670.0
CIPLA,stitched,4258.0,1579.0,2679.0,2023-12-29,0.0,-0.4809703053115899,False,
CLEAN,no_pre_history,,1193.0,,,0.0,,,
CMSINFO,gdf_only,,,,,,,,495.0
COALINDIA,stitched,3845.0,1579.0,2266.0,2023-12-29,-6.090425531914889,-0.5934593844094116,True,
COCHINSHIP,stitched,2166.0,1579.0,587.0,2023-12-29,0.004431510997537913,0.030318672012086267,False,
COFORGE,stitched,4258.0,1579.0,2679.0,2023-12-29,0.007968762451193712,-0.7940690069909051,False,
COHANCE,kite_only,,1531.0,,,,,,
COLPAL,stitched,4258.0,1579.0,2679.0,2023-12-29,0.0,-0.12304327021670503,False,
CONCOR,stitched,4258.0,1579.0,2679.0,2023-12-29,0.0,0.19672131147541183,False,
CONCORDBIO,no_pre_history,,676.0,,,0.0,,,
COROMANDEL,stitched,4258.0,1579.0,2679.0,2023-12-29,0.0,-0.6389776357827448,False,
CORONA,no_data,,,,,,,,
CPPLUS,no_data,,,,,,,,
CRAFTSMAN,no_pre_history,,1270.0,,,0.0,,,
CRAMC,no_data,,,,,,,,
CREDITACC,stitched,1910.0,1579.0,331.0,2023-12-29,0.0,-0.46226967901557003,False,
CRISIL,stitched,4258.0,1579.0,2679.0,2023-12-29,0.0,2.1099811281191094,False,
CRIZAC,no_data,,,,,,,,
CROMPTON,stitched,2477.0,1579.0,898.0,2023-12-29,0.0,1.1048572024181746,False,
CSBBANK,gdf_only,,,,,,,,1013.0
CUB,stitched,4258.0,1579.0,2679.0,2023-12-29,0.0,-0.19234879247701508,False,
CUMMINSIND,stitched,4258.0,1579.0,2679.0,2023-12-29,0.0,0.23599891077425994,False,
CUPID,gdf_only,,,,,,,,1806.0
CYIENT,stitched,4254.0,1579.0,2675.0,2023-12-29,0.0,5.459419936631726,False,
DABUR,stitched,4258.0,1579.0,2679.0,2023-12-29,0.0,0.3054101221640515,False,
DALBHARAT,stitched,1809.0,1579.0,230.0,2023-12-29,0.0,0.5872797700862131,False,
DATAMATICS,gdf_only,,,,,,,,3657.0
DATAPATTNS,no_pre_history,,1085.0,,,0.0,,,
DBL,gdf_only,,,,,,,,1829.0
DBREALTY,stitched,4021.0,1579.0,2442.0,2023-12-29,0.0,-1.3698630136986134,False,
DCBBANK,gdf_only,,,,,,,,3667.0
DCMSHRIRAM,stitched,4256.0,1579.0,2677.0,2023-12-29,0.0,3.697138516080023,False,
DEEPAKFERT,stitched,4258.0,1579.0,2679.0,2023-12-29,0.0,-0.462962962962965,False,
DEEPAKNTR,stitched,3777.0,1579.0,2198.0,2023-12-29,0.0,0.44224068614311385,False,
DELHIVERY,no_pre_history,,984.0,,,0.0,,,
DEVYANI,no_pre_history,,1174.0,,,0.0,,,
DIACABS,gdf_only,,,,,,,,68.0
DIVISLAB,stitched,4258.0,1579.0,2679.0,2023-12-29,0.0,-1.4600715137067954,False,
DIXON,stitched,2142.0,1579.0,563.0,2023-12-29,0.0,-0.33690416655700606,False,
DLF,stitched,4258.0,1579.0,2679.0,2023-12-29,0.0,-1.450844521437844,False,
DMART,stitched,2265.0,1579.0,686.0,2023-12-29,0.0,-0.5358065656702937,False,
DOMS,no_pre_history,,592.0,,,0.0,,,
DRREDDY,stitched,4258.0,1579.0,2679.0,2023-12-29,0.0,0.17394329448598977,False,
DUMMYALCAR,no_data,,,,,,,,
DUMMYVEDL1,no_data,,,,,,,,
DUMMYVEDL2,no_data,,,,,,,,
DUMMYVEDL3,no_data,,,,,,,,
DUMMYVEDL4,no_data,,,,,,,,
DYNAMATECH,gdf_only,,,,,,,,3587.0
ECLERX,stitched,4257.0,1579.0,2678.0,2023-12-29,100.0,12.202852614896976,True,
EDELWEISS,gdf_only,,,,,,,,3673.0
EICHERMOT,stitched,4258.0,1579.0,2679.0,2023-12-29,0.0,-1.951117684419057,False,
EIDPARRY,stitched,4257.0,1579.0,2678.0,2023-12-29,0.0,3.3738526420243,False,
EIEL,no_data,,,,,,,,
EIHOTEL,stitched,4257.0,1579.0,2678.0,2023-12-29,0.0,0.6309148264984188,False,
ELECON,stitched,4258.0,1579.0,2679.0,2023-12-29,0.0,-0.27247956403270157,False,
ELECTCAST,gdf_only,,,,,,,,3673.0
ELGIEQUIP,stitched,4257.0,1579.0,2678.0,2023-12-29,0.0,0.7001166861143382,False,
ELLEN,no_data,,,,,,,,
EMAMILTD,stitched,4257.0,1579.0,2678.0,2023-12-29,0.0,0.8551145530816484,False,
EMBDL,no_data,,,,,,,,
EMCURE,kite_only,,455.0,,,,,,
EMIL,gdf_only,,,,,,,,299.0
EMMVEE,no_data,,,,,,,,
ENDURANCE,stitched,2370.0,1579.0,791.0,2023-12-29,0.0,0.58263201701656,False,
ENGINERSIN,stitched,4258.0,1579.0,2679.0,2023-12-29,0.0,-0.2525252525252486,False,
ENRIN,kite_only,,221.0,,,,,,
ENTERO,no_data,,,,,,,,
EPL,gdf_only,,,,,,,,3672.0
EQUITASBNK,gdf_only,,,,,,,,784.0
ERIS,stitched,2197.0,1579.0,618.0,2023-12-29,0.0,4.725738396624468,False,
ESCORTS,stitched,4258.0,1579.0,2679.0,2023-12-29,0.0,-3.7166454891994882,False,
ETERNAL,kite_only,,1190.0,,,,,,
ETHOSLTD,gdf_only,,,,,,,,395.0
EUREKAFORB,no_data,,,,,,,,
EXIDEIND,stitched,4258.0,1579.0,2679.0,2023-12-29,0.0,-0.2680965147453085,False,
FACT,stitched,4258.0,1579.0,2679.0,2023-12-29,0.0,-1.134930643127352,False,
FEDERALBNK,stitched,4258.0,1579.0,2679.0,2023-12-29,0.0,0.909607731665707,False,
FEDFINA,gdf_only,,,,,,,,21.0
FIEMIND,gdf_only,,,,,,,,3669.0
FINCABLES,stitched,4258.0,1579.0,2679.0,2023-12-29,0.0,3.5435192670439264,False,
FINPIPE,stitched,4257.0,1579.0,2678.0,2023-12-29,0.0,-1.1808861222995182,False,
FIRSTCRY,kite_only,,432.0,,,,,,
FIVESTAR,no_pre_history,,861.0,,,0.0,,,
FLUOROCHEM,stitched,1631.0,1579.0,52.0,2023-12-29,0.0,-2.2578824288363886,False,
FORCEMOT,stitched,1592.0,1503.0,89.0,2023-10-25,0.0,0.6638086018531109,False,
FORTIS,stitched,4258.0,1579.0,2679.0,2023-12-29,0.0,0.7960576194086189,False,
FSL,stitched,4258.0,1579.0,2679.0,2023-12-29,0.0,0.6082725060827299,False,
GABRIEL,gdf_only,,,,,,,,3672.0
GAEL,gdf_only,,,,,,,,3672.0
GAIL,stitched,4258.0,1579.0,2679.0,2023-12-29,-6.915484268969774,-3.4068574372806304,True,
GALLANTT,gdf_only,,,,,,,,3576.0
GESHIP,stitched,4258.0,1579.0,2679.0,2023-12-29,0.0,0.8529854490717526,False,
GHCL,gdf_only,,,,,,,,3673.0
GICRE,stitched,2117.0,1579.0,538.0,2023-12-29,-2.67813666612563,0.41450263072908555,False,
GILLETTE,stitched,4257.0,1579.0,2678.0,2023-12-29,0.0,0.32083691297106753,False,
GLAND,no_pre_history,,1355.0,,,0.0,,,
GLAXO,stitched,4257.0,1579.0,2678.0,2023-12-29,0.0,1.3382599515618265,False,
GLENMARK,stitched,4258.0,1579.0,2679.0,2023-12-29,0.0,-0.503669592747158,False,
GMDCLTD,stitched,4258.0,1579.0,2679.0,2023-12-29,0.0,2.0308692120227567,False,
GMMPFAUDLR,gdf_only,,,,,,,,1443.0
GMRAIRPORT,kite_only,,1579.0,,,,,,
GMRP&UI,gdf_only,,,,,,,,440.0
GNFC,gdf_only,,,,,,,,3673.0
GODFRYPHLP,stitched,4256.0,1579.0,2677.0,2023-12-29,0.014226774790149221,1.636483802571198,False,
GODIGIT,kite_only,,488.0,,,,,,
GODREJAGRO,stitched,2123.0,1579.0,544.0,2023-12-29,0.0,1.209014411451781,False,
GODREJCP,stitched,4258.0,1579.0,2679.0,2023-12-29,0.0,0.9933532977868698,False,
GODREJIND,stitched,4258.0,1579.0,2679.0,2023-12-29,0.0,1.6723589683193874,False,
GODREJPROP,stitched,4056.0,1579.0,2477.0,2023-12-29,0.0,0.19224931700900783,False,
GOKEX,gdf_only,,,,,,,,3671.0
GOKULAGRO,gdf_only,,,,,,,,1931.0
GPIL,stitched,4258.0,1579.0,2679.0,2023-12-29,0.0,2.586206896551735,False,
GPPL,gdf_only,,,,,,,,3299.0
GRANULES,stitched,4257.0,1579.0,2678.0,2023-12-29,0.0,-0.9748172217709072,False,
GRAPHITE,stitched,4258.0,1579.0,2679.0,2023-12-29,0.0,1.0717230008244094,False,
GRASIM,stitched,4258.0,1579.0,2679.0,2023-12-29,-0.3958216226344513,-0.15613101089430037,False,
GRAVITA,stitched,3837.0,1579.0,2258.0,2023-12-29,0.0,-0.41407867494822614,False,
GREAVESCOT,gdf_only,,,,,,,,3672.0
GROWW,no_data,,,,,,,,
GRSE,stitched,1879.0,1579.0,300.0,2023-12-29,0.0,-0.12572290671359898,False,
GRWRHITECH,gdf_only,,,,,,,,472.0
GSFC,gdf_only,,,,,,,,3673.0
GSPL,stitched,4257.0,1578.0,2679.0,2023-12-29,0.0,0.5011389521640153,False,
GUJGASLTD,stitched,2636.0,1579.0,1057.0,2023-12-29,0.0,7.219532729951572,False,
GVT&D,kite_only,,1579.0,,,,,,
HAL,stitched,2011.0,1579.0,432.0,2023-12-29,0.0,-0.027382256297914243,False,
HAPPSTMNDS,no_pre_history,,1400.0,,,0.0,,,
HAVELLS,stitched,4258.0,1579.0,2679.0,2023-12-29,0.0,0.3631306497720921,False,
HBLENGINE,kite_only,,1579.0,,,,,,
HCC,gdf_only,,,,,,,,3673.0
HCG,gdf_only,,,,,,,,1921.0
HCLTECH,stitched,4258.0,1579.0,2679.0,2023-12-29,0.0,0.6776975884527303,False,
HDBFS,no_data,,,,,,,,
HDFCAMC,stitched,1921.0,1579.0,342.0,2023-12-29,-1.8408736349453947,-0.6909100287249781,False,
HDFCBANK,stitched,4258.0,1579.0,2679.0,2023-12-29,0.0,0.5109661190157988,False,
HDFCLIFE,stitched,2100.0,1579.0,521.0,2023-12-29,0.0,-0.7347655938024,False,
HEG,stitched,4258.0,1579.0,2679.0,2023-12-29,0.0,-0.023452157598491397,False,
HEMIPROP,gdf_only,,,,,,,,791.0
HERITGFOOD,gdf_only,,,,,,,,3672.0
HEROMOTOCO,stitched,4258.0,1579.0,2679.0,2023-12-29,-4.804870094575497,-2.1591514398815903,False,
HEXT,kite_only,,300.0,,,,,,
HFCL,stitched,3760.0,1579.0,2181.0,2023-12-29,0.0,-0.5698005698005826,False,
HGINFRA,gdf_only,,,,,,,,1439.0
HINDALCO,stitched,4258.0,1579.0,2679.0,2023-12-29,0.0,-0.8558871154290992,False,
HINDCOPPER,stitched,4053.0,1579.0,2474.0,2023-12-29,0.0,3.0573248407643305,False,
HINDPETRO,stitched,4258.0,1579.0,2679.0,2023-12-29,-10.246286896033086,-3.9680606213435943,True,
HINDUNILVR,stitched,4258.0,1579.0,2679.0,2023-12-29,0.0,0.7046281851273983,False,
HINDZINC,stitched,4258.0,1579.0,2679.0,2023-12-29,0.0,0.2146434533746744,False,
HOMEFIRST,no_pre_history,,1305.0,,,0.0,,,
HONASA,no_pre_history,,622.0,,,0.0,,,
HONAUT,stitched,4257.0,1579.0,2678.0,2023-12-29,0.0,-0.6483605192009523,False,
HSCL,stitched,4257.0,1579.0,2678.0,2023-12-29,0.0,0.577081615828523,False,
HUDCO,stitched,2225.0,1579.0,646.0,2023-12-29,0.0,4.160887656033285,False,
HYUNDAI,kite_only,,384.0,,,,,,
ICICIAMC,no_data,,,,,,,,
ICICIBANK,stitched,4258.0,1579.0,2679.0,2023-12-29,0.0,-0.3989608461681171,False,
ICICIGI,stitched,2135.0,1579.0,556.0,2023-12-29,0.0,-0.09734640899913272,False,
ICICIPRULI,stitched,2382.0,1579.0,803.0,2023-12-29,0.0,-0.31091304798425146,False,
ICIL,gdf_only,,,,,,,,3564.0
IDBI,stitched,4258.0,1579.0,2679.0,2023-12-29,0.0,0.2702702702702675,False,
IDEA,stitched,4258.0,1579.0,2679.0,2023-12-29,0.0,-0.8130081300813163,False,
IDFCFIRSTB,stitched,2601.0,1579.0,1022.0,2023-12-29,0.0,1.439645625692143,False,
IEX,stitched,2119.0,1579.0,540.0,2023-12-29,0.0,0.21008403361344463,False,
IFBIND,gdf_only,,,,,,,,3667.0
IFCI,stitched,4258.0,1579.0,2679.0,2023-12-29,0.0,1.5151515151515138,False,
IGIL,kite_only,,343.0,,,,,,
IGL,stitched,4258.0,1579.0,2679.0,2023-12-29,0.009561143512759607,-0.7008244804751373,False,
IIFL,stitched,4256.0,1579.0,2677.0,2023-12-29,-2.8671737858396718,0.5627078108937145,False,
IIFLCAPS,no_data,,,,,,,,
IKS,kite_only,,344.0,,,,,,
IMFA,gdf_only,,,,,,,,3333.0
INDGN,kite_only,,496.0,,,,,,
INDHOTEL,stitched,4258.0,1579.0,2679.0,2023-12-29,0.0,-3.551724137931034,False,
INDIACEM,stitched,4258.0,1579.0,2679.0,2023-12-29,0.0,2.3809523809523725,False,
INDIAGLYCO,gdf_only,,,,,,,,3673.0
INDIAMART,stitched,1699.0,1579.0,120.0,2023-12-29,0.0,-0.3552862135396073,False,
INDIANB,stitched,4258.0,1579.0,2679.0,2023-12-29,-2.4946543121881715,0.37422266248419156,False,
INDIASHLTR,gdf_only,,,,,,,,7.0
INDIGO,stitched,2600.0,1579.0,1021.0,2023-12-29,0.0,-0.04124329796407755,False,
INDIGOPNTS,gdf_only,,,,,,,,721.0
INDUSINDBK,stitched,4258.0,1579.0,2679.0,2023-12-29,0.0,-1.7019867549668888,False,
INDUSTOWER,stitched,3304.0,1579.0,1725.0,2023-12-29,0.0,0.772277227722773,False,
INFY,stitched,4258.0,1579.0,2679.0,2023-12-29,0.0,0.7795937906038386,False,
INOXGREEN,gdf_only,,,,,,,,274.0
INOXINDIA,no_pre_history,,591.0,,,0.0,,,
INOXWIND,stitched,2746.0,1579.0,1167.0,2023-12-29,-1.4166800064030705,-1.5296242958669715,False,
INTELLECT,stitched,2821.0,1579.0,1242.0,2023-12-29,0.0,2.240693892302126,False,
IOB,stitched,4258.0,1579.0,2679.0,2023-12-29,0.0,-1.7699115044247926,False,
IOC,stitched,4258.0,1579.0,2679.0,2023-12-29,-10.15017327685791,-12.930516373367318,True,
IONEXCHANG,gdf_only,,,,,,,,459.0
IPCALAB,stitched,4257.0,1579.0,2678.0,2023-12-29,0.0,0.1795363737172817,False,
IRB,stitched,4258.0,1579.0,2679.0,2023-12-29,99.95187680461981,-1.8581059223891305,True,
IRCON,stitched,1886.0,1579.0,307.0,2023-12-29,0.0,2.513062950982836,False,
IRCTC,stitched,1633.0,1579.0,54.0,2023-12-29,0.0,1.156998232363815,False,
IREDA,no_pre_history,,607.0,,,0.0,,,
IRFC,no_pre_history,,1308.0,,,0.0,,,
ITC,stitched,4258.0,1579.0,2679.0,2023-12-29,-13.51439082449687,0.1817850610870586,True,
ITCHOTELS,kite_only,,316.0,,,,,,
ITI,stitched,4258.0,1579.0,2679.0,2023-12-29,0.0,-0.7567567567567601,False,
IXIGO,no_data,,,,,,,,
J&KBANK,stitched,4257.0,1579.0,2678.0,2023-12-29,0.0,-0.16750418760469454,False,
JAIBALAJI,gdf_only,,,,,,,,3673.0
JAINREC,no_data,,,,,,,,
JAMNAAUTO,gdf_only,,,,,,,,3168.0
JAYNECOIND,gdf_only,,,,,,,,3672.0
JBCHEPHARM,stitched,4257.0,1579.0,2678.0,2023-12-29,0.0,0.9068696551076005,False,
JBMA,stitched,4110.0,1579.0,2531.0,2023-12-29,0.0,-1.3146362839614345,False,
JINDALSAW,stitched,4258.0,1579.0,2679.0,2023-12-29,-0.00970779535968136,16.659736917661828,False,
JINDALSTEL,stitched,4258.0,1579.0,2679.0,2023-12-29,0.0,-0.7751937984496027,False,
JIOFIN,no_pre_history,,675.0,,,0.0,,,
JKCEMENT,stitched,4258.0,1579.0,2679.0,2023-12-29,0.0,0.6544894554476599,False,
JKLAKSHMI,gdf_only,,,,,,,,3673.0
JKPAPER,gdf_only,,,,,,,,3672.0
JKTYRE,stitched,4258.0,1579.0,2679.0,2023-12-29,0.0,0.4005340453938633,False,
JLHL,gdf_only,,,,,,,,70.0
JMFINANCIL,stitched,4258.0,1579.0,2679.0,2023-12-29,0.0,-2.494692144373678,False,
JPPOWER,stitched,4258.0,1579.0,2679.0,2023-12-29,0.0,3.2258064516129004,False,
JSFB,no_data,,,,,,,,
JSL,stitched,4258.0,1579.0,2679.0,2023-12-29,0.0,1.0349288486416475,False,
JSLL,gdf_only,,,,,,,,369.0
JSWCEMENT,no_data,,,,,,,,
JSWDULUX,no_data,,,,,,,,
JSWENERGY,stitched,4057.0,1579.0,2478.0,2023-12-29,0.0,-0.43258832011535686,False,
JSWINFRA,no_pre_history,,646.0,,,0.0,,,
JSWSTEEL,stitched,4258.0,1579.0,2679.0,2023-12-29,0.0,-0.7220885021292256,False,
JUBLFOOD,stitched,4032.0,1579.0,2453.0,2023-12-29,0.0,0.6627125824608227,False,
JUBLINGREA,no_pre_history,,1274.0,,,0.0,,,
JUBLPHARMA,stitched,4258.0,1579.0,2679.0,2023-12-29,0.0,-0.8100558659217882,False,
JUSTDIAL,gdf_only,,,,,,,,2614.0
JWL,stitched,3858.0,1579.0,2279.0,2023-12-29,0.0,-1.7006802721088454,False,
JYOTHYLAB,stitched,4258.0,1579.0,2679.0,2023-12-29,0.0,1.122448979591839,False,
JYOTICNC,kite_only,,574.0,,,,,,
KAJARIACER,stitched,4257.0,1579.0,2678.0,2023-12-29,0.0,0.06664127951254706,False,
KALYANKJIL,no_pre_history,,1269.0,,,0.0,,,
KANSAINER,gdf_only,,,,,,,,3672.0
KARURVYSYA,stitched,4258.0,1579.0,2679.0,2023-12-29,0.0,-0.5976095617529986,False,
KAYNES,no_pre_history,,860.0,,,0.0,,,
KEC,stitched,4258.0,1579.0,2679.0,2023-12-29,0.0,0.8111239860950192,False,
KEI,stitched,4257.0,1579.0,2678.0,2023-12-29,0.0,3.6442989634478895,False,
KFINTECH,no_pre_history,,833.0,,,0.0,,,
KIMS,no_pre_history,,1208.0,,,0.0,,,
KIRLOSBROS,stitched,3986.0,1579.0,2407.0,2023-12-29,0.0,-3.546099290780147,False,
KIRLOSENG,stitched,3811.0,1579.0,2232.0,2023-12-29,0.0,2.7260179434092313,False,
KIRLPNU,gdf_only,,,,,,,,170.0
KITEX,gdf_only,,,,,,,,2781.0
KNRCON,gdf_only,,,,,,,,3641.0
KOTAKBANK,stitched,4258.0,1579.0,2679.0,2023-12-29,0.0,-0.6085794864182925,False,
KPIGREEN,gdf_only,,,,,,,,603.0
KPIL,stitched,4258.0,1579.0,2679.0,2023-12-29,0.0,0.6092360180333767,False,
KPITTECH,stitched,1749.0,1579.0,170.0,2023-12-29,0.0,-2.4012806830309485,False,
KPRMILL,stitched,4257.0,1579.0,2678.0,2023-12-29,0.0,0.3113372313767071,False,
KRBL,gdf_only,,,,,,,,3672.0
KRN,no_data,,,,,,,,
KSB,stitched,4257.0,1579.0,2678.0,2023-12-29,0.0,0.2593553167840046,False,
KSCL,gdf_only,,,,,,,,3673.0
KTKBANK,gdf_only,,,,,,,,3673.0
LALPATHLAB,stitched,2571.0,1579.0,992.0,2023-12-29,-50.00193971369826,2.6446326481842197,True,
LATENTVIEW,no_pre_history,,1108.0,,,0.0,,,
LAURUSLABS,stitched,2328.0,1579.0,749.0,2023-12-29,0.0,2.3627519110493544,False,
LEMONTREE,stitched,2005.0,1579.0,426.0,2023-12-29,0.0,-1.0937500000000044,False,
LENSKART,no_data,,,,,,,,
LGEINDIA,no_data,,,,,,,,
LICHSGFIN,stitched,4258.0,1579.0,2679.0,2023-12-29,0.0,-2.4991362432339015,False,
LICI,no_pre_history,,989.0,,,0.0,,,
LINDEINDIA,stitched,4257.0,1579.0,2678.0,2023-12-29,0.0,0.24189281124800122,False,
LLOYDSENGG,gdf_only,,,,,,,,1847.0
LLOYDSENT,no_data,,,,,,,,
LLOYDSME,no_pre_history,,699.0,,,0.0,,,
LODHA,no_pre_history,,1256.0,,,0.0,,,
LOTUSDEV,no_data,,,,,,,,
LT,stitched,4258.0,1579.0,2679.0,2023-12-29,0.0,0.9050993683561881,False,
LTF,kite_only,,1579.0,,,,,,
LTFOODS,stitched,4257.0,1579.0,2678.0,2023-12-29,0.0,0.8849557522123908,False,
LTIM,stitched,2407.0,1557.0,850.0,2023-12-29,0.0,1.8051985147100824,False,
LTM,no_data,,,,,,,,
LTTS,stitched,2386.0,1579.0,807.0,2023-12-29,0.0,1.7263100548196908,False,
LUMAXTECH,gdf_only,,,,,,,,3668.0
LUPIN,stitched,4258.0,1579.0,2679.0,2023-12-29,0.0,1.0085794747527688,False,
LXCHEM,gdf_only,,,,,,,,685.0
M&M,stitched,4258.0,1579.0,2679.0,2023-12-29,0.0,0.9500517354905647,False,
M&MFIN,stitched,4258.0,1579.0,2679.0,2023-12-29,-7.228044813877843,2.171359944137996,True,
MAHABANK,stitched,4258.0,1579.0,2679.0,2023-12-29,0.0,0.0,False,
MAHSCOOTER,stitched,4237.0,1576.0,2661.0,2023-12-29,0.0,-0.18767629771977434,False,
MAHSEAMLES,stitched,4258.0,1579.0,2679.0,2023-12-29,0.0,1.1794573438409062,False,
MANAPPURAM,stitched,3935.0,1579.0,2356.0,2023-12-29,0.0,-0.08455467869222799,False,
MANKIND,no_pre_history,,747.0,,,0.0,,,
MANORAMA,gdf_only,,,,,,,,371.0
MANYAVAR,no_pre_history,,1048.0,,,0.0,,,
MAPMYINDIA,no_pre_history,,1088.0,,,0.0,,,
MARICO,stitched,4258.0,1579.0,2679.0,2023-12-29,0.0,1.2148711943793744,False,
MARKSANS,gdf_only,,,,,,,,3673.0
MARUTI,stitched,4258.0,1579.0,2679.0,2023-12-29,0.0,-0.7721955323942153,False,
MASTEK,gdf_only,,,,,,,,3672.0
MAXHEALTH,no_pre_history,,1419.0,,,0.0,,,
MAZDOCK,no_pre_history,,1384.0,,,0.0,,,
MCX,stitched,3507.0,1579.0,1928.0,2023-12-29,0.0,1.0273972602739656,False,
MEDANTA,no_pre_history,,864.0,,,0.0,,,
MEDPLUS,gdf_only,,,,,,,,501.0
MEESHO,no_data,,,,,,,,
METROPOLIS,stitched,1752.0,1579.0,173.0,2023-12-29,299.98808246931236,-1.1647323651805208,True,
MFSL,stitched,4258.0,1579.0,2679.0,2023-12-29,0.0,1.450088876415001,False,
MGL,stitched,2442.0,1579.0,863.0,2023-12-29,0.0,0.08449117536610817,False,
MIDHANI,gdf_only,,,,,,,,1423.0
MINDACORP,stitched,3091.0,1579.0,1512.0,2023-12-29,0.0,-1.3452914798206206,False,
MMTC,stitched,4053.0,1579.0,2474.0,2023-12-29,0.0,0.0,False,
MOIL,gdf_only,,,,,,,,3232.0
MOTHERSON,stitched,4258.0,1579.0,2679.0,2023-12-29,0.0,-11.054813450023026,False,
MOTILALOFS,stitched,4257.0,1579.0,2678.0,2023-12-29,0.0,7.821964708980778,False,
MPHASIS,stitched,4258.0,1579.0,2679.0,2023-12-29,-3.9255406515193103,-3.865112447178909,False,
MRF,stitched,4258.0,1579.0,2679.0,2023-12-29,-3.85864100227451e-05,0.5710448175833438,False,
MRPL,stitched,4258.0,1579.0,2679.0,2023-12-29,0.0,-2.7808676307007785,False,
MSTCLTD,gdf_only,,,,,,,,1178.0
MSUMI,no_pre_history,,1022.0,,,0.0,,,
MTARTECH,gdf_only,,,,,,,,693.0
MUTHOOTFIN,stitched,3721.0,1579.0,2142.0,2023-12-29,0.0,-0.11162912863615926,False,
NAM-INDIA,stitched,2109.0,1579.0,530.0,2023-12-29,0.0,0.07052186177716191,False,
NATCOPHARM,stitched,4257.0,1579.0,2678.0,2023-12-29,0.0,4.187378886174042,False,
NATIONALUM,stitched,4258.0,1579.0,2679.0,2023-12-29,-2.09170140204622,-1.022469103685708,False,
NAUKRI,stitched,4256.0,1579.0,2677.0,2023-12-29,-0.004863576674285497,1.3883303086694943,False,
NAVA,stitched,4257.0,1579.0,2678.0,2023-12-29,0.0,-1.8791946308724938,False,
NAVINFLUOR,stitched,4257.0,1579.0,2678.0,2023-12-29,0.0,-0.37241173841799924,False,
NAZARA,gdf_only,,,,,,,,683.0
NBCC,stitched,3485.0,1579.0,1906.0,2023-12-29,0.0,-0.43047783039174004,False,
NCC,stitched,4258.0,1579.0,2679.0,2023-12-29,0.0,-1.7857142857142905,False,
NEOGEN,gdf_only,,,,,,,,1154.0
NESCO,gdf_only,,,,,,,,3673.0
NESTLEIND,stitched,4053.0,1579.0,2474.0,2023-12-29,0.0,-0.04057892601108115,False,
NETWEB,no_pre_history,,691.0,,,0.0,,,
NETWORK18,gdf_only,,,,,,,,3673.0
NEULANDLAB,stitched,4237.0,1579.0,2658.0,2023-12-29,0.0,0.15544661006816618,False,
NEWGEN,stitched,2051.0,1579.0,472.0,2023-12-29,-0.0038405899146054523,0.034620620689485015,False,
NFL,gdf_only,,,,,,,,3673.0
NH,stitched,2562.0,1579.0,983.0,2023-12-29,0.0,6.085258704848684,False,
NHPC,stitched,4138.0,1579.0,2559.0,2023-12-29,0.0,0.20876826722338038,False,
NIACL,stitched,2104.0,1579.0,525.0,2023-12-29,0.0,-0.36913990402362984,False,
NIVABUPA,kite_only,,367.0,,,,,,
NLCINDIA,stitched,4258.0,1579.0,2679.0,2023-12-29,0.0,0.17497812773403787,False,
NMDC,stitched,4258.0,1579.0,2679.0,2023-12-29,-5.9816828849456165,-61.831372211471745,True,
NSLNISP,no_pre_history,,797.0,,,0.0,,,
NTPC,stitched,4258.0,1579.0,2679.0,2023-12-29,0.0,2.0999580008399743,False,
NTPCGREEN,kite_only,,360.0,,,,,,
NUVAMA,no_pre_history,,650.0,,,0.0,,,
NUVOCO,no_pre_history,,1170.0,,,0.0,,,
NYKAA,no_pre_history,,1116.0,,,0.0,,,
OBEROIRLTY,stitched,3856.0,1579.0,2277.0,2023-12-29,0.0,-1.4510505983228006,False,
OFSS,stitched,4258.0,1579.0,2679.0,2023-12-29,-8.623718192176232,-3.3910135544512943,True,
OIL,stitched,4119.0,1579.0,2540.0,2023-12-29,0.0,-0.5879470847623636,False,
OLAELEC,kite_only,,434.0,,,,,,
OLECTRA,stitched,4252.0,1579.0,2673.0,2023-12-29,0.0,-0.6000000000000116,False,
ONESOURCE,kite_only,,318.0,,,,,,
ONGC,stitched,4258.0,1579.0,2679.0,2023-12-29,-4.7305535235308565,-3.9174987719127974,False,
OPTIEMUS,gdf_only,,,,,,,,1584.0
ORIENTCEM,gdf_only,,,,,,,,2585.0
ORKLAINDIA,no_data,,,,,,,,
OSWALPUMPS,no_data,,,,,,,,
PAGEIND,stitched,4256.0,1579.0,2677.0,2023-12-29,0.0,0.8936395774822525,False,
PARADEEP,gdf_only,,,,,,,,396.0
PARAS,gdf_only,,,,,,,,557.0
PARKHOSPS,no_data,,,,,,,,
PATANJALI,no_pre_history,,1561.0,,,0.0,,,
PAYTM,no_pre_history,,1109.0,,,0.0,,,
PCBL,stitched,4257.0,1579.0,2678.0,2023-12-29,0.0,3.6811887875717764,False,
PCJEWELLER,gdf_only,,,,,,,,2719.0
PERSISTENT,stitched,3995.0,1579.0,2416.0,2023-12-29,0.0,4.776030851379409,False,
PETRONET,stitched,4258.0,1579.0,2679.0,2023-12-29,-4.4913541432741955,-3.9917159778371514,False,
PFC,stitched,4258.0,1579.0,2679.0,2023-12-29,0.0,0.40288379983037803,False,
PFIZER,stitched,4258.0,1579.0,2679.0,2023-12-29,0.0,0.13373730679102636,False,
PFOCUS,gdf_only,,,,,,,,3672.0
PGEL,stitched,3620.0,1579.0,2041.0,2023-12-29,0.0,-0.877192982456132,False,
PGHH,stitched,4257.0,1579.0,2678.0,2023-12-29,0.0,-0.3354590722460027,False,
PGIL,gdf_only,,,,,,,,3667.0
PHOENIXLTD,stitched,4258.0,1579.0,2679.0,2023-12-29,0.0,1.320845341018262,False,
PICCADIL,no_data,,,,,,,,
PIDILITIND,stitched,4257.0,1579.0,2678.0,2023-12-29,0.0,1.3412171906547643,False,
PIIND,stitched,3688.0,1579.0,2109.0,2023-12-29,0.0,0.3665537035756339,False,
PINELABS,no_data,,,,,,,,
PIRAMALFIN,no_data,,,,,,,,
PNB,stitched,4258.0,1579.0,2679.0,2023-12-29,-2.8198433420365543,0.5509983478817482,False,
PNBHOUSING,stitched,2357.0,1579.0,778.0,2023-12-29,0.0,-15.108245048364799,False,
PNCINFRA,gdf_only,,,,,,,,2130.0
PNGJL,no_data,,,,,,,,
POLICYBZR,no_pre_history,,1113.0,,,0.0,,,
POLYCAB,stitched,1751.0,1579.0,172.0,2023-12-29,0.0,0.16628873771731278,False,
POLYMED,stitched,3571.0,1579.0,1992.0,2023-12-29,0.0,-0.32102728731943087,False,
POONAWALLA,stitched,4253.0,1579.0,2674.0,2023-12-29,0.0,-1.2999071494893322,False,
POWERGRID,stitched,4258.0,1579.0,2679.0,2023-12-29,0.0,-0.53261072696692,False,
POWERINDIA,no_pre_history,,1517.0,,,0.0,,,
POWERMECH,gdf_only,,,,,,,,2065.0
PPLPHARMA,no_pre_history,,882.0,,,0.0,,,
PRAJIND,stitched,4258.0,1579.0,2679.0,2023-12-29,0.0,4.778156996587035,False,
PREMIERENE,kite_only,,418.0,,,,,,
PRESTIGE,stitched,3851.0,1579.0,2272.0,2023-12-29,0.0,-1.4925373134328401,False,
PRICOLLTD,gdf_only,,,,,,,,1705.0
PRIVISCL,gdf_only,,,,,,,,2142.0
PRSMJOHNSN,gdf_only,,,,,,,,3672.0
PRUDENT,gdf_only,,,,,,,,401.0
PTC,gdf_only,,,,,,,,3648.0
PTCIL,no_pre_history,,724.0,,,0.0,,,
PURVA,gdf_only,,,,,,,,3673.0
PVRINOX,stitched,4258.0,1579.0,2679.0,2023-12-29,0.0,-1.7225031605562657,False,
PWL,no_data,,,,,,,,
QPOWER,no_data,,,,,,,,
QUESS,gdf_only,,,,,,,,1851.0
RADICO,stitched,4258.0,1579.0,2679.0,2023-12-29,0.0,2.360446570972874,False,
RAILTEL,no_pre_history,,1288.0,,,0.0,,,
RAIN,gdf_only,,,,,,,,3668.0
RAINBOW,no_pre_history,,994.0,,,0.0,,,
RALLIS,gdf_only,,,,,,,,3673.0
RAMCOCEM,stitched,4257.0,1579.0,2678.0,2023-12-29,0.0,-0.16563970052342336,False,
RATEGAIN,gdf_only,,,,,,,,505.0
RATNAMANI,gdf_only,,,,,,,,3671.0
RAYMONDLSL,no_data,,,,,,,,
RBA,gdf_only,,,,,,,,755.0
RBLBANK,stitched,2401.0,1579.0,822.0,2023-12-29,0.0,0.8989415687980173,False,
RCF,stitched,4258.0,1579.0,2679.0,2023-12-29,0.0,-0.5353319057815886,False,
RECLTD,stitched,4258.0,1579.0,2679.0,2023-12-29,0.0,0.5776576912326581,False,
REDINGTON,stitched,4256.0,1579.0,2677.0,2023-12-29,0.0,-0.7640067911714676,False,
REDTAPE,gdf_only,,,,,,,,95.0
REFEX,gdf_only,,,,,,,,3333.0
RELAXO,gdf_only,,,,,,,,3102.0
RELIANCE,stitched,4258.0,1579.0,2679.0,2023-12-29,0.0,4.684999272515644,False,
RELIGARE,gdf_only,,,,,,,,3673.0
RELINFRA,stitched,4220.0,1541.0,2679.0,2023-12-29,0.16682554814109185,4.757210997651518,False,
RENUKA,gdf_only,,,,,,,,3673.0
RHIM,stitched,3504.0,1579.0,1925.0,2023-12-29,0.0,1.7547568710359451,False,
RITES,stitched,1946.0,1579.0,367.0,2023-12-29,0.0,1.6013252346769757,False,
RKFORGE,stitched,4200.0,1579.0,2621.0,2023-12-29,0.0,-2.0084011551588343,False,
ROUTE,gdf_only,,,,,,,,813.0
RPOWER,stitched,4258.0,1579.0,2679.0,2023-12-29,0.0,4.285714285714293,False,
RRKABEL,no_pre_history,,654.0,,,0.0,,,
RTNINDIA,gdf_only,,,,,,,,2794.0
RTNPOWER,gdf_only,,,,,,,,3508.0
RUBICON,no_data,,,,,,,,
RVNL,stitched,1754.0,1579.0,175.0,2023-12-29,0.0,0.21786492374729072,False,
SAATVIKGL,no_data,,,,,,,,
SAFARI,gdf_only,,,,,,,,1068.0
SAGILITY,kite_only,,369.0,,,,,,
SAIL,stitched,4270.0,1579.0,2691.0,2023-12-29,0.0,0.0,False,
SAILIFE,kite_only,,345.0,,,,,,
SAMHI,gdf_only,,,,,,,,67.0
SAMMAANCAP,kite_only,,1579.0,,,,,,
SANDUMA,gdf_only,,,,,,,,77.0
SANOFICONR,no_data,,,,,,,,
SANSERA,gdf_only,,,,,,,,562.0
SAPPHIRE,no_pre_history,,1110.0,,,0.0,,,
SARDAEN,stitched,4076.0,1579.0,2497.0,2023-12-29,0.0,2.616147947677039,False,
SAREGAMA,stitched,4258.0,1579.0,2679.0,2023-12-29,0.0,-6.380510440835263,False,
SBFC,no_pre_history,,678.0,,,0.0,,,
SBICARD,no_pre_history,,1527.0,,,0.0,,,
SBILIFE,stitched,2132.0,1579.0,553.0,2023-12-29,0.0,1.5391014975041584,False,
SBIN,stitched,4258.0,1579.0,2679.0,2023-12-29,0.0,0.20973782771536165,False,
SCHAEFFLER,stitched,4257.0,1579.0,2678.0,2023-12-29,0.0,-1.1166055192215696,False,
SCHNEIDER,stitched,3494.0,1579.0,1915.0,2023-12-29,0.0,0.0753579502637658,False,
SCI,stitched,4258.0,1579.0,2679.0,2023-12-29,-2.971147943523633,-40.55642406109563,False,
SENCO,gdf_only,,,,,,,,115.0
SFL,gdf_only,,,,,,,,1749.0
SHAILY,gdf_only,,,,,,,,432.0
SHAKTIPUMP,gdf_only,,,,,,,,3012.0
SHARDACROP,gdf_only,,,,,,,,2291.0
SHAREINDIA,gdf_only,,,,,,,,813.0
SHILPAMED,gdf_only,,,,,,,,3490.0
SHREECEM,stitched,4258.0,1579.0,2679.0,2023-12-29,0.0,-0.21631363266949588,False,
SHRIPISTON,gdf_only,,,,,,,,1856.0
SHRIRAMFIN,stitched,4258.0,1579.0,2679.0,2023-12-29,0.0,-4.931682322801024,False,
SHYAMMETL,no_pre_history,,1210.0,,,0.0,,,
SIEMENS,stitched,4258.0,1579.0,2679.0,2023-12-29,-23.82040897458195,-0.3622181672042313,True,
SIGNATURE,no_pre_history,,649.0,,,0.0,,,
SJVN,stitched,3964.0,1579.0,2385.0,2023-12-29,0.0,1.1787819253438192,False,
SKFINDIA,stitched,4257.0,1579.0,2678.0,2023-12-29,-53.120584335123155,0.9375753396603459,True,
SKFINDUS,no_data,,,,,,,,
SKIPPER,gdf_only,,,,,,,,2129.0
SKYGOLD,gdf_only,,,,,,,,242.0
SMARTWORKS,no_data,,,,,,,,
SMLMAH,no_data,,,,,,,,
SOBHA,stitched,4258.0,1579.0,2679.0,2023-12-29,-2.668154610936402,-0.04794403725241203,False,
SOLARINDS,stitched,4255.0,1579.0,2676.0,2023-12-29,0.0,0.9760927995473345,False,
SONACOMS,no_pre_history,,1210.0,,,0.0,,,
SONATSOFTW,stitched,4257.0,1579.0,2678.0,2023-12-29,0.0,1.1642949547218562,False,
SOUTHBANK,gdf_only,,,,,,,,3673.0
SPARC,gdf_only,,,,,,,,3673.0
SPLPETRO,gdf_only,,,,,,,,399.0
SRF,stitched,4258.0,1579.0,2679.0,2023-12-29,0.0,0.09894939029713168,False,
STAR,gdf_only,,,,,,,,3672.0
STARCEMENT,gdf_only,,,,,,,,1620.0
STARHEALTH,no_pre_history,,1095.0,,,0.0,,,
STLTECH,gdf_only,,,,,,,,3673.0
STYL,no_data,,,,,,,,
STYRENIX,gdf_only,,,,,,,,3668.0
SUBROS,gdf_only,,,,,,,,3672.0
SUDARSCHEM,gdf_only,,,,,,,,3621.0
SUDEEPPHRM,no_data,,,,,,,,
SUMICHEM,no_pre_history,,1561.0,,,0.0,,,
SUNDARMFIN,stitched,4257.0,1579.0,2678.0,2023-12-29,0.0,0.7910228108903627,False,
SUNDRMFAST,stitched,4258.0,1579.0,2679.0,2023-12-29,0.0,0.5499450054994526,False,
SUNPHARMA,stitched,4258.0,1579.0,2679.0,2023-12-29,0.0,0.4045775054906997,False,
SUNTECK,gdf_only,,,,,,,,3505.0
SUNTV,stitched,4258.0,1579.0,2679.0,2023-12-29,0.0,-0.5092802172928956,False,
SUPREMEIND,stitched,4258.0,1579.0,2679.0,2023-12-29,0.0,-1.1575479060088378,False,
SUPRIYA,gdf_only,,,,,,,,498.0
SURYAROSNI,gdf_only,,,,,,,,3672.0
SUZLON,stitched,4258.0,1579.0,2679.0,2023-12-29,0.0,-5.405405405405405,False,
SWANCORP,kite_only,,1579.0,,,,,,
SWIGGY,kite_only,,368.0,,,,,,
SWSOLAR,gdf_only,,,,,,,,1083.0
SYNGENE,stitched,2661.0,1579.0,1082.0,2023-12-29,0.0,0.6715602061533765,False,
SYRMA,no_pre_history,,918.0,,,0.0,,,
TANLA,gdf_only,,,,,,,,3673.0
TARC,gdf_only,,,,,,,,751.0
TARIL,kite_only,,1579.0,,,,,,
TATACAP,no_data,,,,,,,,
TATACHEM,stitched,4258.0,1579.0,2679.0,2023-12-29,0.0,-0.02998051266677182,False,
TATACOMM,stitched,4258.0,1579.0,2679.0,2023-12-29,0.0,0.604610152412155,False,
TATACONSUM,stitched,4258.0,1579.0,2679.0,2023-12-29,-1.2283768862716093,0.7710677354793916,False,
TATAELXSI,stitched,4258.0,1579.0,2679.0,2023-12-29,0.0,0.23003813790181127,False,
TATAINVEST,stitched,4258.0,1579.0,2679.0,2023-12-29,-0.04670714619336991,0.2943693902100586,False,
TATAPOWER,stitched,4258.0,1579.0,2679.0,2023-12-29,0.0,1.9469026548672552,False,
TATASTEEL,stitched,4258.0,1579.0,2679.0,2023-12-29,-4.799426934097417,-6.1526443993827336,False,
TATATECH,no_pre_history,,606.0,,,0.0,,,
TBOTEK,kite_only,,494.0,,,,,,
TCS,stitched,4258.0,1579.0,2679.0,2023-12-29,0.0,0.2729333395013134,False,
TDPOWERSYS,gdf_only,,,,,,,,3040.0
TECHM,stitched,4258.0,1579.0,2679.0,2023-12-29,-3.956311633206311,-1.5353648902175054,False,
TECHNOE,stitched,1843.0,1579.0,264.0,2023-12-29,0.0,-1.3106624158696345,False,
TEGA,gdf_only,,,,,,,,509.0
TEJASNET,stitched,2199.0,1579.0,620.0,2023-12-29,0.0,-3.2088374539715914,False,
TENNIND,no_data,,,,,,,,
TEXRAIL,gdf_only,,,,,,,,3179.0
THANGAMAYL,gdf_only,,,,,,,,3434.0
THELEELA,kite_only,,234.0,,,,,,
THERMAX,stitched,4258.0,1579.0,2679.0,2023-12-29,0.0,3.1359689636061283,False,
THOMASCOOK,gdf_only,,,,,,,,3673.0
THYROCARE,gdf_only,,,,,,,,1896.0
TI,gdf_only,,,,,,,,3338.0
TIINDIA,stitched,2111.0,1579.0,532.0,2023-12-29,0.0,1.8583887043189362,False,
TIMETECHNO,gdf_only,,,,,,,,3673.0
TIMKEN,stitched,4257.0,1579.0,2678.0,2023-12-29,0.0,0.5585683297180122,False,
TIPSMUSIC,no_data,,,,,,,,
TITAGARH,stitched,4258.0,1579.0,2679.0,2023-12-29,0.0,4.989816700610983,False,
TITAN,stitched,4258.0,1579.0,2679.0,2023-12-29,0.0,-2.794730417946889,False,
TMB,gdf_only,,,,,,,,320.0
TMCV,no_data,,,,,,,,
TMPV,kite_only,,1579.0,,,,,,
TORNTPHARM,stitched,4257.0,1579.0,2678.0,2023-12-29,0.0,-0.2898770185932209,False,
TORNTPOWER,stitched,4258.0,1579.0,2679.0,2023-12-29,0.0,0.5457746478873204,False,
TRANSRAILL,no_data,,,,,,,,
TRAVELFOOD,no_data,,,,,,,,
TRENT,stitched,4257.0,1579.0,2678.0,2023-12-29,0.0,0.47424831641846854,False,
TRIDENT,stitched,4257.0,1579.0,2678.0,2023-12-29,0.0,0.0,False,
TRITURBINE,stitched,3600.0,1579.0,2021.0,2023-12-29,0.0,0.0,False,
TRIVENI,stitched,4258.0,1579.0,2679.0,2023-12-29,0.0,3.232607167955015,False,
TSFINV,no_data,,,,,,,,
TTML,stitched,4258.0,1579.0,2679.0,2023-12-29,0.0,2.2727272727272707,False,
TVSMOTOR,stitched,4258.0,1579.0,2679.0,2023-12-29,0.0,0.032020493115592075,False,
TVSSCS,gdf_only,,,,,,,,88.0
UBL,stitched,4258.0,1579.0,2679.0,2023-12-29,0.0,0.2913271131057771,False,
UCOBANK,stitched,4258.0,1579.0,2679.0,2023-12-29,0.0,-0.29940119760479833,False,
UJJIVANSFB,gdf_only,,,,,,,,1007.0
ULTRACEMCO,stitched,4258.0,1579.0,2679.0,2023-12-29,0.0,0.468358028200333,False,
UNIONBANK,stitched,4258.0,1579.0,2679.0,2023-12-29,-6.196473551637272,-4.132594259371059,True,
UNITDSPR,kite_only,,1579.0,,,,,,
UNOMINDA,stitched,4238.0,1579.0,2659.0,2023-12-29,0.0,1.745012220769615,False,
UPL,stitched,4256.0,1579.0,2677.0,2023-12-29,-4.078331204767993,0.648848128095203,False,
URBANCO,no_data,,,,,,,,
USHAMART,stitched,4258.0,1579.0,2679.0,2023-12-29,0.0,2.4074074074073915,False,
UTIAMC,no_pre_history,,1384.0,,,0.0,,,
UTLSOLAR,no_data,,,,,,,,
V2RETAIL,gdf_only,,,,,,,,3645.0
VAIBHAVGBL,gdf_only,,,,,,,,3664.0
VARROC,gdf_only,,,,,,,,1357.0
VBL,stitched,2356.0,1579.0,777.0,2023-12-29,0.0,-1.3492063492063555,False,
VEDL,stitched,4249.0,1579.0,2670.0,2023-12-29,-65.98336878746858,-8.80929282585683,True,
VENTIVE,kite_only,,338.0,,,,,,
VGUARD,stitched,4257.0,1579.0,2678.0,2023-12-29,0.0,0.02351834430855959,False,
VIJAYA,no_pre_history,,1155.0,,,0.0,,,
VIKRAMSOLR,no_data,,,,,,,,
VIPIND,gdf_only,,,,,,,,3672.0
VIYASH,no_data,,,,,,,,
VMART,gdf_only,,,,,,,,2679.0
VMM,kite_only,,345.0,,,,,,
VOLTAMP,gdf_only,,,,,,,,3673.0
VOLTAS,stitched,4258.0,1579.0,2679.0,2023-12-29,0.0,-0.9100561201274115,False,
VTL,stitched,4257.0,1579.0,2678.0,2023-12-29,0.0,0.2317497103128563,False,
WAAREEENER,kite_only,,380.0,,,,,,
WAAREERTL,no_data,,,,,,,,
WABAG,gdf_only,,,,,,,,3275.0
WAKEFIT,no_data,,,,,,,,
WEBELSOLAR,gdf_only,,,,,,,,3548.0
WELCORP,stitched,4258.0,1579.0,2679.0,2023-12-29,0.0,1.8024263431542398,False,
WELENT,gdf_only,,,,,,,,3669.0
WELSPUNLIV,stitched,4257.0,1579.0,2678.0,2023-12-29,0.0,2.5000000000000133,False,
WESTLIFE,gdf_only,,,,,,,,1083.0
WEWORK,no_data,,,,,,,,
WHIRLPOOL,stitched,4053.0,1579.0,2474.0,2023-12-29,0.0,-1.6958078786602049,False,
WIPRO,stitched,4258.0,1579.0,2679.0,2023-12-29,-1.9520475281137206,0.7876008789251987,False,
WOCKPHARMA,stitched,4258.0,1579.0,2679.0,2023-12-29,0.0,-7.394742466338955,False,
YATHARTH,gdf_only,,,,,,,,99.0
YESBANK,stitched,4258.0,1579.0,2679.0,2023-12-29,0.0,-0.6389776357827559,False,
ZAGGLE,gdf_only,,,,,,,,67.0
ZEEL,stitched,4258.0,1579.0,2679.0,2023-12-29,-2.056789224608657,-1.2125025805680867,False,
ZENSARTECH,stitched,4258.0,1579.0,2679.0,2023-12-29,0.0,0.45819014891179677,False,
ZENTEC,stitched,2752.0,1579.0,1173.0,2023-12-29,0.0,-0.8857395925597866,False,
ZFCVINDIA,stitched,4255.0,1579.0,2676.0,2023-12-29,0.0,0.5539140430324885,False,
ZYDUSLIFE,stitched,4257.0,1579.0,2678.0,2023-12-29,0.0,-0.019661816751870287,False,
ZYDUSWELL,gdf_only,,,,,,,,3505.0
