window,start,end,n_days,yrs,cagr_pct,vol_pct,sharpe,sharpe_ar,sortino,max_dd_pct,calmar,n_trades,rt_per_year,hit_rate_pct,avg_hold_days,cost_pct_pv_yr,arm,bear_pct,lookback,confirm
BEAR_2018,2018-01-15,2019-12-31,696,1.96,-8.12,7.85,-1.03,-0.73,-1.04,-20.19,-0.4,1346,152.2,11.4,44.4,2.51,roc10_c1,38.0,10,1
COVID,2020-01-01,2020-12-31,252,1.0,18.35,13.54,1.36,1.32,1.65,-14.2,1.29,594,126.1,8.7,51.5,2.13,roc10_c1,38.0,10,1
POST2021,2021-01-01,2026-08-21,1398,5.63,15.87,13.06,1.22,1.21,1.34,-19.99,0.79,4017,121.2,8.8,63.5,2.02,roc10_c1,38.0,10,1
EVAL,2015-07-01,2026-08-21,3473,11.11,12.44,11.22,1.11,0.9,1.14,-23.15,0.54,8139,134.6,10.6,54.0,2.26,roc10_c1,38.0,10,1
BEAR_2018,2018-01-15,2019-12-31,696,1.96,-6.87,8.64,-0.79,-0.54,-0.81,-21.14,-0.32,1418,159.9,14.1,43.6,2.65,roc10_c2,37.8,10,2
COVID,2020-01-01,2020-12-31,252,1.0,20.35,14.69,1.39,1.34,1.66,-14.64,1.39,551,126.1,17.5,51.8,2.11,roc10_c2,37.8,10,2
POST2021,2021-01-01,2026-08-21,1398,5.63,19.57,13.62,1.44,1.4,1.6,-17.77,1.1,3937,120.0,9.3,63.9,2.0,roc10_c2,37.8,10,2
EVAL,2015-07-01,2026-08-21,3473,11.11,14.99,11.79,1.27,1.01,1.31,-21.37,0.7,8074,135.8,12.1,53.9,2.28,roc10_c2,37.8,10,2
BEAR_2018,2018-01-15,2019-12-31,696,1.96,-6.84,9.26,-0.74,-0.5,-0.76,-21.28,-0.32,1296,166.5,15.3,43.1,2.75,roc10_c3,36.2,10,3
COVID,2020-01-01,2020-12-31,252,1.0,18.52,14.56,1.27,1.24,1.51,-14.87,1.25,509,124.1,16.1,51.2,2.04,roc10_c3,36.2,10,3
POST2021,2021-01-01,2026-08-21,1398,5.63,21.43,14.45,1.48,1.44,1.69,-19.74,1.09,4065,126.9,11.2,62.4,2.13,roc10_c3,36.2,10,3
EVAL,2015-07-01,2026-08-21,3473,11.11,17.1,12.37,1.38,1.09,1.46,-21.39,0.8,8067,141.0,14.2,53.0,2.37,roc10_c3,36.2,10,3
BEAR_2018,2018-01-15,2019-12-31,696,1.96,-11.27,9.82,-1.15,-0.81,-1.07,-27.31,-0.41,1424,165.0,14.6,44.0,2.71,roc10_c5,35.9,10,5
COVID,2020-01-01,2020-12-31,252,1.0,33.84,13.94,2.43,2.17,2.9,-6.28,5.39,345,108.1,21.3,53.0,1.81,roc10_c5,35.9,10,5
POST2021,2021-01-01,2026-08-21,1398,5.63,25.26,15.11,1.67,1.59,1.91,-19.75,1.28,3160,121.2,15.5,63.2,2.02,roc10_c5,35.9,10,5
EVAL,2015-07-01,2026-08-21,3473,11.11,20.4,12.77,1.6,1.24,1.67,-27.31,0.75,6325,133.6,18.7,53.8,2.23,roc10_c5,35.9,10,5
BEAR_2018,2018-01-15,2019-12-31,696,1.96,-8.53,9.8,-0.87,-0.6,-0.83,-25.01,-0.34,1009,145.6,21.8,45.9,2.34,roc10_c8,31.7,10,8
COVID,2020-01-01,2020-12-31,252,1.0,41.32,17.71,2.33,2.05,2.81,-11.29,3.66,418,120.1,23.3,52.0,1.95,roc10_c8,31.7,10,8
POST2021,2021-01-01,2026-08-21,1398,5.63,34.91,17.78,1.96,1.8,2.23,-17.83,1.96,2602,121.0,23.8,63.2,2.0,roc10_c8,31.7,10,8
EVAL,2015-07-01,2026-08-21,3473,11.11,25.36,15.19,1.67,1.28,1.67,-25.01,1.01,5768,134.1,25.5,53.8,2.21,roc10_c8,31.7,10,8
BEAR_2018,2018-01-15,2019-12-31,696,1.96,-10.8,8.32,-1.3,-0.93,-1.3,-25.25,-0.43,1510,168.6,10.6,42.8,2.79,roc15_c1,36.5,15,1
COVID,2020-01-01,2020-12-31,252,1.0,30.23,13.51,2.24,2.03,2.83,-6.78,4.46,469,120.1,18.3,52.7,1.97,roc15_c1,36.5,15,1
POST2021,2021-01-01,2026-08-21,1398,5.63,20.93,14.16,1.48,1.44,1.69,-21.08,0.99,3151,118.6,13.3,63.1,1.98,roc15_c1,36.5,15,1
EVAL,2015-07-01,2026-08-21,3473,11.11,16.87,11.99,1.41,1.11,1.48,-25.25,0.67,6772,133.6,15.2,53.5,2.24,roc15_c1,36.5,15,1
BEAR_2018,2018-01-15,2019-12-31,696,1.96,-11.53,8.71,-1.32,-0.95,-1.29,-28.66,-0.4,1650,165.5,10.2,42.8,2.73,roc15_c2,36.5,15,2
COVID,2020-01-01,2020-12-31,252,1.0,29.51,13.48,2.19,1.99,2.67,-6.3,4.69,440,116.1,19.0,52.3,1.91,roc15_c2,36.5,15,2
POST2021,2021-01-01,2026-08-21,1398,5.63,22.14,15.49,1.43,1.39,1.6,-22.01,1.01,3037,120.3,16.4,63.0,2.01,roc15_c2,36.5,15,2
EVAL,2015-07-01,2026-08-21,3473,11.11,16.67,12.67,1.32,1.05,1.34,-28.66,0.58,6838,132.9,17.1,53.3,2.22,roc15_c2,36.5,15,2
BEAR_2018,2018-01-15,2019-12-31,696,1.96,-6.82,8.99,-0.76,-0.51,-0.75,-24.78,-0.28,1389,158.9,15.4,43.6,2.61,roc15_c3,35.9,15,3
COVID,2020-01-01,2020-12-31,252,1.0,28.6,15.39,1.86,1.72,2.17,-10.58,2.7,532,120.1,19.2,53.4,1.97,roc15_c3,35.9,15,3
POST2021,2021-01-01,2026-08-21,1398,5.63,25.55,16.81,1.52,1.46,1.68,-21.57,1.18,2833,121.6,21.2,62.4,2.02,roc15_c3,35.9,15,3
EVAL,2015-07-01,2026-08-21,3473,11.11,18.73,13.95,1.34,1.06,1.32,-24.78,0.76,6631,135.4,20.1,53.2,2.26,roc15_c3,35.9,15,3
BEAR_2018,2018-01-15,2019-12-31,696,1.96,-9.76,10.37,-0.94,-0.65,-0.88,-29.25,-0.33,1033,154.8,22.8,44.4,2.52,roc15_c5,34.8,15,5
COVID,2020-01-01,2020-12-31,252,1.0,32.3,16.49,1.96,1.79,2.31,-11.38,2.84,473,118.1,22.9,53.0,1.95,roc15_c5,34.8,15,5
POST2021,2021-01-01,2026-08-21,1398,5.63,29.05,17.33,1.68,1.58,1.85,-22.69,1.28,2277,117.3,23.3,63.3,1.94,roc15_c5,34.8,15,5
EVAL,2015-07-01,2026-08-21,3473,11.11,21.53,14.66,1.47,1.15,1.44,-29.25,0.74,5201,130.9,23.9,53.8,2.16,roc15_c5,34.8,15,5
BEAR_2018,2018-01-15,2019-12-31,696,1.96,-11.04,10.48,-1.05,-0.74,-0.95,-28.96,-0.38,953,138.4,21.4,46.4,2.26,roc15_c8,35.1,15,8
COVID,2020-01-01,2020-12-31,252,1.0,41.83,17.71,2.36,2.07,2.84,-11.49,3.64,445,120.1,23.3,52.3,1.97,roc15_c8,35.1,15,8
POST2021,2021-01-01,2026-08-21,1398,5.63,33.26,17.75,1.87,1.73,2.13,-18.28,1.82,2210,117.1,26.2,63.6,1.92,roc15_c8,35.1,15,8
EVAL,2015-07-01,2026-08-21,3473,11.11,25.33,15.23,1.66,1.27,1.66,-28.96,0.87,5170,130.2,27.0,54.1,2.14,roc15_c8,35.1,15,8
BEAR_2018,2018-01-15,2019-12-31,696,1.96,-10.75,8.48,-1.27,-0.91,-1.23,-26.7,-0.4,1233,153.3,10.7,44.8,2.53,roc21_c1,35.0,21,1
COVID,2020-01-01,2020-12-31,252,1.0,26.5,13.68,1.94,1.79,2.34,-6.55,4.05,444,116.1,16.4,51.2,1.91,roc21_c1,35.0,21,1
POST2021,2021-01-01,2026-08-21,1398,5.63,21.82,15.51,1.41,1.37,1.55,-20.77,1.05,2574,118.2,19.7,62.8,1.97,roc21_c1,35.0,21,1
EVAL,2015-07-01,2026-08-21,3473,11.11,16.85,12.79,1.32,1.05,1.33,-26.7,0.63,6115,131.2,18.7,53.6,2.19,roc21_c1,35.0,21,1
BEAR_2018,2018-01-15,2019-12-31,696,1.96,-9.93,9.05,-1.1,-0.77,-1.07,-26.3,-0.38,1447,167.6,14.0,42.4,2.77,roc21_c2,35.0,21,2
COVID,2020-01-01,2020-12-31,252,1.0,27.15,15.5,1.75,1.63,2.05,-10.48,2.59,466,120.1,18.3,53.0,1.97,roc21_c2,35.0,21,2
POST2021,2021-01-01,2026-08-21,1398,5.63,25.62,16.47,1.56,1.49,1.77,-21.3,1.2,2842,121.6,23.1,62.1,2.01,roc21_c2,35.0,21,2
EVAL,2015-07-01,2026-08-21,3473,11.11,18.93,13.56,1.4,1.1,1.43,-26.3,0.72,6339,135.2,21.0,52.9,2.26,roc21_c2,35.0,21,2
BEAR_2018,2018-01-15,2019-12-31,696,1.96,-6.69,9.48,-0.71,-0.47,-0.71,-22.79,-0.29,1273,159.4,15.4,43.7,2.63,roc21_c3,34.7,21,3
COVID,2020-01-01,2020-12-31,252,1.0,30.6,16.5,1.85,1.71,2.15,-11.43,2.68,424,120.1,20.0,53.0,1.95,roc21_c3,34.7,21,3
POST2021,2021-01-01,2026-08-21,1398,5.63,27.25,16.91,1.61,1.53,1.85,-21.92,1.24,2747,121.8,23.8,62.2,2.01,roc21_c3,34.7,21,3
EVAL,2015-07-01,2026-08-21,3473,11.11,21.39,13.98,1.53,1.19,1.58,-22.79,0.94,6097,134.3,21.8,53.3,2.24,roc21_c3,34.7,21,3
BEAR_2018,2018-01-15,2019-12-31,696,1.96,-5.68,10.21,-0.56,-0.36,-0.56,-26.22,-0.22,1035,157.3,22.4,43.5,2.53,roc21_c5,34.9,21,5
COVID,2020-01-01,2020-12-31,252,1.0,58.44,18.52,3.16,2.59,4.01,-11.77,4.97,279,115.1,29.6,52.9,1.78,roc21_c5,34.9,21,5
POST2021,2021-01-01,2026-08-21,1398,5.63,31.37,17.08,1.84,1.71,2.13,-20.94,1.5,2429,120.2,26.4,63.3,1.98,roc21_c5,34.9,21,5
EVAL,2015-07-01,2026-08-21,3473,11.11,26.76,14.53,1.84,1.39,1.94,-26.22,1.02,5353,133.2,27.0,53.2,2.18,roc21_c5,34.9,21,5
BEAR_2018,2018-01-15,2019-12-31,696,1.96,-10.58,11.0,-0.96,-0.67,-0.89,-28.25,-0.37,956,151.2,24.3,45.1,2.47,roc21_c8,32.5,21,8
COVID,2020-01-01,2020-12-31,252,1.0,41.69,20.45,2.04,1.81,2.34,-21.46,1.94,349,126.1,30.2,51.2,1.94,roc21_c8,32.5,21,8
POST2021,2021-01-01,2026-08-21,1398,5.63,31.0,18.51,1.67,1.58,1.88,-22.36,1.39,2114,117.3,26.8,64.3,1.93,roc21_c8,32.5,21,8
EVAL,2015-07-01,2026-08-21,3473,11.11,26.15,16.01,1.63,1.25,1.61,-28.68,0.91,4463,131.7,30.0,54.1,2.14,roc21_c8,32.5,21,8
BEAR_2018,2018-01-15,2019-12-31,696,1.96,-9.69,9.22,-1.05,-0.74,-0.99,-29.29,-0.33,1158,151.2,18.6,44.7,2.43,roc31_c1,31.8,31,1
COVID,2020-01-01,2020-12-31,252,1.0,29.42,16.54,1.78,1.65,2.09,-14.95,1.97,400,123.1,21.1,50.1,2.02,roc31_c1,31.8,31,1
POST2021,2021-01-01,2026-08-21,1398,5.63,27.79,16.97,1.64,1.56,1.79,-17.82,1.56,2368,112.5,22.7,64.8,1.86,roc31_c1,31.8,31,1
EVAL,2015-07-01,2026-08-21,3473,11.11,22.11,14.47,1.53,1.19,1.5,-29.29,0.75,5456,130.7,23.8,54.0,2.15,roc31_c1,31.8,31,1
BEAR_2018,2018-01-15,2019-12-31,696,1.96,-9.6,9.76,-0.98,-0.68,-0.91,-29.09,-0.33,1065,149.2,23.3,44.8,2.41,roc31_c2,31.3,31,2
COVID,2020-01-01,2020-12-31,252,1.0,37.02,17.85,2.07,1.86,2.47,-14.95,2.48,411,123.1,28.5,50.9,1.94,roc31_c2,31.3,31,2
POST2021,2021-01-01,2026-08-21,1398,5.63,30.68,17.97,1.71,1.6,1.89,-18.67,1.64,2548,115.0,24.8,64.1,1.91,roc31_c2,31.3,31,2
EVAL,2015-07-01,2026-08-21,3473,11.11,26.91,15.4,1.75,1.33,1.73,-29.09,0.93,5344,131.5,28.9,53.9,2.14,roc31_c2,31.3,31,2
BEAR_2018,2018-01-15,2019-12-31,696,1.96,-7.86,9.96,-0.79,-0.53,-0.74,-26.42,-0.3,1047,153.3,24.7,44.3,2.47,roc31_c3,31.3,31,3
COVID,2020-01-01,2020-12-31,252,1.0,40.83,18.29,2.23,1.97,2.72,-15.16,2.69,388,123.1,28.5,50.9,1.94,roc31_c3,31.3,31,3
POST2021,2021-01-01,2026-08-21,1398,5.63,30.73,18.31,1.68,1.58,1.88,-17.9,1.72,2367,117.8,26.1,63.0,1.94,roc31_c3,31.3,31,3
EVAL,2015-07-01,2026-08-21,3473,11.11,28.4,15.59,1.82,1.37,1.83,-26.42,1.08,4950,132.3,30.1,53.5,2.15,roc31_c3,31.3,31,3
BEAR_2018,2018-01-15,2019-12-31,696,1.96,-11.05,10.72,-1.03,-0.72,-0.92,-31.3,-0.35,922,144.1,23.0,44.8,2.34,roc31_c5,30.6,31,5
COVID,2020-01-01,2020-12-31,252,1.0,62.37,20.81,3.0,2.44,3.67,-18.77,3.32,269,122.1,41.0,49.6,1.7,roc31_c5,30.6,31,5
POST2021,2021-01-01,2026-08-21,1398,5.63,33.56,19.15,1.75,1.63,1.99,-21.79,1.54,2274,120.0,30.8,63.3,1.91,roc31_c5,30.6,31,5
EVAL,2015-07-01,2026-08-21,3473,11.11,30.7,16.48,1.86,1.39,1.88,-31.3,0.98,4543,133.1,33.0,53.6,2.1,roc31_c5,30.6,31,5
BEAR_2018,2018-01-15,2019-12-31,696,1.96,-11.7,11.08,-1.06,-0.74,-0.94,-30.02,-0.39,944,150.7,23.7,45.2,2.45,roc31_c8,30.6,31,8
COVID,2020-01-01,2020-12-31,252,1.0,53.41,21.34,2.5,2.12,2.95,-21.78,2.45,289,127.1,38.6,49.9,1.81,roc31_c8,30.6,31,8
POST2021,2021-01-01,2026-08-21,1398,5.63,30.41,19.38,1.57,1.49,1.74,-25.4,1.2,2044,114.3,29.3,64.8,1.82,roc31_c8,30.6,31,8
EVAL,2015-07-01,2026-08-21,3473,11.11,28.19,16.8,1.68,1.28,1.65,-30.7,0.92,4260,130.0,32.2,54.4,2.06,roc31_c8,30.6,31,8
BEAR_2018,2018-01-15,2019-12-31,696,1.96,-10.92,11.0,-0.99,-0.69,-0.92,-31.1,-0.35,1126,159.4,23.1,43.4,2.61,roc42_c1,31.4,42,1
COVID,2020-01-01,2020-12-31,252,1.0,33.92,17.25,1.97,1.79,2.32,-14.24,2.38,378,122.1,29.5,49.6,1.96,roc42_c1,31.4,42,1
POST2021,2021-01-01,2026-08-21,1398,5.63,26.44,17.17,1.54,1.48,1.66,-18.74,1.41,2301,112.0,24.2,64.1,1.84,roc42_c1,31.4,42,1
EVAL,2015-07-01,2026-08-21,3473,11.11,23.82,14.72,1.62,1.24,1.61,-31.1,0.77,4969,129.8,27.5,53.4,2.12,roc42_c1,31.4,42,1
BEAR_2018,2018-01-15,2019-12-31,696,1.96,-11.08,10.91,-1.02,-0.71,-0.95,-31.37,-0.35,1098,163.0,21.9,42.6,2.66,roc42_c2,31.1,42,2
COVID,2020-01-01,2020-12-31,252,1.0,57.33,19.36,2.96,2.45,3.73,-14.19,4.04,318,122.1,36.9,49.6,1.76,roc42_c2,31.1,42,2
POST2021,2021-01-01,2026-08-21,1398,5.63,31.85,18.9,1.68,1.58,1.85,-22.92,1.39,2276,115.5,29.3,62.8,1.83,roc42_c2,31.1,42,2
EVAL,2015-07-01,2026-08-21,3473,11.11,28.35,16.04,1.77,1.34,1.75,-31.37,0.9,4827,131.6,30.7,52.9,2.1,roc42_c2,31.1,42,2
BEAR_2018,2018-01-15,2019-12-31,696,1.96,-12.06,11.15,-1.08,-0.76,-1.02,-33.61,-0.36,1011,157.8,22.7,42.5,2.58,roc42_c3,31.4,42,3
COVID,2020-01-01,2020-12-31,252,1.0,63.16,20.07,3.15,2.55,4.05,-16.82,3.76,266,121.1,39.7,49.8,1.7,roc42_c3,31.4,42,3
POST2021,2021-01-01,2026-08-21,1398,5.63,33.66,19.11,1.76,1.64,1.96,-23.06,1.46,2135,113.1,30.6,63.8,1.78,roc42_c3,31.4,42,3
EVAL,2015-07-01,2026-08-21,3473,11.11,29.35,16.28,1.8,1.36,1.81,-33.61,0.87,4474,129.4,31.8,53.3,2.05,roc42_c3,31.4,42,3
BEAR_2018,2018-01-15,2019-12-31,696,1.96,-10.92,11.24,-0.97,-0.67,-0.92,-31.93,-0.34,1057,166.0,23.4,42.4,2.72,roc42_c5,31.5,42,5
COVID,2020-01-01,2020-12-31,252,1.0,60.44,20.69,2.92,2.4,3.57,-18.73,3.23,267,121.1,39.7,49.8,1.69,roc42_c5,31.5,42,5
POST2021,2021-01-01,2026-08-21,1398,5.63,31.77,19.28,1.65,1.55,1.83,-23.65,1.34,1772,107.4,30.7,65.6,1.68,roc42_c5,31.5,42,5
EVAL,2015-07-01,2026-08-21,3473,11.11,28.06,16.42,1.71,1.3,1.7,-31.93,0.88,4086,127.0,32.0,53.8,2.01,roc42_c5,31.5,42,5
BEAR_2018,2018-01-15,2019-12-31,696,1.96,-15.07,11.96,-1.26,-0.91,-1.16,-35.94,-0.42,1035,163.0,25.1,42.9,2.68,roc42_c8,30.9,42,8
COVID,2020-01-01,2020-12-31,252,1.0,52.27,21.23,2.46,2.1,2.9,-21.69,2.41,292,126.1,36.5,50.7,1.81,roc42_c8,30.9,42,8
POST2021,2021-01-01,2026-08-21,1398,5.63,32.93,19.46,1.69,1.59,1.88,-20.35,1.62,1832,111.6,30.5,64.0,1.75,roc42_c8,30.9,42,8
EVAL,2015-07-01,2026-08-21,3473,11.11,27.48,16.81,1.64,1.25,1.62,-35.94,0.76,4200,129.6,32.2,53.5,2.05,roc42_c8,30.9,42,8
BEAR_2018,2018-01-15,2019-12-31,696,1.96,-16.98,10.31,-1.65,-1.23,-1.5,-34.46,-0.49,1091,152.2,20.5,44.1,2.5,roc52_c1,32.8,52,1
COVID,2020-01-01,2020-12-31,252,1.0,47.17,19.14,2.47,2.12,2.99,-15.08,3.13,310,121.1,36.4,46.9,1.79,roc52_c1,32.8,52,1
POST2021,2021-01-01,2026-08-21,1398,5.63,35.54,18.88,1.88,1.73,2.07,-15.8,2.25,1830,110.0,32.4,63.9,1.73,roc52_c1,32.8,52,1
EVAL,2015-07-01,2026-08-21,3473,11.11,27.11,15.89,1.71,1.3,1.68,-36.29,0.75,4313,124.7,31.6,53.9,1.98,roc52_c1,32.8,52,1
BEAR_2018,2018-01-15,2019-12-31,696,1.96,-18.06,10.69,-1.69,-1.27,-1.54,-36.12,-0.5,1157,148.1,21.0,44.6,2.43,roc52_c2,33.2,52,2
COVID,2020-01-01,2020-12-31,252,1.0,48.93,19.38,2.53,2.16,3.05,-15.77,3.1,319,121.1,36.4,46.9,1.78,roc52_c2,33.2,52,2
POST2021,2021-01-01,2026-08-21,1398,5.63,34.68,18.9,1.84,1.7,2.01,-16.47,2.11,1845,107.9,33.4,64.3,1.69,roc52_c2,33.2,52,2
EVAL,2015-07-01,2026-08-21,3473,11.11,26.73,15.97,1.67,1.28,1.65,-37.43,0.71,4346,122.9,32.2,54.2,1.95,roc52_c2,33.2,52,2
BEAR_2018,2018-01-15,2019-12-31,696,1.96,-19.17,11.44,-1.68,-1.26,-1.56,-37.78,-0.51,1023,153.3,22.7,43.6,2.51,roc52_c3,32.8,52,3
COVID,2020-01-01,2020-12-31,252,1.0,53.56,20.41,2.62,2.21,3.1,-18.53,2.89,267,121.1,39.7,46.9,1.75,roc52_c3,32.8,52,3
POST2021,2021-01-01,2026-08-21,1398,5.63,36.5,19.08,1.91,1.75,2.12,-16.44,2.22,1769,108.6,33.5,64.1,1.68,roc52_c3,32.8,52,3
EVAL,2015-07-01,2026-08-21,3473,11.11,27.74,16.41,1.69,1.29,1.67,-39.33,0.71,4003,124.2,32.8,53.8,1.96,roc52_c3,32.8,52,3
BEAR_2018,2018-01-15,2019-12-31,696,1.96,-19.39,11.69,-1.66,-1.25,-1.52,-38.11,-0.51,991,154.8,23.1,43.4,2.53,roc52_c5,32.6,52,5
COVID,2020-01-01,2020-12-31,252,1.0,48.1,21.03,2.29,1.98,2.63,-21.39,2.25,293,123.1,35.8,47.5,1.77,roc52_c5,32.6,52,5
POST2021,2021-01-01,2026-08-21,1398,5.63,38.24,19.13,2.0,1.82,2.27,-16.45,2.33,1613,109.0,34.0,65.1,1.7,roc52_c5,32.6,52,5
EVAL,2015-07-01,2026-08-21,3473,11.11,28.23,16.7,1.69,1.29,1.69,-41.78,0.68,3861,125.1,33.3,54.1,1.96,roc52_c5,32.6,52,5
BEAR_2018,2018-01-15,2019-12-31,696,1.96,-20.14,11.97,-1.68,-1.27,-1.53,-39.23,-0.51,965,154.3,21.9,43.6,2.52,roc52_c8,32.2,52,8
COVID,2020-01-01,2020-12-31,252,1.0,45.0,21.55,2.09,1.84,2.35,-23.95,1.88,284,123.1,35.8,47.5,1.76,roc52_c8,32.2,52,8
POST2021,2021-01-01,2026-08-21,1398,5.63,42.56,18.95,2.25,2.0,2.54,-14.53,2.93,1473,107.2,41.4,64.9,1.57,roc52_c8,32.2,52,8
EVAL,2015-07-01,2026-08-21,3473,11.11,29.46,16.64,1.77,1.34,1.75,-44.7,0.66,3708,123.4,36.5,53.9,1.88,roc52_c8,32.2,52,8
BEAR_2018,2018-01-15,2019-12-31,696,1.96,-16.05,10.68,-1.5,-1.11,-1.36,-33.03,-0.49,879,133.8,18.7,45.6,2.19,roc63_c1,33.4,63,1
COVID,2020-01-01,2020-12-31,252,1.0,45.47,18.89,2.41,2.09,2.85,-14.67,3.1,307,118.1,33.9,45.9,1.73,roc63_c1,33.4,63,1
POST2021,2021-01-01,2026-08-21,1398,5.63,35.26,18.9,1.87,1.72,2.09,-15.81,2.23,1864,112.5,33.1,62.3,1.77,roc63_c1,33.4,63,1
EVAL,2015-07-01,2026-08-21,3473,11.11,27.32,15.96,1.71,1.3,1.69,-34.55,0.79,4037,121.9,32.1,53.6,1.92,roc63_c1,33.4,63,1
BEAR_2018,2018-01-15,2019-12-31,696,1.96,-18.42,10.9,-1.69,-1.27,-1.5,-35.87,-0.51,960,133.3,17.2,45.6,2.19,roc63_c2,33.2,63,2
COVID,2020-01-01,2020-12-31,252,1.0,47.85,19.0,2.52,2.16,2.99,-14.88,3.22,301,118.1,33.9,44.7,1.74,roc63_c2,33.2,63,2
POST2021,2021-01-01,2026-08-21,1398,5.63,37.39,19.19,1.95,1.78,2.17,-15.79,2.37,1863,112.7,34.6,62.5,1.72,roc63_c2,33.2,63,2
EVAL,2015-07-01,2026-08-21,3473,11.11,28.64,16.2,1.77,1.34,1.75,-37.25,0.77,3948,120.7,32.9,53.7,1.88,roc63_c2,33.2,63,2
BEAR_2018,2018-01-15,2019-12-31,696,1.96,-20.15,11.36,-1.77,-1.35,-1.59,-38.49,-0.52,1142,144.1,16.3,44.4,2.36,roc63_c3,33.0,63,3
COVID,2020-01-01,2020-12-31,252,1.0,54.91,19.58,2.8,2.34,3.39,-16.66,3.3,260,118.1,37.3,44.7,1.69,roc63_c3,33.0,63,3
POST2021,2021-01-01,2026-08-21,1398,5.63,37.72,19.31,1.95,1.78,2.19,-16.48,2.29,1969,112.0,35.2,62.5,1.7,roc63_c3,33.0,63,3
EVAL,2015-07-01,2026-08-21,3473,11.11,28.51,16.46,1.73,1.31,1.71,-39.32,0.73,4212,122.3,33.0,53.4,1.89,roc63_c3,33.0,63,3
BEAR_2018,2018-01-15,2019-12-31,696,1.96,-18.25,11.55,-1.58,-1.18,-1.39,-35.61,-0.51,928,134.4,24.7,46.6,2.19,roc63_c5,33.6,63,5
COVID,2020-01-01,2020-12-31,252,1.0,51.91,20.07,2.59,2.19,3.01,-18.52,2.8,242,108.1,37.0,46.3,1.54,roc63_c5,33.6,63,5
POST2021,2021-01-01,2026-08-21,1398,5.63,37.32,19.34,1.93,1.77,2.16,-16.48,2.26,1815,110.4,36.3,62.9,1.67,roc63_c5,33.6,63,5
EVAL,2015-07-01,2026-08-21,3473,11.11,28.45,16.44,1.73,1.31,1.68,-37.91,0.75,3818,116.7,36.0,54.0,1.8,roc63_c5,33.6,63,5
BEAR_2018,2018-01-15,2019-12-31,696,1.96,-14.48,12.52,-1.16,-0.82,-1.08,-33.05,-0.44,729,140.5,31.3,46.1,2.26,roc63_c8,33.0,63,8
COVID,2020-01-01,2020-12-31,252,1.0,49.03,20.91,2.35,2.02,2.71,-21.66,2.26,272,115.1,34.8,47.6,1.63,roc63_c8,33.0,63,8
POST2021,2021-01-01,2026-08-21,1398,5.63,38.4,19.53,1.97,1.79,2.21,-16.5,2.33,1669,113.9,36.9,61.5,1.72,roc63_c8,33.0,63,8
EVAL,2015-07-01,2026-08-21,3473,11.11,28.28,16.81,1.68,1.28,1.66,-34.77,0.81,3527,121.3,36.5,53.5,1.86,roc63_c8,33.0,63,8
