Symbol,Company Name,Industry,ISIN Code,source
360ONE,360 ONE WAM Ltd.,Financial Services,INE466L01038,nifty500_fresh
3MINDIA,3M India Ltd.,Diversified,INE470A01017,nifty500_fresh
AADHARHFC,Aadhar Housing Finance Ltd.,Financial Services,INE883F01010,nifty500_fresh
AARTIDRUGS,Aarti Drugs Ltd.,Healthcare,INE767A01016,nifty_microcap_250
AARTIIND,Aarti Industries Ltd.,Chemicals,INE769A01020,nifty500_fresh
AARTIPHARM,Aarti Pharmalabs Ltd.,Healthcare,INE0LRU01027,nifty_microcap_250
AAVAS,Aavas Financiers Ltd.,Financial Services,INE216P01012,nifty500_fresh
ABB,ABB India Ltd.,Capital Goods,INE117A01022,nifty500_fresh
ABBOTINDIA,Abbott India Ltd.,Healthcare,INE358A01014,nifty500_fresh
ABCAPITAL,Aditya Birla Capital Ltd.,Financial Services,INE674K01013,nifty500_fresh
ABDL,Allied Blenders and Distillers Ltd.,Fast Moving Consumer Goods,INE552Z01027,nifty500_fresh
ABFRL,Aditya Birla Fashion and Retail Ltd.,Consumer Services,INE647O01011,nifty500_fresh
ABLBL,Aditya Birla Lifestyle Brands Ltd.,Consumer Services,INE14LE01019,nifty500_fresh
ABREL,Aditya Birla Real Estate Ltd.,Realty,INE055A01016,nifty500_fresh
ABSLAMC,Aditya Birla Sun Life AMC Ltd.,Financial Services,INE404A01024,nifty500_fresh
ACC,ACC Ltd.,Construction Materials,INE012A01025,nifty500_fresh
ACE,Action Construction Equipment Ltd.,Capital Goods,INE731H01025,nifty500_fresh
ACI,Archean Chemical Industries Ltd.,Chemicals,INE128X01021,nifty_microcap_250
ACMESOLAR,ACME Solar Holdings Ltd.,Power,INE622W01025,nifty500_fresh
ACUTAAS,Acutaas Chemicals Ltd.,Healthcare,INE00FF01025,nifty500_fresh
ADANIENSOL,Adani Energy Solutions Ltd.,Power,INE931S01010,nifty500_fresh
ADANIENT,Adani Enterprises Ltd.,Metals & Mining,INE423A01024,nifty500_fresh
ADANIGREEN,Adani Green Energy Ltd.,Power,INE364U01010,nifty500_fresh
ADANIPORTS,Adani Ports and Special Economic Zone Ltd.,Services,INE742F01042,nifty500_fresh
ADANIPOWER,Adani Power Ltd.,Power,INE814H01029,nifty500_fresh
ADVENZYMES,Advanced Enzyme Tech Ltd.,Healthcare,INE837H01020,nifty_microcap_250
AEGISLOG,Aegis Logistics Ltd.,Oil Gas & Consumable Fuels,INE208C01025,nifty500_fresh
AEGISVOPAK,Aegis Vopak Terminals Ltd.,Oil Gas & Consumable Fuels,INE0INX01018,nifty500_fresh
AEQUS,Aequs Ltd.,Capital Goods,INE947N01017,nifty_microcap_250
AETHER,Aether Industries Ltd.,Chemicals,INE0BWX01014,nifty_microcap_250
AFCONS,Afcons Infrastructure Ltd.,Construction,INE101I01011,nifty500_fresh
AFFLE,Affle 3i Ltd.,Information Technology,INE00WC01027,nifty500_fresh
AGARWALEYE,Dr. Agarwal's Health Care Ltd.,Healthcare,INE943P01029,nifty_microcap_250
AHLUCONT,Ahluwalia Contracts (India) Ltd.,Construction,INE758C01029,nifty_microcap_250
AIAENG,AIA Engineering Ltd.,Capital Goods,INE212H01026,nifty500_fresh
AIIL,Authum Investment & Infrastructure Ltd.,Financial Services,INE206F01022,nifty500_fresh
AJANTPHARM,Ajanta Pharmaceuticals Ltd.,Healthcare,INE031B01049,nifty500_fresh
AKUMS,Akums Drugs and Pharmaceuticals Ltd.,Healthcare,INE09XN01023,nifty_microcap_250
AKZOINDIA,Akzo Nobel India Ltd.,Consumer Durables,INE133A01011,nse500_pre_2026_drop
ALIVUS,Alivus Life Sciences Ltd.,Healthcare,INE03Q201024,nifty_microcap_250
ALKEM,Alkem Laboratories Ltd.,Healthcare,INE540L01014,nifty500_fresh
ALKYLAMINE,Alkyl Amines Chemicals Ltd.,Chemicals,INE150B01039,nifty_microcap_250
ALOKINDS,Alok Industries Ltd.,Textiles,INE270A01029,nifty_microcap_250
AMBER,Amber Enterprises India Ltd.,Consumer Durables,INE371P01015,nifty500_fresh
AMBUJACEM,Ambuja Cements Ltd.,Construction Materials,INE079A01024,nifty500_fresh
ANANDRATHI,Anand Rathi Wealth Ltd.,Financial Services,INE463V01026,nifty500_fresh
ANANTRAJ,Anant Raj Ltd.,Realty,INE242C01024,nifty500_fresh
ANGELONE,Angel One Ltd.,Financial Services,INE732I01021,nifty500_fresh
ANTHEM,Anthem Biosciences Ltd.,Healthcare,INE0CZ201020,nifty500_fresh
ANUP,The Anup Engineering Ltd.,Capital Goods,INE294Z01018,nifty_microcap_250
ANURAS,Anupam Rasayan India Ltd.,Chemicals,INE930P01018,nifty500_fresh
APARINDS,Apar Industries Ltd.,Capital Goods,INE372A01015,nifty500_fresh
APLAPOLLO,APL Apollo Tubes Ltd.,Capital Goods,INE702C01027,nifty500_fresh
APLLTD,Alembic Pharmaceuticals Ltd.,Healthcare,INE901L01018,nifty_microcap_250
APOLLO,Apollo Micro Systems Ltd.,Capital Goods,INE713T01028,nifty_microcap_250
APOLLOHOSP,Apollo Hospitals Enterprise Ltd.,Healthcare,INE437A01024,nifty500_fresh
APOLLOTYRE,Apollo Tyres Ltd.,Automobile and Auto Components,INE438A01022,nifty500_fresh
APTUS,Aptus Value Housing Finance India Ltd.,Financial Services,INE852O01025,nifty500_fresh
ARE&M,Amara Raja Energy & Mobility Ltd.,Automobile and Auto Components,INE885A01032,nifty500_fresh
ARVIND,Arvind Ltd.,Textiles,INE034A01011,nifty_microcap_250
ARVINDFASN,Arvind Fashions Ltd.,Consumer Services,INE955V01021,nifty_microcap_250
ASAHIINDIA,Asahi India Glass Ltd.,Automobile and Auto Components,INE439A01020,nifty500_fresh
ASHAPURMIN,Ashapura Minechem Ltd.,Metals & Mining,INE348A01023,nifty_microcap_250
ASHOKA,Ashoka Buildcon Ltd.,Construction,INE442H01029,nifty_microcap_250
ASHOKLEY,Ashok Leyland Ltd.,Capital Goods,INE208A01029,nifty500_fresh
ASIANPAINT,Asian Paints Ltd.,Consumer Durables,INE021A01026,nifty500_fresh
ASKAUTOLTD,ASK Automotive Ltd.,Automobile and Auto Components,INE491J01022,nifty_microcap_250
ASTERDM,Aster DM Healthcare Ltd.,Healthcare,INE914M01019,nifty500_fresh
ASTRAL,Astral Ltd.,Capital Goods,INE006I01046,nifty500_fresh
ASTRAMICRO,Astra Microwave Products Ltd.,Capital Goods,INE386C01029,nifty_microcap_250
ASTRAZEN,AstraZenca Pharma India Ltd.,Healthcare,INE203A01020,nse500_pre_2026_drop
ATGL,Adani Total Gas Ltd.,Oil Gas & Consumable Fuels,INE399L01023,nifty500_fresh
ATHERENERG,Ather Energy Ltd.,Automobile and Auto Components,INE0LEZ01016,nifty500_fresh
ATLANTAELE,Atlanta Electricals Ltd.,Capital Goods,INE0Z4F01028,nifty_microcap_250
ATUL,Atul Ltd.,Chemicals,INE100A01010,nifty500_fresh
AUBANK,AU Small Finance Bank Ltd.,Financial Services,INE949L01017,nifty500_fresh
AURIONPRO,Aurionpro Solution Ltd.,Information Technology,INE132H01018,nifty_microcap_250
AUROPHARMA,Aurobindo Pharma Ltd.,Healthcare,INE406A01037,nifty500_fresh
AVALON,Avalon Technologies Ltd.,Capital Goods,INE0LCL01028,nifty_microcap_250
AVANTIFEED,Avanti Feeds Ltd.,Fast Moving Consumer Goods,INE871C01038,nifty_microcap_250
AVL,Aditya Vision Ltd.,Consumer Services,INE679V01027,nifty_microcap_250
AWFIS,Awfis Space Solutions Ltd.,Services,INE108V01019,nifty_microcap_250
AWL,AWL Agri Business Ltd.,Fast Moving Consumer Goods,INE699H01024,nifty500_fresh
AXISBANK,Axis Bank Ltd.,Financial Services,INE238A01034,nifty500_fresh
AXISCADES,AXISCADES Technologies Ltd.,Capital Goods,INE555B01013,nifty_microcap_250
AZAD,Azad Engineering Ltd.,Capital Goods,INE02IJ01035,nifty_microcap_250
BAJAJ-AUTO,Bajaj Auto Ltd.,Automobile and Auto Components,INE917I01010,nifty500_fresh
BAJAJELEC,Bajaj Electricals Ltd,Consumer Durables,INE193E01025,nifty_microcap_250
BAJAJFINSV,Bajaj Finserv Ltd.,Financial Services,INE918I01026,nifty500_fresh
BAJAJHFL,Bajaj Housing Finance Ltd.,Financial Services,INE377Y01014,nifty500_fresh
BAJAJHLDNG,Bajaj Holdings & Investment Ltd.,Financial Services,INE118A01012,nifty500_fresh
BAJFINANCE,Bajaj Finance Ltd.,Financial Services,INE296A01032,nifty500_fresh
BALAMINES,Balaji Amines Ltd.,Chemicals,INE050E01027,nifty_microcap_250
BALKRISIND,Balkrishna Industries Ltd.,Automobile and Auto Components,INE787D01026,nifty500_fresh
BALRAMCHIN,Balrampur Chini Mills Ltd.,Fast Moving Consumer Goods,INE119A01028,nifty500_fresh
BALUFORGE,Balu Forge Industries Ltd.,Capital Goods,INE011E01029,nifty_microcap_250
BANCOINDIA,Banco Products (India) Ltd.,Automobile and Auto Components,INE213C01025,nifty_microcap_250
BANDHANBNK,Bandhan Bank Ltd.,Financial Services,INE545U01014,nifty500_fresh
BANKBARODA,Bank of Baroda,Financial Services,INE028A01039,nifty500_fresh
BANKINDIA,Bank of India,Financial Services,INE084A01016,nifty500_fresh
BASF,BASF India Ltd.,Chemicals,INE373A01013,nse500_pre_2026_drop
BATAINDIA,Bata India Ltd.,Consumer Durables,INE176A01028,nifty500_fresh
BAYERCROP,Bayer Cropscience Ltd.,Chemicals,INE462A01022,nifty500_fresh
BBOX,Black Box Ltd.,Information Technology,INE676A01027,nifty_microcap_250
BBTC,Bombay Burmah Trading Corporation Ltd.,Fast Moving Consumer Goods,INE050A01025,nifty500_fresh
BDL,Bharat Dynamics Ltd.,Capital Goods,INE171Z01026,nifty500_fresh
BECTORFOOD,Mrs. Bectors Food Specialities Ltd.,Fast Moving Consumer Goods,INE495P01020,nifty_microcap_250
BEL,Bharat Electronics Ltd.,Capital Goods,INE263A01024,nifty500_fresh
BELRISE,Belrise Industries Ltd.,Automobile and Auto Components,INE894V01022,nifty500_fresh
BEML,BEML Ltd.,Capital Goods,INE258A01024,nifty500_fresh
BERGEPAINT,Berger Paints India Ltd.,Consumer Durables,INE463A01038,nifty500_fresh
BHARATFORG,Bharat Forge Ltd.,Automobile and Auto Components,INE465A01025,nifty500_fresh
BHARTIARTL,Bharti Airtel Ltd.,Telecommunication,INE397D01024,nifty500_fresh
BHARTIHEXA,Bharti Hexacom Ltd.,Telecommunication,INE343G01021,nifty500_fresh
BHEL,Bharat Heavy Electricals Ltd.,Capital Goods,INE257A01026,nifty500_fresh
BIKAJI,Bikaji Foods International Ltd.,Fast Moving Consumer Goods,INE00E101023,nifty500_fresh
BIOCON,Biocon Ltd.,Healthcare,INE376G01013,nifty500_fresh
BIRLACORPN,Birla Corporation Ltd.,Construction Materials,INE340A01012,nifty_microcap_250
BLACKBUCK,Blackbuck Ltd.,Services,INE0UIZ01018,nifty_microcap_250
BLS,BLS International Services Ltd.,Consumer Services,INE153T01027,nifty500_fresh
BLUEDART,Blue Dart Express Ltd.,Services,INE233B01017,nifty500_fresh
BLUEJET,Blue Jet Healthcare Ltd.,Healthcare,INE0KBH01020,nifty500_fresh
BLUESTARCO,Blue Star Ltd.,Consumer Durables,INE472A01039,nifty500_fresh
BLUESTONE,BlueStone Jewellery and Lifestyle Ltd.,Consumer Durables,INE304W01038,nifty_microcap_250
BORORENEW,Borosil Renewables Ltd.,Capital Goods,INE666D01022,nifty_microcap_250
BOSCHLTD,Bosch Ltd.,Automobile and Auto Components,INE323A01026,nifty500_fresh
BPCL,Bharat Petroleum Corporation Ltd.,Oil Gas & Consumable Fuels,INE029A01011,nifty500_fresh
BRIGADE,Brigade Enterprises Ltd.,Realty,INE791I01019,nifty500_fresh
BRITANNIA,Britannia Industries Ltd.,Fast Moving Consumer Goods,INE216A01030,nifty500_fresh
BSE,BSE Ltd.,Financial Services,INE118H01025,nifty500_fresh
BSOFT,Birlasoft Ltd.,Information Technology,INE836A01035,nifty500_fresh
CAMPUS,Campus Activewear Ltd.,Consumer Durables,INE278Y01022,nifty_microcap_250
CAMS,Computer Age Management Services Ltd.,Financial Services,INE596I01020,nifty500_fresh
CANBK,Canara Bank,Financial Services,INE476A01022,nifty500_fresh
CANFINHOME,Can Fin Homes Ltd.,Financial Services,INE477A01020,nifty500_fresh
CANHLIFE,Canara HSBC Life Insurance Company Ltd.,Financial Services,INE01TY01017,nifty500_fresh
CAPILLARY,Capillary Technologies India Ltd.,Information Technology,INE0ILV01024,nifty_microcap_250
CAPLIPOINT,Caplin Point Laboratories Ltd.,Healthcare,INE475E01026,nifty500_fresh
CARBORUNIV,Carborundum Universal Ltd.,Capital Goods,INE120A01034,nifty500_fresh
CARTRADE,Cartrade Tech Ltd.,Consumer Services,INE290S01011,nifty500_fresh
CASTROLIND,Castrol India Ltd.,Oil Gas & Consumable Fuels,INE172A01027,nifty500_fresh
CCAVENUE,AvenuesAI Ltd.,Financial Services,INE483S01020,nifty_microcap_250
CCL,CCL Products (I) Ltd.,Fast Moving Consumer Goods,INE421D01022,nifty500_fresh
CDSL,Central Depository Services (India) Ltd.,Financial Services,INE736A01011,nifty500_fresh
CEATLTD,Ceat Ltd.,Automobile and Auto Components,INE482A01020,nifty500_fresh
CELLO,Cello World Ltd.,Consumer Durables,INE0LMW01024,nifty_microcap_250
CEMPRO,Cemindia Projects Ltd.,Construction,INE686A01026,nifty500_fresh
CENTRALBK,Central Bank of India,Financial Services,INE483A01010,nifty500_fresh
CENTURYPLY,Century Plyboards (India) Ltd.,Consumer Durables,INE348B01021,nifty_microcap_250
CERA,Cera Sanitaryware Ltd,Consumer Durables,INE739E01017,nifty_microcap_250
CESC,CESC Ltd.,Power,INE486A01021,nifty500_fresh
CGCL,Capri Global Capital Ltd.,Financial Services,INE180C01042,nifty500_fresh
CGPOWER,CG Power and Industrial Solutions Ltd.,Capital Goods,INE067A01029,nifty500_fresh
CHALET,Chalet Hotels Ltd.,Consumer Services,INE427F01016,nifty500_fresh
CHAMBLFERT,Chambal Fertilizers & Chemicals Ltd.,Chemicals,INE085A01013,nifty500_fresh
CHENNPETRO,Chennai Petroleum Corporation Ltd.,Oil Gas & Consumable Fuels,INE178A01016,nifty500_fresh
CHOICEIN,Choice International Ltd.,Financial Services,INE102B01014,nifty500_fresh
CHOLAFIN,Cholamandalam Investment and Finance Company Ltd.,Financial Services,INE121A01024,nifty500_fresh
CHOLAHLDNG,Cholamandalam Financial Holdings Ltd.,Financial Services,INE149A01033,nifty500_fresh
CIEINDIA,CIE Automotive India Ltd.,Automobile and Auto Components,INE536H01010,nifty500_fresh
CIPLA,Cipla Ltd.,Healthcare,INE059A01026,nifty500_fresh
CLEAN,Clean Science and Technology Ltd.,Chemicals,INE227W01023,nifty500_fresh
CMSINFO,CMS Info Systems Ltd.,Services,INE925R01014,nifty_microcap_250
COALINDIA,Coal India Ltd.,Oil Gas & Consumable Fuels,INE522F01014,nifty500_fresh
COCHINSHIP,Cochin Shipyard Ltd.,Capital Goods,INE704P01025,nifty500_fresh
COFORGE,Coforge Ltd.,Information Technology,INE591G01025,nifty500_fresh
COHANCE,Cohance Lifesciences Ltd.,Healthcare,INE03QK01018,nifty500_fresh
COLPAL,Colgate Palmolive (India) Ltd.,Fast Moving Consumer Goods,INE259A01022,nifty500_fresh
CONCOR,Container Corporation of India Ltd.,Services,INE111A01025,nifty500_fresh
CONCORDBIO,Concord Biotech Ltd.,Healthcare,INE338H01029,nifty500_fresh
COROMANDEL,Coromandel International Ltd.,Chemicals,INE169A01031,nifty500_fresh
CORONA,CORONA Remedies Ltd.,Healthcare,INE02ZQ01018,nifty_microcap_250
CPPLUS,Aditya Infotech Ltd.,Capital Goods,INE819V01029,nifty500_fresh
CRAFTSMAN,Craftsman Automation Ltd.,Automobile and Auto Components,INE00LO01017,nifty500_fresh
CRAMC,Canara Robeco Asset Management Company Ltd.,Financial Services,INE218I01013,nifty_microcap_250
CREDITACC,CreditAccess Grameen Ltd.,Financial Services,INE741K01010,nifty500_fresh
CRISIL,CRISIL Ltd.,Financial Services,INE007A01025,nifty500_fresh
CRIZAC,Crizac Ltd.,Consumer Services,INE0S4R01014,nifty_microcap_250
CROMPTON,Crompton Greaves Consumer Electricals Ltd.,Consumer Durables,INE299U01018,nifty500_fresh
CSBBANK,CSB Bank Ltd.,Financial Services,INE679A01013,nifty_microcap_250
CUB,City Union Bank Ltd.,Financial Services,INE491A01021,nifty500_fresh
CUMMINSIND,Cummins India Ltd.,Capital Goods,INE298A01020,nifty500_fresh
CUPID,Cupid Ltd.,Fast Moving Consumer Goods,INE509F01029,nifty_microcap_250
CYIENT,Cyient Ltd.,Information Technology,INE136B01020,nifty500_fresh
DABUR,Dabur India Ltd.,Fast Moving Consumer Goods,INE016A01026,nifty500_fresh
DALBHARAT,Dalmia Bharat Ltd.,Construction Materials,INE00R701025,nifty500_fresh
DATAMATICS,Datamatics Global Services Ltd.,Information Technology,INE365B01017,nifty_microcap_250
DATAPATTNS,Data Patterns (India) Ltd.,Capital Goods,INE0IX101010,nifty500_fresh
DBL,Dilip Buildcon Ltd.,Construction,INE917M01012,nifty_microcap_250
DBREALTY,Valor Estate Ltd.,Realty,INE879I01012,nifty_microcap_250
DCBBANK,DCB Bank Ltd.,Financial Services,INE503A01015,nifty_microcap_250
DCMSHRIRAM,DCM Shriram Ltd.,Diversified,INE499A01024,nifty500_fresh
DEEPAKFERT,Deepak Fertilisers & Petrochemicals Corp. Ltd.,Chemicals,INE501A01019,nifty500_fresh
DEEPAKNTR,Deepak Nitrite Ltd.,Chemicals,INE288B01029,nifty500_fresh
DELHIVERY,Delhivery Ltd.,Services,INE148O01028,nifty500_fresh
DEVYANI,Devyani International Ltd.,Consumer Services,INE872J01023,nifty500_fresh
DIACABS,Diamond Power Infrastructure Ltd.,Capital Goods,INE989C01038,nifty_microcap_250
DIVISLAB,Divi's Laboratories Ltd.,Healthcare,INE361B01024,nifty500_fresh
DIXON,Dixon Technologies (India) Ltd.,Consumer Durables,INE935N01020,nifty500_fresh
DLF,DLF Ltd.,Realty,INE271C01023,nifty500_fresh
DMART,Avenue Supermarts Ltd.,Consumer Services,INE192R01011,nifty500_fresh
DOMS,DOMS Industries Ltd.,Fast Moving Consumer Goods,INE321T01012,nifty500_fresh
DRREDDY,Dr. Reddy's Laboratories Ltd.,Healthcare,INE089A01031,nifty500_fresh
DUMMYALCAR,Dummy Allcargo Logistics Ltd.,Services,DUM418H01029,nifty_microcap_250
DUMMYVEDL1,Dummy Vedanta Ltd. 1,Metals & Mining,DU1205A01025,nifty500_fresh
DUMMYVEDL2,Dummy Vedanta Ltd. 2,Power,DU2205A01025,nifty500_fresh
DUMMYVEDL3,Dummy Vedanta Ltd. 3,Oil Gas & Consumable Fuels,DU3205A01025,nifty500_fresh
DUMMYVEDL4,Dummy Vedanta Ltd. 4,Metals & Mining,DU4205A01025,nifty500_fresh
DYNAMATECH,Dynamatic Technologies Ltd.,Capital Goods,INE221B01012,nifty_microcap_250
ECLERX,eClerx Services Ltd.,Services,INE738I01010,nifty500_fresh
EDELWEISS,Edelweiss Financial Services Ltd.,Financial Services,INE532F01054,nifty_microcap_250
EICHERMOT,Eicher Motors Ltd.,Automobile and Auto Components,INE066A01021,nifty500_fresh
EIDPARRY,E.I.D. Parry (India) Ltd.,Fast Moving Consumer Goods,INE126A01031,nifty500_fresh
EIEL,Enviro Infra Engineers Ltd.,Utilities,INE0LLY01014,nifty_microcap_250
EIHOTEL,EIH Ltd.,Consumer Services,INE230A01023,nifty500_fresh
ELECON,Elecon Engineering Co. Ltd.,Capital Goods,INE205B01031,nifty500_fresh
ELECTCAST,Electrosteel Castings Ltd.,Capital Goods,INE086A01029,nifty_microcap_250
ELGIEQUIP,Elgi Equipments Ltd.,Capital Goods,INE285A01027,nifty500_fresh
ELLEN,Ellenbarrie Industrial Gases Ltd.,Chemicals,INE236E01022,nifty_microcap_250
EMAMILTD,Emami Ltd.,Fast Moving Consumer Goods,INE548C01032,nifty500_fresh
EMBDL,Embassy Developments Ltd.,Realty,INE069I01010,nifty_microcap_250
EMCURE,Emcure Pharmaceuticals Ltd.,Healthcare,INE168P01015,nifty500_fresh
EMIL,Electronics Mart India Ltd.,Consumer Services,INE02YR01019,nifty_microcap_250
EMMVEE,Emmvee Photovoltaic Power Ltd.,Capital Goods,INE1C6T01020,nifty500_fresh
ENDURANCE,Endurance Technologies Ltd.,Automobile and Auto Components,INE913H01037,nifty500_fresh
ENGINERSIN,Engineers India Ltd.,Construction,INE510A01028,nifty500_fresh
ENRIN,Siemens Energy India Ltd.,Capital Goods,INE1NPP01017,nifty500_fresh
ENTERO,Entero Healthcare Solutions Ltd.,Consumer Services,INE010601016,nifty_microcap_250
EPL,EPL Ltd.,Capital Goods,INE255A01020,nifty_microcap_250
EQUITASBNK,Equitas Small Finance Bank Ltd.,Financial Services,INE063P01018,nifty_microcap_250
ERIS,Eris Lifesciences Ltd.,Healthcare,INE406M01024,nifty500_fresh
ESCORTS,Escorts Kubota Ltd.,Capital Goods,INE042A01014,nifty500_fresh
ETERNAL,Eternal Ltd.,Consumer Services,INE758T01015,nifty500_fresh
ETHOSLTD,Ethos Ltd.,Consumer Durables,INE04TZ01018,nifty_microcap_250
EUREKAFORB,Eureka Forbes Ltd.,Consumer Durables,INE0KCE01017,nifty_microcap_250
EXIDEIND,Exide Industries Ltd.,Automobile and Auto Components,INE302A01020,nifty500_fresh
FACT,Fertilisers and Chemicals Travancore Ltd.,Chemicals,INE188A01015,nifty500_fresh
FEDERALBNK,Federal Bank Ltd.,Financial Services,INE171A01029,nifty500_fresh
FEDFINA,Fedbank Financial Services Ltd.,Financial Services,INE007N01010,nifty_microcap_250
FIEMIND,Fiem Industries Ltd,Automobile and Auto Components,INE737H01014,nifty_microcap_250
FINCABLES,Finolex Cables Ltd.,Capital Goods,INE235A01022,nifty500_fresh
FINPIPE,Finolex Industries Ltd.,Capital Goods,INE183A01024,nifty_microcap_250
FIRSTCRY,Brainbees Solutions Ltd.,Consumer Services,INE02RE01045,nifty500_fresh
FIVESTAR,Five-Star Business Finance Ltd.,Financial Services,INE128S01021,nifty500_fresh
FLUOROCHEM,Gujarat Fluorochemicals Ltd.,Chemicals,INE09N301011,nifty500_fresh
FORCEMOT,Force Motors Ltd.,Automobile and Auto Components,INE451A01017,nifty500_fresh
FORTIS,Fortis Healthcare Ltd.,Healthcare,INE061F01013,nifty500_fresh
FSL,Firstsource Solutions Ltd.,Services,INE684F01012,nifty500_fresh
GABRIEL,Gabriel India Ltd.,Automobile and Auto Components,INE524A01029,nifty500_fresh
GAEL,Gujarat Ambuja Exports Ltd.,Fast Moving Consumer Goods,INE036B01030,nifty_microcap_250
GAIL,GAIL (India) Ltd.,Oil Gas & Consumable Fuels,INE129A01019,nifty500_fresh
GALLANTT,Gallantt Ispat Ltd.,Capital Goods,INE297H01019,nifty500_fresh
GESHIP,Great Eastern Shipping Co. Ltd.,Services,INE017A01032,nifty500_fresh
GHCL,GHCL Ltd.,Chemicals,INE539A01019,nifty_microcap_250
GICRE,General Insurance Corporation of India,Financial Services,INE481Y01014,nifty500_fresh
GILLETTE,Gillette India Ltd.,Fast Moving Consumer Goods,INE322A01010,nifty500_fresh
GLAND,Gland Pharma Ltd.,Healthcare,INE068V01023,nifty500_fresh
GLAXO,Glaxosmithkline Pharmaceuticals Ltd.,Healthcare,INE159A01016,nifty500_fresh
GLENMARK,Glenmark Pharmaceuticals Ltd.,Healthcare,INE935A01035,nifty500_fresh
GMDCLTD,Gujarat Mineral Development Corporation Ltd.,Metals & Mining,INE131A01031,nifty500_fresh
GMMPFAUDLR,GMM Pfaudler Ltd.,Capital Goods,INE541A01023,nifty_microcap_250
GMRAIRPORT,GMR Airports Ltd.,Services,INE776C01039,nifty500_fresh
GMRP&UI,GMR Power and Urban Infra Ltd.,Power,INE0CU601026,nifty_microcap_250
GNFC,Gujarat Narmada Valley Fertilizers and Chemicals Ltd.,Chemicals,INE113A01013,nifty_microcap_250
GODFRYPHLP,Godfrey Phillips India Ltd.,Fast Moving Consumer Goods,INE260B01028,nifty500_fresh
GODIGIT,Go Digit General Insurance Ltd.,Financial Services,INE03JT01014,nifty500_fresh
GODREJAGRO,Godrej Agrovet Ltd.,Fast Moving Consumer Goods,INE850D01014,nifty_microcap_250
GODREJCP,Godrej Consumer Products Ltd.,Fast Moving Consumer Goods,INE102D01028,nifty500_fresh
GODREJIND,Godrej Industries Ltd.,Diversified,INE233A01035,nifty500_fresh
GODREJPROP,Godrej Properties Ltd.,Realty,INE484J01027,nifty500_fresh
GOKEX,Gokaldas Exports Ltd.,Textiles,INE887G01027,nifty_microcap_250
GOKULAGRO,Gokul Agro Resources Ltd.,Fast Moving Consumer Goods,INE314T01033,nifty_microcap_250
GPIL,Godawari Power & Ispat Ltd.,Capital Goods,INE177H01039,nifty500_fresh
GPPL,Gujarat Pipavav Port Ltd.,Services,INE517F01014,nifty_microcap_250
GRANULES,Granules India Ltd.,Healthcare,INE101D01020,nifty500_fresh
GRAPHITE,Graphite India Ltd.,Capital Goods,INE371A01025,nifty500_fresh
GRASIM,Grasim Industries Ltd.,Construction Materials,INE047A01021,nifty500_fresh
GRAVITA,Gravita India Ltd.,Metals & Mining,INE024L01027,nifty500_fresh
GREAVESCOT,Greaves Cotton Ltd.,Capital Goods,INE224A01026,nifty_microcap_250
GROWW,Billionbrains Garage Ventures Ltd.,Financial Services,INE0HOQ01053,nifty500_fresh
GRSE,Garden Reach Shipbuilders & Engineers Ltd.,Capital Goods,INE382Z01011,nifty500_fresh
GRWRHITECH,Garware Hi-Tech Films Ltd.,Capital Goods,INE291A01017,nifty_microcap_250
GSFC,Gujarat State Fertilizers & Chemicals Ltd.,Chemicals,INE026A01025,nifty_microcap_250
GSPL,Gujarat State Petronet Ltd.,Oil Gas & Consumable Fuels,INE246F01010,nse500_pre_2026_drop
GUJGASLTD,Gujarat Gas Ltd.,Oil Gas & Consumable Fuels,INE844O01030,nse500_pre_2026_drop
GVT&D,GE Vernova T&D India Ltd.,Capital Goods,INE200A01026,nifty500_fresh
HAL,Hindustan Aeronautics Ltd.,Capital Goods,INE066F01020,nifty500_fresh
HAPPSTMNDS,Happiest Minds Technologies Ltd.,Information Technology,INE419U01012,nifty_microcap_250
HAVELLS,Havells India Ltd.,Consumer Durables,INE176B01034,nifty500_fresh
HBLENGINE,HBL Engineering Ltd.,Capital Goods,INE292B01021,nifty500_fresh
HCC,Hindustan Construction Co. Ltd.,Construction,INE549A01026,nifty_microcap_250
HCG,Healthcare Global Enterprises Ltd.,Healthcare,INE075I01017,nifty_microcap_250
HCLTECH,HCL Technologies Ltd.,Information Technology,INE860A01027,nifty500_fresh
HDBFS,HDB Financial Services Ltd.,Financial Services,INE756I01012,nifty500_fresh
HDFCAMC,HDFC Asset Management Company Ltd.,Financial Services,INE127D01025,nifty500_fresh
HDFCBANK,HDFC Bank Ltd.,Financial Services,INE040A01034,nifty500_fresh
HDFCLIFE,HDFC Life Insurance Company Ltd.,Financial Services,INE795G01014,nifty500_fresh
HEG,H.E.G. Ltd.,Capital Goods,INE545A01024,nifty500_fresh
HEMIPROP,Hemisphere Properties India Ltd.,Services,INE0AJG01018,nifty_microcap_250
HERITGFOOD,Heritage Foods Ltd.,Fast Moving Consumer Goods,INE978A01027,nifty_microcap_250
HEROMOTOCO,Hero MotoCorp Ltd.,Automobile and Auto Components,INE158A01026,nifty500_fresh
HEXT,Hexaware Technologies Ltd.,Information Technology,INE093A01041,nifty500_fresh
HFCL,HFCL Ltd.,Telecommunication,INE548A01028,nifty500_fresh
HGINFRA,H.G. Infra Engineering Ltd.,Construction,INE926X01010,nifty_microcap_250
HINDALCO,Hindalco Industries Ltd.,Metals & Mining,INE038A01020,nifty500_fresh
HINDCOPPER,Hindustan Copper Ltd.,Metals & Mining,INE531E01026,nifty500_fresh
HINDPETRO,Hindustan Petroleum Corporation Ltd.,Oil Gas & Consumable Fuels,INE094A01015,nifty500_fresh
HINDUNILVR,Hindustan Unilever Ltd.,Fast Moving Consumer Goods,INE030A01027,nifty500_fresh
HINDZINC,Hindustan Zinc Ltd.,Metals & Mining,INE267A01025,nifty500_fresh
HOMEFIRST,Home First Finance Company India Ltd.,Financial Services,INE481N01025,nifty500_fresh
HONASA,Honasa Consumer Ltd.,Fast Moving Consumer Goods,INE0J5401028,nifty500_fresh
HONAUT,Honeywell Automation India Ltd.,Capital Goods,INE671A01010,nifty500_fresh
HSCL,Himadri Speciality Chemical Ltd.,Chemicals,INE019C01026,nifty500_fresh
HUDCO,Housing & Urban Development Corporation Ltd.,Financial Services,INE031A01017,nifty500_fresh
HYUNDAI,Hyundai Motor India Ltd.,Automobile and Auto Components,INE0V6F01027,nifty500_fresh
ICICIAMC,ICICI Prudential Asset Management Company Ltd.,Financial Services,INE346A01027,nifty500_fresh
ICICIBANK,ICICI Bank Ltd.,Financial Services,INE090A01021,nifty500_fresh
ICICIGI,ICICI Lombard General Insurance Company Ltd.,Financial Services,INE765G01017,nifty500_fresh
ICICIPRULI,ICICI Prudential Life Insurance Company Ltd.,Financial Services,INE726G01019,nifty500_fresh
ICIL,Indo Count Industries Ltd.,Textiles,INE483B01026,nifty_microcap_250
IDBI,IDBI Bank Ltd.,Financial Services,INE008A01015,nifty500_fresh
IDEA,Vodafone Idea Ltd.,Telecommunication,INE669E01016,nifty500_fresh
IDFCFIRSTB,IDFC First Bank Ltd.,Financial Services,INE092T01019,nifty500_fresh
IEX,Indian Energy Exchange Ltd.,Financial Services,INE022Q01020,nifty500_fresh
IFBIND,IFB Industries Ltd.,Consumer Durables,INE559A01017,nifty_microcap_250
IFCI,IFCI Ltd.,Financial Services,INE039A01010,nifty500_fresh
IGIL,International Gemological Institute Ltd.,Services,INE0Q9301021,nifty500_fresh
IGL,Indraprastha Gas Ltd.,Oil Gas & Consumable Fuels,INE203G01027,nifty500_fresh
IIFL,IIFL Finance Ltd.,Financial Services,INE530B01024,nifty500_fresh
IIFLCAPS,IIFL Capital Services Ltd.,Financial Services,INE489L01022,nifty_microcap_250
IKS,Inventurus Knowledge Solutions Ltd.,Information Technology,INE115Q01022,nifty500_fresh
IMFA,Indian Metals & Ferro Alloys Ltd.,Metals & Mining,INE919H01018,nifty_microcap_250
INDGN,Indegene Ltd.,Healthcare,INE065X01017,nifty500_fresh
INDHOTEL,Indian Hotels Co. Ltd.,Consumer Services,INE053A01029,nifty500_fresh
INDIACEM,India Cements Ltd.,Construction Materials,INE383A01012,nifty500_fresh
INDIAGLYCO,India Glycols Ltd.,Fast Moving Consumer Goods,INE560A01023,nifty_microcap_250
INDIAMART,Indiamart Intermesh Ltd.,Consumer Services,INE933S01016,nifty500_fresh
INDIANB,Indian Bank,Financial Services,INE562A01011,nifty500_fresh
INDIASHLTR,India Shelter Finance Corporation Ltd.,Financial Services,INE922K01024,nifty_microcap_250
INDIGO,InterGlobe Aviation Ltd.,Services,INE646L01027,nifty500_fresh
INDIGOPNTS,Indigo Paints Ltd.,Consumer Durables,INE09VQ01012,nifty_microcap_250
INDUSINDBK,IndusInd Bank Ltd.,Financial Services,INE095A01012,nifty500_fresh
INDUSTOWER,Indus Towers Ltd.,Telecommunication,INE121J01017,nifty500_fresh
INFY,Infosys Ltd.,Information Technology,INE009A01021,nifty500_fresh
INOXGREEN,Inox Green Energy Services Ltd.,Services,INE510W01014,nifty_microcap_250
INOXINDIA,INOX India Ltd.,Capital Goods,INE616N01034,nifty_microcap_250
INOXWIND,Inox Wind Ltd.,Capital Goods,INE066P01011,nifty500_fresh
INTELLECT,Intellect Design Arena Ltd.,Information Technology,INE306R01017,nifty500_fresh
IOB,Indian Overseas Bank,Financial Services,INE565A01014,nifty500_fresh
IOC,Indian Oil Corporation Ltd.,Oil Gas & Consumable Fuels,INE242A01010,nifty500_fresh
IONEXCHANG,Ion Exchange (India) Ltd.,Utilities,INE570A01022,nifty_microcap_250
IPCALAB,Ipca Laboratories Ltd.,Healthcare,INE571A01038,nifty500_fresh
IRB,IRB Infrastructure Developers Ltd.,Construction,INE821I01022,nifty500_fresh
IRCON,IRCON International Ltd.,Construction,INE962Y01021,nifty500_fresh
IRCTC,Indian Railway Catering And Tourism Corporation Ltd.,Consumer Services,INE335Y01020,nifty500_fresh
IREDA,Indian Renewable Energy Development Agency Ltd.,Financial Services,INE202E01016,nifty500_fresh
IRFC,Indian Railway Finance Corporation Ltd.,Financial Services,INE053F01010,nifty500_fresh
ITC,ITC Ltd.,Fast Moving Consumer Goods,INE154A01025,nifty500_fresh
ITCHOTELS,ITC Hotels Ltd.,Consumer Services,INE379A01028,nifty500_fresh
ITI,ITI Ltd.,Telecommunication,INE248A01017,nifty500_fresh
IXIGO,Le Travenues Technology Ltd.,Consumer Services,INE0HV901016,nifty_microcap_250
J&KBANK,Jammu & Kashmir Bank Ltd.,Financial Services,INE168A01041,nifty500_fresh
JAIBALAJI,Jai Balaji Industries Ltd.,Metals & Mining,INE091G01026,nifty_microcap_250
JAINREC,Jain Resource Recycling Ltd.,Metals & Mining,INE0YD401026,nifty500_fresh
JAMNAAUTO,Jamna Auto Industries Ltd.,Automobile and Auto Components,INE039C01032,nifty_microcap_250
JAYNECOIND,Jayaswal Neco Industries Ltd.,Capital Goods,INE854B01010,nifty_microcap_250
JBCHEPHARM,J.B. Chemicals & Pharmaceuticals Ltd.,Healthcare,INE572A01036,nifty500_fresh
JBMA,JBM Auto Ltd.,Automobile and Auto Components,INE927D01051,nifty500_fresh
JINDALSAW,Jindal Saw Ltd.,Capital Goods,INE324A01032,nifty500_fresh
JINDALSTEL,Jindal Steel Ltd.,Metals & Mining,INE749A01030,nifty500_fresh
JIOFIN,Jio Financial Services Ltd.,Financial Services,INE758E01017,nifty500_fresh
JKCEMENT,J.K. Cement Ltd.,Construction Materials,INE823G01014,nifty500_fresh
JKLAKSHMI,JK Lakshmi Cement Ltd.,Construction Materials,INE786A01032,nifty_microcap_250
JKPAPER,JK Paper Ltd.,Forest Materials,INE789E01012,nifty_microcap_250
JKTYRE,JK Tyre & Industries Ltd.,Automobile and Auto Components,INE573A01042,nifty500_fresh
JLHL,Jupiter Life Line Hospitals Ltd.,Healthcare,INE682M01012,nifty_microcap_250
JMFINANCIL,JM Financial Ltd.,Financial Services,INE780C01023,nifty500_fresh
JPPOWER,Jaiprakash Power Ventures Ltd.,Power,INE351F01018,nifty500_fresh
JSFB,Jana Small Finance Bank Ltd.,Financial Services,INE953L01027,nifty_microcap_250
JSL,Jindal Stainless Ltd.,Metals & Mining,INE220G01021,nifty500_fresh
JSLL,Jeena Sikho Lifecare Ltd.,Consumer Services,INE0J5801029,nifty_microcap_250
JSWCEMENT,JSW Cement Ltd.,Construction Materials,INE718I01012,nifty500_fresh
JSWDULUX,JSW Dulux Ltd.,Consumer Durables,INE133A01011,nifty500_fresh
JSWENERGY,JSW Energy Ltd.,Power,INE121E01018,nifty500_fresh
JSWINFRA,JSW Infrastructure Ltd.,Services,INE880J01026,nifty500_fresh
JSWSTEEL,JSW Steel Ltd.,Metals & Mining,INE019A01038,nifty500_fresh
JUBLFOOD,Jubilant Foodworks Ltd.,Consumer Services,INE797F01020,nifty500_fresh
JUBLINGREA,Jubilant Ingrevia Ltd.,Chemicals,INE0BY001018,nifty500_fresh
JUBLPHARMA,Jubilant Pharmova Ltd.,Healthcare,INE700A01033,nifty500_fresh
JUSTDIAL,Justdial Ltd.,Consumer Services,INE599M01018,nifty_microcap_250
JWL,Jupiter Wagons Ltd.,Capital Goods,INE209L01016,nifty500_fresh
JYOTHYLAB,Jyothy Labs Ltd.,Fast Moving Consumer Goods,INE668F01031,nifty_microcap_250
JYOTICNC,Jyoti CNC Automation Ltd.,Capital Goods,INE980O01024,nifty500_fresh
KAJARIACER,Kajaria Ceramics Ltd.,Consumer Durables,INE217B01036,nifty500_fresh
KALYANKJIL,Kalyan Jewellers India Ltd.,Consumer Durables,INE303R01014,nifty500_fresh
KANSAINER,Kansai Nerolac Paints Ltd.,Consumer Durables,INE531A01024,nifty_microcap_250
KARURVYSYA,Karur Vysya Bank Ltd.,Financial Services,INE036D01028,nifty500_fresh
KAYNES,Kaynes Technology India Ltd.,Capital Goods,INE918Z01012,nifty500_fresh
KEC,Kec International Ltd.,Construction,INE389H01022,nifty500_fresh
KEI,KEI Industries Ltd.,Capital Goods,INE878B01027,nifty500_fresh
KFINTECH,Kfin Technologies Ltd.,Financial Services,INE138Y01010,nifty500_fresh
KIMS,Krishna Institute of Medical Sciences Ltd.,Healthcare,INE967H01025,nifty500_fresh
KIRLOSBROS,Kirloskar Brothers Ltd.,Capital Goods,INE732A01036,nifty_microcap_250
KIRLOSENG,Kirloskar Oil Eng Ltd.,Capital Goods,INE146L01010,nifty500_fresh
KIRLPNU,Kirloskar Pneumatic Company Ltd.,Capital Goods,INE811A01020,nifty_microcap_250
KITEX,Kitex Garments Ltd.,Textiles,INE602G01020,nifty_microcap_250
KNRCON,KNR Constructions Ltd.,Construction,INE634I01029,nifty_microcap_250
KOTAKBANK,Kotak Mahindra Bank Ltd.,Financial Services,INE237A01036,nifty500_fresh
KPIGREEN,KPI Green Energy Ltd.,Power,INE542W01025,nifty_microcap_250
KPIL,Kalpataru Projects International Ltd.,Construction,INE220B01022,nifty500_fresh
KPITTECH,KPIT Technologies Ltd.,Information Technology,INE04I401011,nifty500_fresh
KPRMILL,K.P.R. Mill Ltd.,Textiles,INE930H01031,nifty500_fresh
KRBL,KRBL Ltd.,Fast Moving Consumer Goods,INE001B01026,nifty_microcap_250
KRN,KRN Heat Exchanger and Refrigeration Ltd.,Capital Goods,INE0Q3J01015,nifty_microcap_250
KSB,KSB Ltd.,Capital Goods,INE999A01023,nifty_microcap_250
KSCL,Kaveri Seed Company Ltd.,Fast Moving Consumer Goods,INE455I01029,nifty_microcap_250
KTKBANK,Karnataka Bank Ltd.,Financial Services,INE614B01018,nifty_microcap_250
LALPATHLAB,Dr. Lal Path Labs Ltd.,Healthcare,INE600L01024,nifty500_fresh
LATENTVIEW,Latent View Analytics Ltd.,Information Technology,INE0I7C01011,nifty500_fresh
LAURUSLABS,Laurus Labs Ltd.,Healthcare,INE947Q01028,nifty500_fresh
LEMONTREE,Lemon Tree Hotels Ltd.,Consumer Services,INE970X01018,nifty500_fresh
LENSKART,Lenskart Solutions Ltd.,Consumer Services,INE956O01016,nifty500_fresh
LGEINDIA,LG Electronics India Ltd.,Consumer Durables,INE324D01010,nifty500_fresh
LICHSGFIN,LIC Housing Finance Ltd.,Financial Services,INE115A01026,nifty500_fresh
LICI,Life Insurance Corporation of India,Financial Services,INE0J1Y01017,nifty500_fresh
LINDEINDIA,Linde India Ltd.,Chemicals,INE473A01011,nifty500_fresh
LLOYDSENGG,Lloyds Engineering Works Ltd.,Capital Goods,INE093R01011,nifty_microcap_250
LLOYDSENT,Lloyds Enterprises Ltd.,Metals & Mining,INE080I01025,nifty_microcap_250
LLOYDSME,Lloyds Metals And Energy Ltd.,Metals & Mining,INE281B01032,nifty500_fresh
LODHA,Lodha Developers Ltd.,Realty,INE670K01029,nifty500_fresh
LOTUSDEV,Sri Lotus Developers and Realty Ltd.,Realty,INE0V9Q01010,nifty_microcap_250
LT,Larsen & Toubro Ltd.,Construction,INE018A01030,nifty500_fresh
LTF,L&T Finance Ltd.,Financial Services,INE498L01015,nifty500_fresh
LTFOODS,LT Foods Ltd.,Fast Moving Consumer Goods,INE818H01020,nifty500_fresh
LTIM,LTIMindtree Ltd.,Information Technology,INE214T01019,nse500_pre_2026_drop
LTM,LTM Ltd.,Information Technology,INE214T01019,nifty500_fresh
LTTS,L&T Technology Services Ltd.,Information Technology,INE010V01017,nifty500_fresh
LUMAXTECH,Lumax Auto Technologies Ltd.,Automobile and Auto Components,INE872H01027,nifty_microcap_250
LUPIN,Lupin Ltd.,Healthcare,INE326A01037,nifty500_fresh
LXCHEM,Laxmi Organic Industries Ltd.,Chemicals,INE576O01020,nifty_microcap_250
M&M,Mahindra & Mahindra Ltd.,Automobile and Auto Components,INE101A01026,nifty500_fresh
M&MFIN,Mahindra & Mahindra Financial Services Ltd.,Financial Services,INE774D01024,nifty500_fresh
MAHABANK,Bank of Maharashtra,Financial Services,INE457A01014,nifty500_fresh
MAHSCOOTER,Maharashtra Scooters Ltd.,Financial Services,INE288A01013,nifty_microcap_250
MAHSEAMLES,Maharashtra Seamless Ltd.,Capital Goods,INE271B01025,nifty_microcap_250
MANAPPURAM,Manappuram Finance Ltd.,Financial Services,INE522D01027,nifty500_fresh
MANKIND,Mankind Pharma Ltd.,Healthcare,INE634S01028,nifty500_fresh
MANORAMA,Manorama Industries Ltd.,Fast Moving Consumer Goods,INE00VM01036,nifty_microcap_250
MANYAVAR,Vedant Fashions Ltd.,Consumer Services,INE825V01034,nifty_microcap_250
MAPMYINDIA,C.E. Info Systems Ltd.,Information Technology,INE0BV301023,nifty500_fresh
MARICO,Marico Ltd.,Fast Moving Consumer Goods,INE196A01026,nifty500_fresh
MARKSANS,Marksans Pharma Ltd.,Healthcare,INE750C01026,nifty_microcap_250
MARUTI,Maruti Suzuki India Ltd.,Automobile and Auto Components,INE585B01010,nifty500_fresh
MASTEK,Mastek Ltd.,Information Technology,INE759A01021,nifty_microcap_250
MAXHEALTH,Max Healthcare Institute Ltd.,Healthcare,INE027H01010,nifty500_fresh
MAZDOCK,Mazagoan Dock Shipbuilders Ltd.,Capital Goods,INE249Z01020,nifty500_fresh
MCX,Multi Commodity Exchange of India Ltd.,Financial Services,INE745G01043,nifty500_fresh
MEDANTA,Global Health Ltd.,Healthcare,INE474Q01031,nifty500_fresh
MEDPLUS,Medplus Health Services Ltd.,Consumer Services,INE804L01022,nifty_microcap_250
MEESHO,Meesho Ltd.,Consumer Services,INE0VDM01015,nifty500_fresh
METROPOLIS,Metropolis Healthcare Ltd.,Healthcare,INE112L01020,nifty_microcap_250
MFSL,Max Financial Services Ltd.,Financial Services,INE180A01020,nifty500_fresh
MGL,Mahanagar Gas Ltd.,Oil Gas & Consumable Fuels,INE002S01010,nifty500_fresh
MIDHANI,Mishra Dhatu Nigam Ltd.,Capital Goods,INE099Z01011,nifty_microcap_250
MINDACORP,Minda Corporation Ltd.,Automobile and Auto Components,INE842C01021,nifty500_fresh
MMTC,MMTC Ltd.,Services,INE123F01029,nifty500_fresh
MOIL,MOIL Ltd.,Metals & Mining,INE490G01020,nifty_microcap_250
MOTHERSON,Samvardhana Motherson International Ltd.,Automobile and Auto Components,INE775A01035,nifty500_fresh
MOTILALOFS,Motilal Oswal Financial Services Ltd.,Financial Services,INE338I01027,nifty500_fresh
MPHASIS,MphasiS Ltd.,Information Technology,INE356A01018,nifty500_fresh
MRF,MRF Ltd.,Automobile and Auto Components,INE883A01011,nifty500_fresh
MRPL,Mangalore Refinery & Petrochemicals Ltd.,Oil Gas & Consumable Fuels,INE103A01014,nifty500_fresh
MSTCLTD,MSTC Ltd.,Services,INE255X01014,nifty_microcap_250
MSUMI,Motherson Sumi Wiring India Ltd.,Automobile and Auto Components,INE0FS801015,nifty500_fresh
MTARTECH,MTAR Technologies Ltd.,Capital Goods,INE864I01014,nifty_microcap_250
MUTHOOTFIN,Muthoot Finance Ltd.,Financial Services,INE414G01012,nifty500_fresh
NAM-INDIA,Nippon Life India Asset Management Ltd.,Financial Services,INE298J01013,nifty500_fresh
NATCOPHARM,NATCO Pharma Ltd.,Healthcare,INE987B01026,nifty500_fresh
NATIONALUM,National Aluminium Co. Ltd.,Metals & Mining,INE139A01034,nifty500_fresh
NAUKRI,Info Edge (India) Ltd.,Consumer Services,INE663F01032,nifty500_fresh
NAVA,Nava Ltd.,Power,INE725A01030,nifty500_fresh
NAVINFLUOR,Navin Fluorine International Ltd.,Chemicals,INE048G01026,nifty500_fresh
NAZARA,Nazara Technologies Ltd.,Media Entertainment & Publication,INE418L01047,nifty_microcap_250
NBCC,NBCC (India) Ltd.,Construction,INE095N01031,nifty500_fresh
NCC,NCC Ltd.,Construction,INE868B01028,nifty500_fresh
NEOGEN,NEOGEN CHEMICALS LTD.,Chemicals,INE136S01016,nifty_microcap_250
NESCO,NESCO Ltd.,Services,INE317F01035,nifty_microcap_250
NESTLEIND,Nestle India Ltd.,Fast Moving Consumer Goods,INE239A01024,nifty500_fresh
NETWEB,Netweb Technologies India Ltd.,Information Technology,INE0NT901020,nifty500_fresh
NETWORK18,Network18 Media & Investments Ltd.,Media Entertainment & Publication,INE870H01013,nifty_microcap_250
NEULANDLAB,Neuland Laboratories Ltd.,Healthcare,INE794A01010,nifty500_fresh
NEWGEN,Newgen Software Technologies Ltd.,Information Technology,INE619B01017,nifty500_fresh
NFL,National Fertilizers Ltd.,Chemicals,INE870D01012,nifty_microcap_250
NH,Narayana Hrudayalaya Ltd.,Healthcare,INE410P01011,nifty500_fresh
NHPC,NHPC Ltd.,Power,INE848E01016,nifty500_fresh
NIACL,The New India Assurance Company Ltd.,Financial Services,INE470Y01017,nifty500_fresh
NIVABUPA,Niva Bupa Health Insurance Company Ltd.,Financial Services,INE995S01015,nifty500_fresh
NLCINDIA,NLC India Ltd.,Power,INE589A01014,nifty500_fresh
NMDC,NMDC Ltd.,Metals & Mining,INE584A01023,nifty500_fresh
NSLNISP,NMDC Steel Ltd.,Metals & Mining,INE0NNS01018,nifty500_fresh
NTPC,NTPC Ltd.,Power,INE733E01010,nifty500_fresh
NTPCGREEN,NTPC Green Energy Ltd.,Power,INE0ONG01011,nifty500_fresh
NUVAMA,Nuvama Wealth Management Ltd.,Financial Services,INE531F01023,nifty500_fresh
NUVOCO,Nuvoco Vistas Corporation Ltd.,Construction Materials,INE118D01016,nifty500_fresh
NYKAA,FSN E-Commerce Ventures Ltd.,Consumer Services,INE388Y01029,nifty500_fresh
OBEROIRLTY,Oberoi Realty Ltd.,Realty,INE093I01010,nifty500_fresh
OFSS,Oracle Financial Services Software Ltd.,Information Technology,INE881D01027,nifty500_fresh
OIL,Oil India Ltd.,Oil Gas & Consumable Fuels,INE274J01014,nifty500_fresh
OLAELEC,Ola Electric Mobility Ltd.,Automobile and Auto Components,INE0LXG01040,nifty500_fresh
OLECTRA,Olectra Greentech Ltd.,Automobile and Auto Components,INE260D01016,nifty500_fresh
ONESOURCE,Onesource Specialty Pharma Ltd.,Healthcare,INE013P01021,nifty500_fresh
ONGC,Oil & Natural Gas Corporation Ltd.,Oil Gas & Consumable Fuels,INE213A01029,nifty500_fresh
OPTIEMUS,Optiemus Infracom Ltd.,Telecommunication,INE350C01017,nifty_microcap_250
ORIENTCEM,Orient Cement Ltd.,Construction Materials,INE876N01018,nifty_microcap_250
ORKLAINDIA,Orkla India Ltd.,Fast Moving Consumer Goods,INE16NZ01023,nifty_microcap_250
OSWALPUMPS,Oswal Pumps Ltd.,Capital Goods,INE0BYP01024,nifty_microcap_250
PAGEIND,Page Industries Ltd.,Textiles,INE761H01022,nifty500_fresh
PARADEEP,Paradeep Phosphates Ltd.,Chemicals,INE088F01024,nifty500_fresh
PARAS,Paras Defence and Space Technologies Ltd.,Capital Goods,INE045601023,nifty_microcap_250
PARKHOSPS,Park Medi World Ltd.,Healthcare,INE119201023,nifty_microcap_250
PATANJALI,Patanjali Foods Ltd.,Fast Moving Consumer Goods,INE619A01035,nifty500_fresh
PAYTM,One 97 Communications Ltd.,Financial Services,INE982J01020,nifty500_fresh
PCBL,PCBL Chemical Ltd.,Chemicals,INE602A01031,nifty500_fresh
PCJEWELLER,PC Jeweller Ltd.,Consumer Durables,INE785M01021,nifty_microcap_250
PERSISTENT,Persistent Systems Ltd.,Information Technology,INE262H01021,nifty500_fresh
PETRONET,Petronet LNG Ltd.,Oil Gas & Consumable Fuels,INE347G01014,nifty500_fresh
PFC,Power Finance Corporation Ltd.,Financial Services,INE134E01011,nifty500_fresh
PFIZER,Pfizer Ltd.,Healthcare,INE182A01018,nifty500_fresh
PFOCUS,Prime Focus Ltd.,Media Entertainment & Publication,INE367G01038,nifty_microcap_250
PGEL,PG Electroplast Ltd.,Consumer Durables,INE457L01029,nifty500_fresh
PGHH,Procter & Gamble Hygiene & Health Care Ltd.,Fast Moving Consumer Goods,INE179A01014,nse500_pre_2026_drop
PGIL,Pearl Global Industries Ltd.,Textiles,INE940H01022,nifty_microcap_250
PHOENIXLTD,Phoenix Mills Ltd.,Realty,INE211B01039,nifty500_fresh
PICCADIL,Piccadily Agro Industries Ltd.,Fast Moving Consumer Goods,INE546C01010,nifty_microcap_250
PIDILITIND,Pidilite Industries Ltd.,Chemicals,INE318A01026,nifty500_fresh
PIIND,PI Industries Ltd.,Chemicals,INE603J01030,nifty500_fresh
PINELABS,Pine Labs Ltd.,Financial Services,INE15B701018,nifty500_fresh
PIRAMALFIN,Piramal Finance Ltd.,Financial Services,INE202B01038,nifty500_fresh
PNB,Punjab National Bank,Financial Services,INE160A01022,nifty500_fresh
PNBHOUSING,PNB Housing Finance Ltd.,Financial Services,INE572E01012,nifty500_fresh
PNCINFRA,PNC Infratech Ltd.,Construction,INE195J01029,nifty_microcap_250
PNGJL,P N Gadgil Jewellers Ltd.,Consumer Durables,INE953R01016,nifty_microcap_250
POLICYBZR,PB Fintech Ltd.,Financial Services,INE417T01026,nifty500_fresh
POLYCAB,Polycab India Ltd.,Capital Goods,INE455K01017,nifty500_fresh
POLYMED,Poly Medicure Ltd.,Healthcare,INE205C01021,nifty500_fresh
POONAWALLA,Poonawalla Fincorp Ltd.,Financial Services,INE511C01022,nifty500_fresh
POWERGRID,Power Grid Corporation of India Ltd.,Power,INE752E01010,nifty500_fresh
POWERINDIA,Hitachi Energy India Ltd.,Capital Goods,INE07Y701011,nifty500_fresh
POWERMECH,Power Mech Projects Ltd.,Construction,INE211R01019,nifty_microcap_250
PPLPHARMA,Piramal Pharma Ltd.,Healthcare,INE0DK501011,nifty500_fresh
PRAJIND,Praj Industries Ltd.,Capital Goods,INE074A01025,nifty_microcap_250
PREMIERENE,Premier Energies Ltd.,Capital Goods,INE0BS701011,nifty500_fresh
PRESTIGE,Prestige Estates Projects Ltd.,Realty,INE811K01011,nifty500_fresh
PRICOLLTD,Pricol Ltd.,Automobile and Auto Components,INE726V01018,nifty_microcap_250
PRIVISCL,Privi Speciality Chemicals Ltd.,Chemicals,INE959A01019,nifty_microcap_250
PRSMJOHNSN,Prism Johnson Ltd.,Construction Materials,INE010A01011,nifty_microcap_250
PRUDENT,Prudent Corporate Advisory Services Ltd.,Financial Services,INE00F201020,nifty_microcap_250
PTC,PTC India Ltd.,Power,INE877F01012,nifty_microcap_250
PTCIL,PTC Industries Ltd.,Capital Goods,INE596F01018,nifty500_fresh
PURVA,Puravankara Ltd.,Realty,INE323I01011,nifty_microcap_250
PVRINOX,PVR INOX Ltd.,Media Entertainment & Publication,INE191H01014,nifty500_fresh
PWL,Physicswallah Ltd.,Consumer Services,INE0LP301011,nifty500_fresh
QPOWER,Quality Power Electrical Equipments Ltd.,Capital Goods,INE0SII01026,nifty_microcap_250
QUESS,Quess Corp Ltd.,Services,INE615P01015,nifty_microcap_250
RADICO,Radico Khaitan Ltd,Fast Moving Consumer Goods,INE944F01028,nifty500_fresh
RAILTEL,Railtel Corporation Of India Ltd.,Telecommunication,INE0DD101019,nifty500_fresh
RAIN,Rain Industries Ltd,Chemicals,INE855B01025,nifty_microcap_250
RAINBOW,Rainbow Childrens Medicare Ltd.,Healthcare,INE961O01016,nifty500_fresh
RALLIS,Rallis India Ltd.,Chemicals,INE613A01020,nifty_microcap_250
RAMCOCEM,The Ramco Cements Ltd.,Construction Materials,INE331A01037,nifty500_fresh
RATEGAIN,Rategain Travel Technologies Ltd.,Information Technology,INE0CLI01024,nifty_microcap_250
RATNAMANI,Ratnamani Metals & Tubes Ltd.,Capital Goods,INE703B01027,nifty_microcap_250
RAYMONDLSL,Raymond Lifestyle Ltd.,Textiles,INE02ID01020,nifty_microcap_250
RBA,Restaurant Brands Asia Ltd.,Consumer Services,INE07T201019,nifty_microcap_250
RBLBANK,RBL Bank Ltd.,Financial Services,INE976G01028,nifty500_fresh
RCF,Rashtriya Chemicals & Fertilizers Ltd.,Chemicals,INE027A01015,nifty_microcap_250
RECLTD,REC Ltd.,Financial Services,INE020B01018,nifty500_fresh
REDINGTON,Redington Ltd.,Services,INE891D01026,nifty500_fresh
REDTAPE,Redtape Ltd.,Consumer Durables,INE0LXT01019,nifty_microcap_250
REFEX,Refex Industries Ltd.,Chemicals,INE056I01025,nifty_microcap_250
RELAXO,Relaxo Footwears Ltd.,Consumer Durables,INE131B01039,nifty_microcap_250
RELIANCE,Reliance Industries Ltd.,Oil Gas & Consumable Fuels,INE002A01018,nifty500_fresh
RELIGARE,Religare Enterprises Ltd.,Financial Services,INE621H01010,nifty_microcap_250
RELINFRA,Reliance Infrastructure Ltd.,Power,INE036A01016,nse500_pre_2026_drop
RENUKA,Shree Renuka Sugars Ltd.,Fast Moving Consumer Goods,INE087H01022,nifty_microcap_250
RHIM,RHI MAGNESITA INDIA LTD.,Capital Goods,INE743M01012,nifty500_fresh
RITES,RITES Ltd.,Construction,INE320J01015,nifty500_fresh
RKFORGE,Ramkrishna Forgings Ltd.,Automobile and Auto Components,INE399G01023,nifty500_fresh
ROUTE,Route Mobile Ltd.,Telecommunication,INE450U01017,nifty_microcap_250
RPOWER,Reliance Power Ltd.,Power,INE614G01033,nifty500_fresh
RRKABEL,R R Kabel Ltd.,Capital Goods,INE777K01022,nifty500_fresh
RTNINDIA,RattanIndia Enterprises Ltd.,Consumer Services,INE834M01019,nifty_microcap_250
RTNPOWER,RattanIndia Power Ltd.,Power,INE399K01017,nifty_microcap_250
RUBICON,Rubicon Research Ltd.,Healthcare,INE506V01022,nifty_microcap_250
RVNL,Rail Vikas Nigam Ltd.,Construction,INE415G01027,nifty500_fresh
SAATVIKGL,Saatvik Green Energy Ltd.,Capital Goods,INE13B501022,nifty_microcap_250
SAFARI,Safari Industries (India) Ltd.,Consumer Durables,INE429E01023,nifty_microcap_250
SAGILITY,Sagility Ltd.,Information Technology,INE0W2G01015,nifty500_fresh
SAIL,Steel Authority of India Ltd.,Metals & Mining,INE114A01011,nifty500_fresh
SAILIFE,Sai Life Sciences Ltd.,Healthcare,INE570L01029,nifty500_fresh
SAMHI,Samhi Hotels Ltd.,Consumer Services,INE08U801020,nifty_microcap_250
SAMMAANCAP,Sammaan Capital Ltd.,Financial Services,INE148I01020,nifty500_fresh
SANDUMA,Sandur Manganese & Iron Ores Ltd.,Oil Gas & Consumable Fuels,INE149K01016,nifty_microcap_250
SANOFICONR,Sanofi Consumer Healthcare India Ltd.,Healthcare,INE0UOS01011,nifty_microcap_250
SANSERA,Sansera Engineering Ltd.,Automobile and Auto Components,INE953O01021,nifty_microcap_250
SAPPHIRE,Sapphire Foods India Ltd.,Consumer Services,INE806T01020,nifty500_fresh
SARDAEN,Sarda Energy and Minerals Ltd.,Metals & Mining,INE385C01021,nifty500_fresh
SAREGAMA,Saregama India Ltd,Media Entertainment & Publication,INE979A01025,nifty500_fresh
SBFC,SBFC Finance Ltd.,Financial Services,INE423Y01016,nifty500_fresh
SBICARD,SBI Cards and Payment Services Ltd.,Financial Services,INE018E01016,nifty500_fresh
SBILIFE,SBI Life Insurance Company Ltd.,Financial Services,INE123W01016,nifty500_fresh
SBIN,State Bank of India,Financial Services,INE062A01020,nifty500_fresh
SCHAEFFLER,Schaeffler India Ltd.,Automobile and Auto Components,INE513A01022,nifty500_fresh
SCHNEIDER,Schneider Electric Infrastructure Ltd.,Capital Goods,INE839M01018,nifty500_fresh
SCI,Shipping Corporation of India Ltd.,Services,INE109A01011,nifty500_fresh
SENCO,Senco Gold Ltd.,Consumer Durables,INE602W01027,nifty_microcap_250
SFL,Sheela Foam Ltd.,Consumer Durables,INE916U01025,nifty_microcap_250
SHAILY,Shaily Engineering Plastics Ltd.,Consumer Durables,INE151G01028,nifty_microcap_250
SHAKTIPUMP,Shakti Pumps (India) Ltd.,Capital Goods,INE908D01010,nifty_microcap_250
SHARDACROP,Sharda Cropchem Ltd.,Chemicals,INE221J01015,nifty_microcap_250
SHAREINDIA,Share India Securities Ltd.,Financial Services,INE932X01026,nifty_microcap_250
SHILPAMED,Shilpa Medicare Ltd.,Healthcare,INE790G01031,nifty_microcap_250
SHREECEM,Shree Cement Ltd.,Construction Materials,INE070A01015,nifty500_fresh
SHRIPISTON,Shriram Pistons & Rings Ltd.,Automobile and Auto Components,INE526E01018,nifty_microcap_250
SHRIRAMFIN,Shriram Finance Ltd.,Financial Services,INE721A01047,nifty500_fresh
SHYAMMETL,Shyam Metalics and Energy Ltd.,Capital Goods,INE810G01011,nifty500_fresh
SIEMENS,Siemens Ltd.,Capital Goods,INE003A01024,nifty500_fresh
SIGNATURE,Signatureglobal (India) Ltd.,Realty,INE903U01023,nifty500_fresh
SJVN,SJVN Ltd.,Power,INE002L01015,nifty500_fresh
SKFINDIA,SKF India Ltd.,Automobile and Auto Components,INE640A01023,nifty_microcap_250
SKFINDUS,SKF India (Industrial) Ltd.,Capital Goods,INE2J8701016,nifty_microcap_250
SKIPPER,Skipper Ltd.,Capital Goods,INE439E01022,nifty_microcap_250
SKYGOLD,SKY GOLD AND DIAMONDS Ltd.,Consumer Durables,INE01IU01018,nifty_microcap_250
SMARTWORKS,Smartworks Coworking Spaces Ltd.,Services,INE0NAZ01010,nifty_microcap_250
SMLMAH,SML Mahindra Ltd.,Capital Goods,INE294B01019,nifty_microcap_250
SOBHA,Sobha Ltd.,Realty,INE671H01015,nifty500_fresh
SOLARINDS,Solar Industries India Ltd.,Chemicals,INE343H01029,nifty500_fresh
SONACOMS,Sona BLW Precision Forgings Ltd.,Automobile and Auto Components,INE073K01018,nifty500_fresh
SONATSOFTW,Sonata Software Ltd.,Information Technology,INE269A01021,nifty500_fresh
SOUTHBANK,South Indian Bank Ltd.,Financial Services,INE683A01023,nifty_microcap_250
SPARC,Sun Pharma Advanced Research Company Ltd.,Healthcare,INE232I01014,nifty_microcap_250
SPLPETRO,Supreme Petrochem Ltd.,Chemicals,INE663A01033,nifty500_fresh
SRF,SRF Ltd.,Chemicals,INE647A01010,nifty500_fresh
STAR,Strides Pharma Science Ltd.,Healthcare,INE939A01011,nifty_microcap_250
STARCEMENT,Star Cement Ltd.,Construction Materials,INE460H01021,nifty_microcap_250
STARHEALTH,Star Health and Allied Insurance Company Ltd.,Financial Services,INE575P01011,nifty500_fresh
STLTECH,Sterlite Technologies Ltd.,Telecommunication,INE089C01029,nifty_microcap_250
STYL,Seshaasai Technologies Ltd.,Financial Services,INE04VU01023,nifty_microcap_250
STYRENIX,Styrenix Performance Materials Ltd.,Chemicals,INE189B01011,nifty_microcap_250
SUBROS,Subros Ltd.,Capital Goods,INE287B01021,nifty_microcap_250
SUDARSCHEM,Sudarshan Chemical Industries Ltd.,Chemicals,INE659A01023,nifty_microcap_250
SUDEEPPHRM,Sudeep Pharma Ltd.,Chemicals,INE0QPI01025,nifty_microcap_250
SUMICHEM,Sumitomo Chemical India Ltd.,Chemicals,INE258G01013,nifty500_fresh
SUNDARMFIN,Sundaram Finance Ltd.,Financial Services,INE660A01013,nifty500_fresh
SUNDRMFAST,Sundram Fasteners Ltd.,Automobile and Auto Components,INE387A01021,nse500_pre_2026_drop
SUNPHARMA,Sun Pharmaceutical Industries Ltd.,Healthcare,INE044A01036,nifty500_fresh
SUNTECK,Sunteck Realty Ltd.,Realty,INE805D01034,nifty_microcap_250
SUNTV,Sun TV Network Ltd.,Media Entertainment & Publication,INE424H01027,nifty500_fresh
SUPREMEIND,Supreme Industries Ltd.,Capital Goods,INE195A01028,nifty500_fresh
SUPRIYA,Supriya Lifescience Ltd.,Healthcare,INE07RO01027,nifty_microcap_250
SURYAROSNI,Surya Roshni Ltd.,Capital Goods,INE335A01020,nifty_microcap_250
SUZLON,Suzlon Energy Ltd.,Capital Goods,INE040H01021,nifty500_fresh
SWANCORP,Swan Corp Ltd.,Chemicals,INE665A01038,nifty500_fresh
SWIGGY,Swiggy Ltd.,Consumer Services,INE00H001014,nifty500_fresh
SWSOLAR,Sterling and Wilson Renewable Energy Ltd.,Construction,INE00M201021,nifty_microcap_250
SYNGENE,Syngene International Ltd.,Healthcare,INE398R01022,nifty500_fresh
SYRMA,Syrma SGS Technology Ltd.,Capital Goods,INE0DYJ01015,nifty500_fresh
TANLA,Tanla Platforms Ltd.,Information Technology,INE483C01032,nifty_microcap_250
TARC,TARC Ltd.,Realty,INE0EK901012,nifty_microcap_250
TARIL,Transformers And Rectifiers (India) Ltd.,Capital Goods,INE763I01026,nifty500_fresh
TATACAP,Tata Capital Ltd.,Financial Services,INE976I01016,nifty500_fresh
TATACHEM,Tata Chemicals Ltd.,Chemicals,INE092A01019,nifty500_fresh
TATACOMM,Tata Communications Ltd.,Telecommunication,INE151A01013,nifty500_fresh
TATACONSUM,Tata Consumer Products Ltd.,Fast Moving Consumer Goods,INE192A01025,nifty500_fresh
TATAELXSI,Tata Elxsi Ltd.,Information Technology,INE670A01012,nifty500_fresh
TATAINVEST,Tata Investment Corporation Ltd.,Financial Services,INE672A01026,nifty500_fresh
TATAPOWER,Tata Power Co. Ltd.,Power,INE245A01021,nifty500_fresh
TATASTEEL,Tata Steel Ltd.,Metals & Mining,INE081A01020,nifty500_fresh
TATATECH,Tata Technologies Ltd.,Information Technology,INE142M01025,nifty500_fresh
TBOTEK,TBO Tek Ltd.,Consumer Services,INE673O01025,nifty500_fresh
TCS,Tata Consultancy Services Ltd.,Information Technology,INE467B01029,nifty500_fresh
TDPOWERSYS,TD Power Systems Ltd.,Capital Goods,INE419M01027,nifty_microcap_250
TECHM,Tech Mahindra Ltd.,Information Technology,INE669C01036,nifty500_fresh
TECHNOE,Techno Electric & Engineering Company Ltd.,Construction,INE285K01026,nifty500_fresh
TEGA,Tega Industries Ltd.,Capital Goods,INE011K01018,nifty500_fresh
TEJASNET,Tejas Networks Ltd.,Telecommunication,INE010J01012,nifty500_fresh
TENNIND,Tenneco Clean Air India Ltd.,Automobile and Auto Components,INE19RI01016,nifty500_fresh
TEXRAIL,Texmaco Rail & Eng. Ltd.,Capital Goods,INE621L01012,nifty_microcap_250
THANGAMAYL,Thangamayil Jewellery Ltd.,Consumer Durables,INE085J01014,nifty_microcap_250
THELEELA,Leela Palaces Hotels & Resorts Ltd.,Consumer Services,INE0AQ201015,nifty500_fresh
THERMAX,Thermax Ltd.,Capital Goods,INE152A01029,nifty500_fresh
THOMASCOOK,Thomas Cook (India) Ltd.,Consumer Services,INE332A01027,nifty_microcap_250
THYROCARE,Thyrocare Technologies Ltd.,Healthcare,INE594H01019,nifty_microcap_250
TI,Tilaknagar Industries Ltd.,Fast Moving Consumer Goods,INE133E01013,nifty_microcap_250
TIINDIA,Tube Investments of India Ltd.,Automobile and Auto Components,INE974X01010,nifty500_fresh
TIMETECHNO,Time Technoplast Ltd.,Capital Goods,INE508G01029,nifty_microcap_250
TIMKEN,Timken India Ltd.,Capital Goods,INE325A01013,nifty500_fresh
TIPSMUSIC,Tips Music Ltd.,Media Entertainment & Publication,INE716B01029,nifty_microcap_250
TITAGARH,Titagarh Rail Systems Ltd.,Capital Goods,INE615H01020,nifty500_fresh
TITAN,Titan Company Ltd.,Consumer Durables,INE280A01028,nifty500_fresh
TMB,Tamilnad Mercantile Bank Ltd.,Financial Services,INE668A01016,nifty_microcap_250
TMCV,Tata Motors Ltd.,Capital Goods,INE1TAE01010,nifty500_fresh
TMPV,Tata Motors Passenger Vehicles Ltd.,Automobile and Auto Components,INE155A01022,nifty500_fresh
TORNTPHARM,Torrent Pharmaceuticals Ltd.,Healthcare,INE685A01028,nifty500_fresh
TORNTPOWER,Torrent Power Ltd.,Power,INE813H01021,nifty500_fresh
TRANSRAILL,Transrail Lighting Ltd.,Capital Goods,INE454P01035,nifty_microcap_250
TRAVELFOOD,Travel Food Services Ltd.,Consumer Services,INE103V01028,nifty500_fresh
TRENT,Trent Ltd.,Consumer Services,INE849A01020,nifty500_fresh
TRIDENT,Trident Ltd.,Textiles,INE064C01022,nifty500_fresh
TRITURBINE,Triveni Turbine Ltd.,Capital Goods,INE152M01016,nifty500_fresh
TRIVENI,Triveni Engineering & Industries Ltd.,Fast Moving Consumer Goods,INE256C01024,nifty_microcap_250
TSFINV,TSF Investments Ltd.,Financial Services,INE202Z01029,nifty_microcap_250
TTML,Tata Teleservices (Maharashtra) Ltd.,Telecommunication,INE517B01013,nifty500_fresh
TVSMOTOR,TVS Motor Company Ltd.,Automobile and Auto Components,INE494B01023,nifty500_fresh
TVSSCS,TVS Supply Chain Solutions Ltd.,Services,INE395N01027,nifty_microcap_250
UBL,United Breweries Ltd.,Fast Moving Consumer Goods,INE686F01025,nifty500_fresh
UCOBANK,UCO Bank,Financial Services,INE691A01018,nifty500_fresh
UJJIVANSFB,Ujjivan Small Finance Bank Ltd.,Financial Services,INE551W01018,nifty_microcap_250
ULTRACEMCO,UltraTech Cement Ltd.,Construction Materials,INE481G01011,nifty500_fresh
UNIONBANK,Union Bank of India,Financial Services,INE692A01016,nifty500_fresh
UNITDSPR,United Spirits Ltd.,Fast Moving Consumer Goods,INE854D01024,nifty500_fresh
UNOMINDA,UNO Minda Ltd.,Automobile and Auto Components,INE405E01023,nifty500_fresh
UPL,UPL Ltd.,Chemicals,INE628A01036,nifty500_fresh
URBANCO,Urban Company Ltd.,Consumer Services,INE0CAZ01013,nifty500_fresh
USHAMART,Usha Martin Ltd.,Capital Goods,INE228A01035,nifty500_fresh
UTIAMC,UTI Asset Management Company Ltd.,Financial Services,INE094J01016,nifty500_fresh
UTLSOLAR,Fujiyama Power Systems Ltd.,Capital Goods,INE12UR01024,nifty_microcap_250
V2RETAIL,V2 Retail Ltd.,Consumer Services,INE945H01021,nifty_microcap_250
VAIBHAVGBL,Vaibhav Global Ltd.,Consumer Durables,INE884A01027,nifty_microcap_250
VARROC,Varroc Engineering Ltd.,Automobile and Auto Components,INE665L01035,nifty_microcap_250
VBL,Varun Beverages Ltd.,Fast Moving Consumer Goods,INE200M01039,nifty500_fresh
VEDL,Vedanta Ltd.,Metals & Mining,INE205A01025,nifty500_fresh
VENTIVE,Ventive Hospitality Ltd.,Consumer Services,INE781S01027,nse500_pre_2026_drop
VGUARD,V-Guard Industries Ltd.,Consumer Durables,INE951I01027,nifty_microcap_250
VIJAYA,Vijaya Diagnostic Centre Ltd.,Healthcare,INE043W01024,nifty500_fresh
VIKRAMSOLR,Vikram Solar Ltd.,Capital Goods,INE078V01014,nifty_microcap_250
VIPIND,V.I.P. Industries Ltd.,Consumer Durables,INE054A01027,nifty_microcap_250
VIYASH,Viyash Scientific Ltd.,Healthcare,INE807F01027,nifty_microcap_250
VMART,V-Mart Retail Ltd.,Consumer Services,INE665J01013,nifty_microcap_250
VMM,Vishal Mega Mart Ltd.,Consumer Services,INE01EA01019,nifty500_fresh
VOLTAMP,Voltamp Transformers Ltd,Capital Goods,INE540H01012,nifty_microcap_250
VOLTAS,Voltas Ltd.,Consumer Durables,INE226A01021,nifty500_fresh
VTL,Vardhman Textiles Ltd.,Textiles,INE825A01020,nifty500_fresh
WAAREEENER,Waaree Energies Ltd.,Capital Goods,INE377N01017,nifty500_fresh
WAAREERTL,Waaree Renewable Technologies Ltd.,Capital Goods,INE299N01021,nifty_microcap_250
WABAG,Va Tech Wabag Ltd.,Utilities,INE956G01038,nifty_microcap_250
WAKEFIT,Wakefit Innovations Ltd.,Consumer Durables,INE0E7301029,nifty_microcap_250
WEBELSOLAR,Websol Energy System Ltd.,Capital Goods,INE855C01023,nifty_microcap_250
WELCORP,Welspun Corp Ltd.,Capital Goods,INE191B01025,nifty500_fresh
WELENT,Welspun Enterprises Ltd.,Construction,INE625G01013,nifty_microcap_250
WELSPUNLIV,Welspun Living Ltd.,Textiles,INE192B01031,nifty500_fresh
WESTLIFE,Westlife Foodworld Ltd.,Consumer Services,INE274F01020,nifty_microcap_250
WEWORK,WeWork India Management Ltd.,Services,INE085001019,nifty_microcap_250
WHIRLPOOL,Whirlpool of India Ltd.,Consumer Durables,INE716A01013,nifty500_fresh
WIPRO,Wipro Ltd.,Information Technology,INE075A01022,nifty500_fresh
WOCKPHARMA,Wockhardt Ltd.,Healthcare,INE049B01025,nifty500_fresh
YATHARTH,Yatharth Hospital & Trauma Care Services Ltd.,Healthcare,INE0JO301016,nifty_microcap_250
YESBANK,Yes Bank Ltd.,Financial Services,INE528G01035,nifty500_fresh
ZAGGLE,Zaggle Prepaid Ocean Services Ltd.,Information Technology,INE07K301024,nifty_microcap_250
ZEEL,Zee Entertainment Enterprises Ltd.,Media Entertainment & Publication,INE256A01028,nifty500_fresh
ZENSARTECH,Zensar Technolgies Ltd.,Information Technology,INE520A01027,nifty500_fresh
ZENTEC,Zen Technologies Ltd.,Capital Goods,INE251B01027,nifty500_fresh
ZFCVINDIA,ZF Commercial Vehicle Control Systems India Ltd.,Automobile and Auto Components,INE342J01019,nifty500_fresh
ZYDUSLIFE,Zydus Lifesciences Ltd.,Healthcare,INE010B01027,nifty500_fresh
ZYDUSWELL,Zydus Wellness Ltd.,Fast Moving Consumer Goods,INE768C01028,nifty500_fresh
